year,month,naics,description,customs_value,calculated_duties
2025,1,111,AGRICULTURAL PRODUCTS,6002400599,15339684
2025,1,112,LIVESTOCK & LIVESTOCK PRODUCTS,1224578871,492593
2025,1,113,"FORESTRY PRODUCTS, NESOI",327357572,5014623
2025,1,114,"FISH, FRESH/CHILLED/FROZEN & OTHER MARINE PRODUCTS",1091264017,20590859
2025,1,115,PRODUCTS SUPPORTING AGRICULTURE AND FORESTRY ,13180096,319593
2025,1,211,OIL & GAS,14638290906,11837122
2025,1,212,MINERALS & ORES,541689960,1675614
2025,1,311,FOOD & KINDRED PRODUCTS,11112515862,288410551
2025,1,312,BEVERAGES & TOBACCO PRODUCTS,2667702286,10914507
2025,1,313,TEXTILES & FABRICS,748667834,50818023
2025,1,314,TEXTILE MILL PRODUCTS,1978696791,175730125
2025,1,315,APPAREL & ACCESSORIES,7718580352,1179136775
2025,1,316,LEATHER & ALLIED PRODUCTS,3485569668,428442566
2025,1,321,WOOD PRODUCTS,2181087118,54176209
2025,1,322,PAPER,2343043426,55093543
2025,1,323,"PRINTED MATTER AND RELATED PRODUCTS, NESOI",473849200,9807545
2025,1,324,PETROLEUM & COAL PRODUCTS,5072877626,19237350
2025,1,325,CHEMICALS,40799969578,384906422
2025,1,326,PLASTICS & RUBBER PRODUCTS,6634308196,348396980
2025,1,327,NONMETALLIC MINERAL PRODUCTS,2405056939,153828193
2025,1,331,PRIMARY METAL MFG,43970324290,234155291
2025,1,332,"FABRICATED METAL PRODUCTS, NESOI",8405545128,562536010
2025,1,333,"MACHINERY, EXCEPT ELECTRICAL",20393883014,631930185
2025,1,334,COMPUTER & ELECTRONIC PRODUCTS,51050724343,391943447
2025,1,335,"ELECTRICAL EQUIPMENT, APPLIANCES & COMPONENTS",16560792378,829052237
2025,1,336,TRANSPORTATION EQUIPMENT,38388394644,743440888
2025,1,337,FURNITURE & FIXTURES,4040143009,232214084
2025,1,339,MISCELLANEOUS MANUFACTURED COMMODITIES,12826733327,240806537
2025,1,910,WASTE AND SCRAP,588835213,421217
2025,1,930,USED OR SECOND-HAND MERCHANDISE,1831585044,6524843
2025,1,980,GOODS RETURNED (EXPORTS FOR CANADA ONLY),9034992733,472194
2025,1,990,OTHER SPECIAL CLASSIFICATION PROVISIONS,2601606207,105978
2025,2,111,AGRICULTURAL PRODUCTS,5243875923,12569235
2025,2,112,LIVESTOCK & LIVESTOCK PRODUCTS,1150661153,620719
2025,2,113,"FORESTRY PRODUCTS, NESOI",246151354,2776687
2025,2,114,"FISH, FRESH/CHILLED/FROZEN & OTHER MARINE PRODUCTS",932931545,15417774
2025,2,115,PRODUCTS SUPPORTING AGRICULTURE AND FORESTRY ,9134639,187886
2025,2,211,OIL & GAS,13087814062,10099380
2025,2,212,MINERALS & ORES,494511132,771754
2025,2,311,FOOD & KINDRED PRODUCTS,9298628547,256186734
2025,2,312,BEVERAGES & TOBACCO PRODUCTS,2423598924,10197753
2025,2,313,TEXTILES & FABRICS,668635114,43005829
2025,2,314,TEXTILE MILL PRODUCTS,1869753323,169221413
2025,2,315,APPAREL & ACCESSORIES,6665300283,999330745
2025,2,316,LEATHER & ALLIED PRODUCTS,3460567362,431727866
2025,2,321,WOOD PRODUCTS,1935136241,45175223
2025,2,322,PAPER,2046505323,50439270
2025,2,323,"PRINTED MATTER AND RELATED PRODUCTS, NESOI",428229049,10244022
2025,2,324,PETROLEUM & COAL PRODUCTS,4567595368,21291709
2025,2,325,CHEMICALS,38710184845,330523792
2025,2,326,PLASTICS & RUBBER PRODUCTS,6102902777,315173387
2025,2,327,NONMETALLIC MINERAL PRODUCTS,2216156095,139311304
2025,2,331,PRIMARY METAL MFG,35570799344,210096886
2025,2,332,"FABRICATED METAL PRODUCTS, NESOI",7614421921,491380297
2025,2,333,"MACHINERY, EXCEPT ELECTRICAL",19092570446,590402861
2025,2,334,COMPUTER & ELECTRONIC PRODUCTS,49434757746,675918912
2025,2,335,"ELECTRICAL EQUIPMENT, APPLIANCES & COMPONENTS",15351028519,770696032
2025,2,336,TRANSPORTATION EQUIPMENT,36202626472,677299320
2025,2,337,FURNITURE & FIXTURES,3641960720,216457664
2025,2,339,MISCELLANEOUS MANUFACTURED COMMODITIES,11442933371,254561766
2025,2,910,WASTE AND SCRAP,639725519,268849
2025,2,930,USED OR SECOND-HAND MERCHANDISE,1054083422,5049003
2025,2,980,GOODS RETURNED (EXPORTS FOR CANADA ONLY),8158040051,926289
2025,2,990,OTHER SPECIAL CLASSIFICATION PROVISIONS,2594861487,89471
2025,3,111,AGRICULTURAL PRODUCTS,5618007805,41978011
2025,3,112,LIVESTOCK & LIVESTOCK PRODUCTS,1383327774,4176959
2025,3,113,"FORESTRY PRODUCTS, NESOI",328410264,5503292
2025,3,114,"FISH, FRESH/CHILLED/FROZEN & OTHER MARINE PRODUCTS",963825231,22221401
2025,3,115,PRODUCTS SUPPORTING AGRICULTURE AND FORESTRY ,10407167,640028
2025,3,211,OIL & GAS,12479308925,108414876
2025,3,212,MINERALS & ORES,626443817,2315113
2025,3,311,FOOD & KINDRED PRODUCTS,11128609934,393710159
2025,3,312,BEVERAGES & TOBACCO PRODUCTS,2732975829,18015478
2025,3,313,TEXTILES & FABRICS,759405217,56558499
2025,3,314,TEXTILE MILL PRODUCTS,1867650442,255112035
2025,3,315,APPAREL & ACCESSORIES,6897205753,1105767387
2025,3,316,LEATHER & ALLIED PRODUCTS,3475115542,533180783
2025,3,321,WOOD PRODUCTS,2402356640,64603402
2025,3,322,PAPER,2426387034,77849691
2025,3,323,"PRINTED MATTER AND RELATED PRODUCTS, NESOI",463430579,17631437
2025,3,324,PETROLEUM & COAL PRODUCTS,5575666259,20466994
2025,3,325,CHEMICALS,63365571592,596868719
2025,3,326,PLASTICS & RUBBER PRODUCTS,6757617448,536807567
2025,3,327,NONMETALLIC MINERAL PRODUCTS,2360043104,199947652
2025,3,331,PRIMARY METAL MFG,28236937467,463787429
2025,3,332,"FABRICATED METAL PRODUCTS, NESOI",8084195015,1053140541
2025,3,333,"MACHINERY, EXCEPT ELECTRICAL",22105165628,1279940062
2025,3,334,COMPUTER & ELECTRONIC PRODUCTS,56134026336,1879098419
2025,3,335,"ELECTRICAL EQUIPMENT, APPLIANCES & COMPONENTS",16796388395,1459300806
2025,3,336,TRANSPORTATION EQUIPMENT,46245210010,1739735626
2025,3,337,FURNITURE & FIXTURES,3672704082,346481892
2025,3,339,MISCELLANEOUS MANUFACTURED COMMODITIES,12531863734,687096243
2025,3,910,WASTE AND SCRAP,835023161,3485851
2025,3,930,USED OR SECOND-HAND MERCHANDISE,1557956845,10296341
2025,3,980,GOODS RETURNED (EXPORTS FOR CANADA ONLY),9700461161,5892287
2025,3,990,OTHER SPECIAL CLASSIFICATION PROVISIONS,2880163147,373512
2025,4,111,AGRICULTURAL PRODUCTS,5126448576,103525233
2025,4,112,LIVESTOCK & LIVESTOCK PRODUCTS,1113854431,28672716
2025,4,113,"FORESTRY PRODUCTS, NESOI",305079734,14987150
2025,4,114,"FISH, FRESH/CHILLED/FROZEN & OTHER MARINE PRODUCTS",1208292121,35879850
2025,4,115,PRODUCTS SUPPORTING AGRICULTURE AND FORESTRY ,8670756,478616
2025,4,211,OIL & GAS,11863737736,9133428
2025,4,212,MINERALS & ORES,487018730,3417089
2025,4,311,FOOD & KINDRED PRODUCTS,10231680493,430428184
2025,4,312,BEVERAGES & TOBACCO PRODUCTS,2549964306,48308184
2025,4,313,TEXTILES & FABRICS,730089803,76212076
2025,4,314,TEXTILE MILL PRODUCTS,1883905877,341364975
2025,4,315,APPAREL & ACCESSORIES,6662322110,1350917490
2025,4,316,LEATHER & ALLIED PRODUCTS,3599215620,687337683
2025,4,321,WOOD PRODUCTS,2124798212,75440861
2025,4,322,PAPER,2087174756,109220982
2025,4,323,"PRINTED MATTER AND RELATED PRODUCTS, NESOI",439526141,29009758
2025,4,324,PETROLEUM & COAL PRODUCTS,5064855979,15947946
2025,4,325,CHEMICALS,36441118159,769094435
2025,4,326,PLASTICS & RUBBER PRODUCTS,6574588893,698261150
2025,4,327,NONMETALLIC MINERAL PRODUCTS,2314247338,247757486
2025,4,331,PRIMARY METAL MFG,11476644267,854885330
2025,4,332,"FABRICATED METAL PRODUCTS, NESOI",7576986047,1565498409
2025,4,333,"MACHINERY, EXCEPT ELECTRICAL",20974390547,1905356974
2025,4,334,COMPUTER & ELECTRONIC PRODUCTS,51522923718,2131956810
2025,4,335,"ELECTRICAL EQUIPMENT, APPLIANCES & COMPONENTS",17247557390,2208985533
2025,4,336,TRANSPORTATION EQUIPMENT,34167282425,4871726380
2025,4,337,FURNITURE & FIXTURES,3578533166,450081241
2025,4,339,MISCELLANEOUS MANUFACTURED COMMODITIES,11091105148,1150572763
2025,4,910,WASTE AND SCRAP,716740128,4069755
2025,4,930,USED OR SECOND-HAND MERCHANDISE,1637396382,13233830
2025,4,980,GOODS RETURNED (EXPORTS FOR CANADA ONLY),9149223609,7388780
2025,4,990,OTHER SPECIAL CLASSIFICATION PROVISIONS,2791409964,1323491
2025,5,111,AGRICULTURAL PRODUCTS,4778918456,204813798
2025,5,112,LIVESTOCK & LIVESTOCK PRODUCTS,1053322829,57815074
2025,5,113,"FORESTRY PRODUCTS, NESOI",309060272,7705659
2025,5,114,"FISH, FRESH/CHILLED/FROZEN & OTHER MARINE PRODUCTS",1422720862,71629401
2025,5,115,PRODUCTS SUPPORTING AGRICULTURE AND FORESTRY ,6636326,476900
2025,5,211,OIL & GAS,12023423928,5286267
2025,5,212,MINERALS & ORES,457165489,14298943
2025,5,311,FOOD & KINDRED PRODUCTS,10562713923,795017415
2025,5,312,BEVERAGES & TOBACCO PRODUCTS,2506839178,118533055
2025,5,313,TEXTILES & FABRICS,708959805,105085160
2025,5,314,TEXTILE MILL PRODUCTS,1633097150,391720678
2025,5,315,APPAREL & ACCESSORIES,5837462602,1392252732
2025,5,316,LEATHER & ALLIED PRODUCTS,2828518147,694949846
2025,5,321,WOOD PRODUCTS,2166795260,105464800
2025,5,322,PAPER,2093171518,182387867
2025,5,323,"PRINTED MATTER AND RELATED PRODUCTS, NESOI",492238357,40950368
2025,5,324,PETROLEUM & COAL PRODUCTS,5612475474,22390482
2025,5,325,CHEMICALS,36935139370,1018998105
2025,5,326,PLASTICS & RUBBER PRODUCTS,6172381586,1046657091
2025,5,327,NONMETALLIC MINERAL PRODUCTS,2274294342,374171378
2025,5,331,PRIMARY METAL MFG,10541595539,947535104
2025,5,332,"FABRICATED METAL PRODUCTS, NESOI",7403569734,1793476973
2025,5,333,"MACHINERY, EXCEPT ELECTRICAL",19599369881,2502003493
2025,5,334,COMPUTER & ELECTRONIC PRODUCTS,54173864484,2053976139
2025,5,335,"ELECTRICAL EQUIPMENT, APPLIANCES & COMPONENTS",15826163269,2510884000
2025,5,336,TRANSPORTATION EQUIPMENT,38560038292,6966468593
2025,5,337,FURNITURE & FIXTURES,3256814511,532024393
2025,5,339,MISCELLANEOUS MANUFACTURED COMMODITIES,9779716951,1379688298
2025,5,910,WASTE AND SCRAP,733708215,9406086
2025,5,930,USED OR SECOND-HAND MERCHANDISE,1098863310,12208067
2025,5,980,GOODS RETURNED (EXPORTS FOR CANADA ONLY),9487593097,6646477
2025,5,990,OTHER SPECIAL CLASSIFICATION PROVISIONS,3067396734,1162441
2025,6,111,AGRICULTURAL PRODUCTS,4178755355,226132150
2025,6,112,LIVESTOCK & LIVESTOCK PRODUCTS,1055171505,74905375
2025,6,113,"FORESTRY PRODUCTS, NESOI",234770842,12971456
2025,6,114,"FISH, FRESH/CHILLED/FROZEN & OTHER MARINE PRODUCTS",1457192041,82279120
2025,6,115,PRODUCTS SUPPORTING AGRICULTURE AND FORESTRY ,6976261,354396
2025,6,211,OIL & GAS,11193081638,4856478
2025,6,212,MINERALS & ORES,454722813,14152857
2025,6,311,FOOD & KINDRED PRODUCTS,10092403334,874600769
2025,6,312,BEVERAGES & TOBACCO PRODUCTS,2464334223,147637676
2025,6,313,TEXTILES & FABRICS,670523676,101348026
2025,6,314,TEXTILE MILL PRODUCTS,1548888096,349579301
2025,6,315,APPAREL & ACCESSORIES,6737146624,1707697846
2025,6,316,LEATHER & ALLIED PRODUCTS,3189032894,758426739
2025,6,321,WOOD PRODUCTS,2020992979,93985989
2025,6,322,PAPER,2037341252,176687348
2025,6,323,"PRINTED MATTER AND RELATED PRODUCTS, NESOI",482117941,33761086
2025,6,324,PETROLEUM & COAL PRODUCTS,5617074679,28575969
2025,6,325,CHEMICALS,26853175394,990323096
2025,6,326,PLASTICS & RUBBER PRODUCTS,5921290423,882348612
2025,6,327,NONMETALLIC MINERAL PRODUCTS,2244905381,329915883
2025,6,331,PRIMARY METAL MFG,9779540308,1361099971
2025,6,332,"FABRICATED METAL PRODUCTS, NESOI",7025567701,1854702344
2025,6,333,"MACHINERY, EXCEPT ELECTRICAL",19277441337,2323218306
2025,6,334,COMPUTER & ELECTRONIC PRODUCTS,55354399520,1970176396
2025,6,335,"ELECTRICAL EQUIPMENT, APPLIANCES & COMPONENTS",16145583358,2238688864
2025,6,336,TRANSPORTATION EQUIPMENT,35632790732,6268965088
2025,6,337,FURNITURE & FIXTURES,3143269464,507508557
2025,6,339,MISCELLANEOUS MANUFACTURED COMMODITIES,10042668672,1236855734
2025,6,910,WASTE AND SCRAP,675468184,6349757
2025,6,930,USED OR SECOND-HAND MERCHANDISE,664225967,16288689
2025,6,980,GOODS RETURNED (EXPORTS FOR CANADA ONLY),9125025715,9781600
2025,6,990,OTHER SPECIAL CLASSIFICATION PROVISIONS,2994321654,1563123
2025,7,111,AGRICULTURAL PRODUCTS,3942555984,226500563
2025,7,112,LIVESTOCK & LIVESTOCK PRODUCTS,1080000491,75313363
2025,7,113,"FORESTRY PRODUCTS, NESOI",312933622,19103839
2025,7,114,"FISH, FRESH/CHILLED/FROZEN & OTHER MARINE PRODUCTS",1361824064,103484863
2025,7,115,PRODUCTS SUPPORTING AGRICULTURE AND FORESTRY ,11625949,1129181
2025,7,211,OIL & GAS,12743538200,1940821
2025,7,212,MINERALS & ORES,600655129,12297997
2025,7,311,FOOD & KINDRED PRODUCTS,10949104435,1018993931
2025,7,312,BEVERAGES & TOBACCO PRODUCTS,2510328732,143866852
2025,7,313,TEXTILES & FABRICS,769867181,133242270
2025,7,314,TEXTILE MILL PRODUCTS,1879296602,468638439
2025,7,315,APPAREL & ACCESSORIES,7980842445,2110474568
2025,7,316,LEATHER & ALLIED PRODUCTS,3508868518,859812906
2025,7,321,WOOD PRODUCTS,2272227987,120523249
2025,7,322,PAPER,2172578640,204754949
2025,7,323,"PRINTED MATTER AND RELATED PRODUCTS, NESOI",548413912,39745666
2025,7,324,PETROLEUM & COAL PRODUCTS,5019333014,19583606
2025,7,325,CHEMICALS,27609793663,1097880536
2025,7,326,PLASTICS & RUBBER PRODUCTS,6834142768,1145213730
2025,7,327,NONMETALLIC MINERAL PRODUCTS,2590772187,446837165
2025,7,331,PRIMARY METAL MFG,21007617894,1438640014
2025,7,332,"FABRICATED METAL PRODUCTS, NESOI",8013737506,2286737149
2025,7,333,"MACHINERY, EXCEPT ELECTRICAL",21441559930,2900221641
2025,7,334,COMPUTER & ELECTRONIC PRODUCTS,59995339825,2123763868
2025,7,335,"ELECTRICAL EQUIPMENT, APPLIANCES & COMPONENTS",17867033171,2811396594
2025,7,336,TRANSPORTATION EQUIPMENT,34911267648,5885932320
2025,7,337,FURNITURE & FIXTURES,3412325526,634714567
2025,7,339,MISCELLANEOUS MANUFACTURED COMMODITIES,12148322338,1713844502
2025,7,910,WASTE AND SCRAP,713785519,6512480
2025,7,930,USED OR SECOND-HAND MERCHANDISE,809803515,22753217
2025,7,980,GOODS RETURNED (EXPORTS FOR CANADA ONLY),9729565329,9642393
2025,7,990,OTHER SPECIAL CLASSIFICATION PROVISIONS,3404455684,1543094
2025,8,111,AGRICULTURAL PRODUCTS,3598367693,212529321
2025,8,112,LIVESTOCK & LIVESTOCK PRODUCTS,942071771,76068513
2025,8,113,"FORESTRY PRODUCTS, NESOI",256945694,16485596
2025,8,114,"FISH, FRESH/CHILLED/FROZEN & OTHER MARINE PRODUCTS",992319232,96625294
2025,8,115,PRODUCTS SUPPORTING AGRICULTURE AND FORESTRY ,7129349,631536
2025,8,211,OIL & GAS,11916279868,727681
2025,8,212,MINERALS & ORES,500806800,10135702
2025,8,311,FOOD & KINDRED PRODUCTS,9577502615,845112844
2025,8,312,BEVERAGES & TOBACCO PRODUCTS,2109341217,130407363
2025,8,313,TEXTILES & FABRICS,704944658,123094299
2025,8,314,TEXTILE MILL PRODUCTS,1873027511,459386215
2025,8,315,APPAREL & ACCESSORIES,7648476250,2083222681
2025,8,316,LEATHER & ALLIED PRODUCTS,3461702902,848509944
2025,8,321,WOOD PRODUCTS,1858996482,105559535
2025,8,322,PAPER,2131968608,204679895
2025,8,323,"PRINTED MATTER AND RELATED PRODUCTS, NESOI",499208709,34639633
2025,8,324,PETROLEUM & COAL PRODUCTS,5332037193,13588291
2025,8,325,CHEMICALS,24178280292,990621565
2025,8,326,PLASTICS & RUBBER PRODUCTS,6355786611,1089127556
2025,8,327,NONMETALLIC MINERAL PRODUCTS,2404556055,414849491
2025,8,331,PRIMARY METAL MFG,8998264945,1438770125
2025,8,332,"FABRICATED METAL PRODUCTS, NESOI",7170750299,2114164015
2025,8,333,"MACHINERY, EXCEPT ELECTRICAL",18626124686,2898447600
2025,8,334,COMPUTER & ELECTRONIC PRODUCTS,57376787313,2093479704
2025,8,335,"ELECTRICAL EQUIPMENT, APPLIANCES & COMPONENTS",16347077849,2787582510
2025,8,336,TRANSPORTATION EQUIPMENT,35403558224,5870874378
2025,8,337,FURNITURE & FIXTURES,3175924027,606233766
2025,8,339,MISCELLANEOUS MANUFACTURED COMMODITIES,10980279396,1674005387
2025,8,910,WASTE AND SCRAP,643668052,6017652
2025,8,930,USED OR SECOND-HAND MERCHANDISE,885228615,11845405
2025,8,980,GOODS RETURNED (EXPORTS FOR CANADA ONLY),9293275743,11406514
2025,8,990,OTHER SPECIAL CLASSIFICATION PROVISIONS,3184694031,1250841
2025,9,111,AGRICULTURAL PRODUCTS,3598418845,300030681
2025,9,112,LIVESTOCK & LIVESTOCK PRODUCTS,1010595080,117993041
2025,9,113,"FORESTRY PRODUCTS, NESOI",209572430,15361526
2025,9,114,"FISH, FRESH/CHILLED/FROZEN & OTHER MARINE PRODUCTS",965062788,118048515
2025,9,115,PRODUCTS SUPPORTING AGRICULTURE AND FORESTRY ,7848135,444359
2025,9,211,OIL & GAS,11797871212,350982
2025,9,212,MINERALS & ORES,503395039,13032359
2025,9,311,FOOD & KINDRED PRODUCTS,9637199854,1021523352
2025,9,312,BEVERAGES & TOBACCO PRODUCTS,2015923512,150611828
2025,9,313,TEXTILES & FABRICS,653580255,129237017
2025,9,314,TEXTILE MILL PRODUCTS,1800299273,522350950
2025,9,315,APPAREL & ACCESSORIES,7702031555,2342781479
2025,9,316,LEATHER & ALLIED PRODUCTS,3211686237,924784860
2025,9,321,WOOD PRODUCTS,1758622927,128607375
2025,9,322,PAPER,2036016878,210138140
2025,9,323,"PRINTED MATTER AND RELATED PRODUCTS, NESOI",547248821,39837040
2025,9,324,PETROLEUM & COAL PRODUCTS,5496758985,12871299
2025,9,325,CHEMICALS,40654879969,1144724899
2025,9,326,PLASTICS & RUBBER PRODUCTS,6046686684,1119422890
2025,9,327,NONMETALLIC MINERAL PRODUCTS,2261244548,426094711
2025,9,331,PRIMARY METAL MFG,10937439789,1396751648
2025,9,332,"FABRICATED METAL PRODUCTS, NESOI",7052181370,2189869986
2025,9,333,"MACHINERY, EXCEPT ELECTRICAL",17408312806,3331633648
2025,9,334,COMPUTER & ELECTRONIC PRODUCTS,61154626820,3054998868
2025,9,335,"ELECTRICAL EQUIPMENT, APPLIANCES & COMPONENTS",15004181205,2886649038
2025,9,336,TRANSPORTATION EQUIPMENT,35378962486,5461526989
2025,9,337,FURNITURE & FIXTURES,3024834760,669488071
2025,9,339,MISCELLANEOUS MANUFACTURED COMMODITIES,10743763601,1778681257
2025,9,910,WASTE AND SCRAP,666028903,5351701
2025,9,930,USED OR SECOND-HAND MERCHANDISE,1075394523,13278492
2025,9,980,GOODS RETURNED (EXPORTS FOR CANADA ONLY),9644568411,11692236
2025,9,990,OTHER SPECIAL CLASSIFICATION PROVISIONS,3305278188,2125110
2025,10,111,AGRICULTURAL PRODUCTS,3780419190,332714091
2025,10,112,LIVESTOCK & LIVESTOCK PRODUCTS,995035960,117119577
2025,10,113,"FORESTRY PRODUCTS, NESOI",159814300,14253795
2025,10,114,"FISH, FRESH/CHILLED/FROZEN & OTHER MARINE PRODUCTS",921698591,126190484
2025,10,115,PRODUCTS SUPPORTING AGRICULTURE AND FORESTRY ,9814903,751825
2025,10,211,OIL & GAS,11179009548,3960703
2025,10,212,MINERALS & ORES,641309811,11742053
2025,10,311,FOOD & KINDRED PRODUCTS,9731447964,1095413937
2025,10,312,BEVERAGES & TOBACCO PRODUCTS,2074530568,153679206
2025,10,313,TEXTILES & FABRICS,667926739,145085739
2025,10,314,TEXTILE MILL PRODUCTS,1701068411,562695722
2025,10,315,APPAREL & ACCESSORIES,6568129799,2153833425
2025,10,316,LEATHER & ALLIED PRODUCTS,3019365493,877848411
2025,10,321,WOOD PRODUCTS,1727617486,180396363
2025,10,322,PAPER,2053421339,222851733
2025,10,323,"PRINTED MATTER AND RELATED PRODUCTS, NESOI",540480138,41789385
2025,10,324,PETROLEUM & COAL PRODUCTS,4831775571,18925359
2025,10,325,CHEMICALS,25163851906,1246833406
2025,10,326,PLASTICS & RUBBER PRODUCTS,5990274728,1114917258
2025,10,327,NONMETALLIC MINERAL PRODUCTS,2216953819,427918930
2025,10,331,PRIMARY METAL MFG,10070831386,1507718405
2025,10,332,"FABRICATED METAL PRODUCTS, NESOI",7078449195,2184672578
2025,10,333,"MACHINERY, EXCEPT ELECTRICAL",18269557247,3589184794
2025,10,334,COMPUTER & ELECTRONIC PRODUCTS,72648868049,3112666847
2025,10,335,"ELECTRICAL EQUIPMENT, APPLIANCES & COMPONENTS",15519341143,3057070528
2025,10,336,TRANSPORTATION EQUIPMENT,37238986588,5093471006
2025,10,337,FURNITURE & FIXTURES,2928443061,737789637
2025,10,339,MISCELLANEOUS MANUFACTURED COMMODITIES,11427351000,1866092023
2025,10,910,WASTE AND SCRAP,715937563,5552589
2025,10,930,USED OR SECOND-HAND MERCHANDISE,2049249726,15087820
2025,10,980,GOODS RETURNED (EXPORTS FOR CANADA ONLY),9810960951,7962521
2025,10,990,OTHER SPECIAL CLASSIFICATION PROVISIONS,3540581992,2737069
2025,11,111,AGRICULTURAL PRODUCTS,3866679023,187936534
2025,11,112,LIVESTOCK & LIVESTOCK PRODUCTS,962485997,131539534
2025,11,113,"FORESTRY PRODUCTS, NESOI",235935901,16613036
2025,11,114,"FISH, FRESH/CHILLED/FROZEN & OTHER MARINE PRODUCTS",939165114,134160090
2025,11,115,PRODUCTS SUPPORTING AGRICULTURE AND FORESTRY ,10453745,517300
2025,11,211,OIL & GAS,9925917820,327412
2025,11,212,MINERALS & ORES,455137853,12632183
2025,11,311,FOOD & KINDRED PRODUCTS,9397252891,926548291
2025,11,312,BEVERAGES & TOBACCO PRODUCTS,1956305991,158474164
2025,11,313,TEXTILES & FABRICS,616418877,125332941
2025,11,314,TEXTILE MILL PRODUCTS,1514468980,472882819
2025,11,315,APPAREL & ACCESSORIES,5508655355,1737796473
2025,11,316,LEATHER & ALLIED PRODUCTS,2883227713,806084907
2025,11,321,WOOD PRODUCTS,1593128079,161613918
2025,11,322,PAPER,1950543736,195255452
2025,11,323,"PRINTED MATTER AND RELATED PRODUCTS, NESOI",461895943,29971867
2025,11,324,PETROLEUM & COAL PRODUCTS,4100907032,12023424
2025,11,325,CHEMICALS,24973885918,1029423241
2025,11,326,PLASTICS & RUBBER PRODUCTS,5708456835,998453399
2025,11,327,NONMETALLIC MINERAL PRODUCTS,2067556115,377601826
2025,11,331,PRIMARY METAL MFG,7983464704,1456782677
2025,11,332,"FABRICATED METAL PRODUCTS, NESOI",6277989581,1809896053
2025,11,333,"MACHINERY, EXCEPT ELECTRICAL",17453964613,3129222128
2025,11,334,COMPUTER & ELECTRONIC PRODUCTS,68049096337,2404661889
2025,11,335,"ELECTRICAL EQUIPMENT, APPLIANCES & COMPONENTS",14582929751,2708137473
2025,11,336,TRANSPORTATION EQUIPMENT,35077111394,4634955266
2025,11,337,FURNITURE & FIXTURES,2871828550,577549825
2025,11,339,MISCELLANEOUS MANUFACTURED COMMODITIES,10063377809,1489697815
2025,11,910,WASTE AND SCRAP,667197235,4492985
2025,11,930,USED OR SECOND-HAND MERCHANDISE,2213806543,17098263
2025,11,980,GOODS RETURNED (EXPORTS FOR CANADA ONLY),10030621547,7083346
2025,11,990,OTHER SPECIAL CLASSIFICATION PROVISIONS,3408874307,2245246
2025,12,111,AGRICULTURAL PRODUCTS,4511159290,142555733
2025,12,112,LIVESTOCK & LIVESTOCK PRODUCTS,1005745548,135371420
2025,12,113,"FORESTRY PRODUCTS, NESOI",198944697,15193683
2025,12,114,"FISH, FRESH/CHILLED/FROZEN & OTHER MARINE PRODUCTS",978638878,130522142
2025,12,115,PRODUCTS SUPPORTING AGRICULTURE AND FORESTRY ,7852341,43167
2025,12,211,OIL & GAS,12553965167,238759
2025,12,212,MINERALS & ORES,457095551,12607385
2025,12,311,FOOD & KINDRED PRODUCTS,9670732624,892381008
2025,12,312,BEVERAGES & TOBACCO PRODUCTS,1815226265,148551505
2025,12,313,TEXTILES & FABRICS,632455862,127157805
2025,12,314,TEXTILE MILL PRODUCTS,1526421917,461174975
2025,12,315,APPAREL & ACCESSORIES,6415706680,2014308573
2025,12,316,LEATHER & ALLIED PRODUCTS,3020448355,836867999
2025,12,321,WOOD PRODUCTS,1529408646,195679615
2025,12,322,PAPER,1891841544,184071311
2025,12,323,"PRINTED MATTER AND RELATED PRODUCTS, NESOI",467786580,26002376
2025,12,324,PETROLEUM & COAL PRODUCTS,4900206679,12686541
2025,12,325,CHEMICALS,25722642045,1026939658
2025,12,326,PLASTICS & RUBBER PRODUCTS,5794284382,1021714625
2025,12,327,NONMETALLIC MINERAL PRODUCTS,2157676652,389852097
2025,12,331,PRIMARY METAL MFG,12213640432,1489051180
2025,12,332,"FABRICATED METAL PRODUCTS, NESOI",6810395941,1940897036
2025,12,333,"MACHINERY, EXCEPT ELECTRICAL",19347497968,3267619229
2025,12,334,COMPUTER & ELECTRONIC PRODUCTS,71974428843,2273034331
2025,12,335,"ELECTRICAL EQUIPMENT, APPLIANCES & COMPONENTS",15340508127,2708264549
2025,12,336,TRANSPORTATION EQUIPMENT,37902478334,4619378922
2025,12,337,FURNITURE & FIXTURES,3152780963,750283842
2025,12,339,MISCELLANEOUS MANUFACTURED COMMODITIES,9918315778,1334811236
2025,12,910,WASTE AND SCRAP,737495303,5744520
2025,12,930,USED OR SECOND-HAND MERCHANDISE,1538280386,20251207
2025,12,980,GOODS RETURNED (EXPORTS FOR CANADA ONLY),10174951483,7726009
2025,12,990,OTHER SPECIAL CLASSIFICATION PROVISIONS,3814204087,2375871
