date,total_employment,I_t_2025,I_t_recent,I_t_2025_direct,I_t_recent_direct,n_industries,year,month,I_t_2025_pct,I_t_recent_pct,I_t_2025_direct_pct,I_t_recent_direct_pct
1996-01-01,17208,529.5531784427541,692.396925749038,109.4812369444443,155.66035619976196,18,1996,1,3.0773662159620763,4.023692037128301,0.6362229018156922,0.9045813354240002
1996-02-01,17230.4,530.3850587438842,693.392277246711,109.58641406866144,155.79554686198912,18,1996,2,3.0781935343572067,4.024237842689148,0.6360062103529891,0.9041899599660431
1996-03-01,17192.7,528.2196403775243,690.806386225084,109.31255503122715,155.41750704833885,18,1996,3,3.0723483826131113,4.018021522070902,0.6358079593736129,0.9039738205653495
1996-04-01,17203.3,528.8556538907294,691.3091477584851,109.33916332472454,155.44667084813582,18,1996,4,3.0741523654806313,4.018468245967257,0.6355708691049075,0.9035863517356311
1996-05-01,17222,529.3479462227785,691.9654810196095,109.47361680855944,155.64501162357104,18,1996,5,3.0736728964277003,4.0179159274161504,0.635661460971777,0.9037568901612533
1996-06-01,17226.1,529.280258535018,691.944628139443,109.49771226770311,155.69531981995988,18,1996,6,3.0725483918879957,4.016838565545557,0.6356500442218675,0.9038338324981273
1996-07-01,17221.9,529.0367685539994,691.5850448450784,109.45148626000883,155.61242046580168,18,1996,7,3.0718838720117954,4.015730232117701,0.6355366496147861,0.903572895358826
1996-08-01,17255.7,529.7131604400291,692.5095941151308,109.63384356967072,155.89943155343224,18,1996,8,3.06978656583059,4.013222263455732,0.6353485721800374,0.9034662839144876
1996-09-01,17251.6,529.567090782694,692.2891111663328,109.60629954771,155.85697645208194,18,1996,9,3.069669426503594,4.012897998831024,0.6353399078793271,0.9034349072090818
1996-10-01,17268.3,530.0384681428167,692.8703180511717,109.69076884624083,155.96881418717695,18,1996,10,3.0694305064355882,4.012382910021088,0.6352146351768317,0.9032088519841383
1996-11-01,17276.9,530.1186335530454,692.9601257603924,109.73575090812984,156.03445843867564,18,1996,11,3.068366625685426,4.01090546197751,0.6351588011051162,0.9031392115407025
1996-12-01,17284.2,530.2775139711447,693.1124967311206,109.76994877062405,156.076122252676,18,1996,12,3.0679899212641875,4.010093014030852,0.6350883973260206,0.9029988211932053
1997-01-01,17297,530.6257757918919,693.5315221743014,109.85194305973985,156.18807022567455,18,1997,1,3.0677329929576915,4.009548026676888,0.6350924614658024,0.9029778009231344
1997-02-01,17315.4,531.1968976568648,694.244154727877,109.95728353474915,156.3374012623554,18,1997,2,3.0677714500205875,4.0094029287679005,0.6350259510883326,0.9028806799863438
1997-03-01,17340,531.5227802358133,694.6544060027774,110.07073992005093,156.49958204765818,18,1997,3,3.0652986172768935,4.006080772795717,0.6347793536335117,0.9025350752460103
1997-04-01,17350,531.47013437956,694.5763099388566,110.08453663215042,156.52124025102802,18,1997,4,3.063228440228012,4.003321671117329,0.6344930065253627,0.9021397132624093
1997-05-01,17363.5,531.5843137645296,694.7009068677306,110.12467060746103,156.57836649465386,18,1997,5,3.0615043842804135,4.000926696044753,0.6342308325364185,0.9017673078276491
1997-06-01,17387,532.1484215629106,695.3744627376678,110.25494175705657,156.76143011632288,18,1997,6,3.0606109251907205,3.999393010511692,0.6341228605110518,0.9016013695078098
1997-07-01,17388.5,531.8806541927227,694.9530981270357,110.2342463505035,156.72889021719635,18,1997,7,3.058806994235976,3.996624769974613,0.6339491408143514,0.9013364592529336
1997-08-01,17452.7,534.1514606035944,697.7693598538275,110.62334267306578,157.28917349406572,18,1997,8,3.0605663341694656,3.9980596690129753,0.6338465834688374,0.9012311762309884
1997-09-01,17464.7,534.1930434839005,697.8808471161514,110.69736043963795,157.39779351156469,18,1997,9,3.0587015149639014,3.9959509588836415,0.6338348808719184,0.9012338804077064
1997-10-01,17513.6,535.6581048177966,699.7638409525568,111.0132731436719,157.85068431189188,18,1997,10,3.058526544044609,3.9955454101530066,0.6338689540909459,0.9013034688007713
1997-11-01,17555.6,537.0674421656714,701.5267748397438,111.30815438504807,158.27525716244995,18,1997,11,3.059237178824258,3.996028474331517,0.634032185656133,0.9015656381009476
1997-12-01,17587.1,537.866014896416,702.5874477126043,111.50038658033286,158.55675110200156,18,1997,12,3.058298496604989,3.9949022164689136,0.6339896093178118,0.9015514274781037
1998-01-01,17618.9,538.7106479860744,703.7208804884066,111.71510330883201,158.87142536784626,18,1998,1,3.0575725385016908,3.9941249481432237,0.6340640068836988,0.9017102393897816
1998-02-01,17626.4,538.8064917910813,703.8319983786014,111.76064673924249,158.94386055420688,18,1998,2,3.056815298592346,3.993055861540651,0.634052595761145,0.9017375105194871
1998-03-01,17637,538.7958395585505,703.8453112710273,111.8121387509518,159.0280047476287,18,1998,3,3.054917727269663,3.9907314808132184,0.6339634787716267,0.9016726469786738
1998-04-01,17636.5,538.4248189446843,703.3875073143568,111.79503975743808,159.0133398846271,18,1998,4,3.052900626227904,3.9882488436728187,0.6338844995176939,0.9016150590232025
1998-05-01,17623.8,537.7896243305102,702.5701848699044,111.71342358913735,158.90308600407636,18,1998,5,3.0514964101414574,3.9864852351360343,0.6338781851197661,0.9016391811304961
1998-06-01,17607.7,536.9984089867794,701.5692820017949,111.59985313428635,158.75288749983434,18,1998,6,3.0497930393338106,3.9844459071985265,0.6338127815347055,0.9016105879804537
1998-07-01,17422.3,528.9979825067074,692.1617851447422,110.37758494277847,157.0461814549965,18,1998,7,3.0363269057857316,3.972849653287696,0.6335419832213799,0.9014090071632133
1998-08-01,17563,535.1171266601846,699.1250585497891,111.295617878778,158.3429933630478,18,1998,8,3.046843515687437,3.9806699228479707,0.6336936621236577,0.90157144771991
1998-09-01,17557,534.9673518690698,698.9034147951406,111.25827255304046,158.2930861493112,18,1998,9,3.0470316789261824,3.980767869198272,0.633697514114259,0.9015952961742393
1998-10-01,17511.8,533.2568293913725,696.6042224416742,110.953725446076,157.85590223824107,18,1998,10,3.0451285955262883,3.977913306694196,0.6335940648367159,0.9014259084630997
1998-11-01,17465.6,531.268728747764,694.0391542232367,110.61166142663036,157.37229924194088,18,1998,11,3.0418006180592942,3.973749279860049,0.6333115462774275,0.9010414714750189
1998-12-01,17449.1,530.6619465170888,693.3107530892364,110.51008025118122,157.24737557614546,18,1998,12,3.04119952614799,3.9733324531880525,0.6333282533264251,0.9011775711993483
1999-01-01,17426.7,529.7957050308139,692.1861149642126,110.35653118298454,157.03596137478442,18,1999,1,3.0401378633408154,3.9719861761791533,0.6332612094256774,0.9011227677918621
1999-02-01,17394.7,528.1857892710478,690.1632201027035,110.12484818371189,156.72455623976526,18,1999,2,3.036475416483457,3.967663829227888,0.6330942654010239,0.9009902800264751
1999-03-01,17367.9,527.1713514891348,688.789058008518,109.9490969870571,156.48371083963795,18,1999,3,3.035320053023882,3.965874158698046,0.6330592471574404,0.9009938498012883
1999-04-01,17343.5,526.0764067276083,687.4110705576926,109.77559632045312,156.2474569888781,18,1999,4,3.033277058999673,3.9635083492818213,0.6329494987773697,0.9008992244291988
1999-05-01,17332.8,525.3655857228077,686.5407170590606,109.67956814919685,156.12429727859057,18,1999,5,3.031048565279746,3.96093370407009,0.6327862096672023,0.9007448149092505
1999-06-01,17294.7,523.770615402307,684.3940182714778,109.39102236051414,155.70526127816768,18,1999,6,3.028503619041134,3.9572471235203714,0.6325118236252386,0.9003062283715108
1999-07-01,17308.2,524.1202623587445,684.8852807625603,109.53712547041799,155.91992661593568,18,1999,7,3.028161578666438,3.9569988835497645,0.6328626054148784,0.9008442623492661
1999-08-01,17287.2,523.1726478083364,683.6286677945565,109.33059715008874,155.6312738224305,18,1999,8,3.026358506920359,3.954536696483852,0.6324366996973988,0.9002688337176089
1999-09-01,17281.5,522.3632925577183,682.5934276768824,109.23047606663377,155.49208927316903,18,1999,9,3.022673335981936,3.949850578230375,0.6320659437354036,0.8997603753908459
1999-10-01,17273,521.805772797021,681.9782137581396,109.17043671673642,155.42688442940826,18,1999,10,3.0209330909339487,3.94823258124321,0.6320293910538785,0.8998256494494776
1999-11-01,17281.4,521.6173405418161,681.7798659393839,109.18240475594824,155.45416076841127,18,1999,11,3.0183743246601322,3.945165703816727,0.6317914333095018,0.8995461060354558
1999-12-01,17279.2,521.3208758018076,681.4053821620241,109.1644626055159,155.43602905902347,18,1999,12,3.0170428943574215,3.9435007532873287,0.6317680367465849,0.8995557031519021
2000-01-01,17284.7,521.269650798222,681.2929297657514,109.17438008082489,155.46116769004135,18,2000,1,3.015786509446053,3.941595340189598,0.6316243850389356,0.8994149027176714
2000-02-01,17284.2,521.067620001005,681.1914416174258,109.18778163010771,155.50317622049275,18,2000,2,3.014704874978333,3.9411221903092173,0.6317201931828358,0.8996839669784701
2000-03-01,17301.6,521.6631913551687,681.9118144128407,109.28949256780585,155.65332960621458,18,2000,3,3.0151153150874412,3.941322273158788,0.6316727503109878,0.8996470245885617
2000-04-01,17298.4,521.1283138048349,681.2261207585071,109.23790964874071,155.57024624491888,18,2000,4,3.012581012144677,3.9380874575597,0.631491407579549,0.8993331536148943
2000-05-01,17278.5,520.4798460599732,680.2991300108918,109.07846144720176,155.34323854095285,18,2000,5,3.0122976303497015,3.9372580375084163,0.6312958963289739,0.8990551178687552
2000-06-01,17294.3,521.2361010810595,681.2000990826324,109.21461146511668,155.5359600656239,18,2000,6,3.013918464933877,3.9388706052435336,0.6315064007512109,0.8993481092939518
2000-07-01,17322,521.2051967403185,681.2696367521984,109.33047180999054,155.6945217088939,18,2000,7,3.008920429167062,3.9329733099653525,0.631165407054558,0.8988253187212439
2000-08-01,17286.8,519.4738399700394,679.007329711943,109.00375927299493,155.22402330525745,18,2000,8,3.0050318160101317,3.927894866094032,0.6305606547943803,0.8979338183195124
2000-09-01,17229.5,517.2382171132587,676.1162934965594,108.59859718500955,154.63729961838337,18,2000,9,3.00205007175634,3.924178261101943,0.6303061446066894,0.8975147254324465
2000-10-01,17216.6,516.6199724272742,675.1920733714065,108.46948684448121,154.44837562294666,18,2000,10,3.000708458274423,3.9217503651789936,0.6300285006591384,0.8970898761831411
2000-11-01,17201.6,516.0426801245078,674.3668107044011,108.33394691415738,154.24512722568267,18,2000,11,2.999969073368221,3.920372585715289,0.629789943459663,0.8966905824207206
2000-12-01,17181.1,514.962399444153,672.8305634666247,108.12641307670323,153.9233585409708,18,2000,12,2.9972609404761803,3.9161087675796353,0.6293334715280351,0.8958876820516196
2001-01-01,17104.7,511.5462909320731,668.5681671100748,107.53516844201883,153.07562812556915,18,2001,1,2.9906767784999038,3.9086810473733817,0.6286878369221256,0.8949331360711918
2001-02-01,17030.4,508.94264099245805,664.9305123951448,106.96988755748006,152.26622430713522,18,2001,2,2.988436214019976,3.9043740158489806,0.6281114216781758,0.8940848383310739
2001-03-01,16937.9,505.6786116177672,660.6173326791293,106.28745534728488,151.27616162677208,18,2001,3,2.985485872615656,3.9002316265837513,0.627512592158915,0.8931222974912596
2001-04-01,16802,501.09315687630027,654.5918372878457,105.36157394435064,149.95027803672028,18,2001,4,2.982342321606358,3.8959161843104733,0.6270775737671148,0.8924549341549832
2001-05-01,16660.5,496.19096869001316,648.2057010503809,104.40254436961315,148.58371837133592,18,2001,5,2.9782477638126896,3.8906737555918545,0.626647125654171,0.8918322881746401
2001-06-01,16513.6,491.2312830514419,641.7667516742412,103.40529966312768,147.1724957975549,18,2001,6,2.9747074111728633,3.8862922177734784,0.626182659523833,0.8912199387023719
2001-07-01,16381,486.92952349087864,636.0763021036188,102.47843934639148,145.84432885006473,18,2001,7,2.9725262407110593,3.8830126494329944,0.6255933053317347,0.8903261635435243
2001-08-01,16232.6,481.7316508945553,629.2492549389591,101.49909266452764,144.45695510565213,18,2001,8,2.967680167653705,3.876453894871795,0.6252793308806207,0.8899187752156287
2001-09-01,16116,477.8259929137974,624.1319010664821,100.69556418724885,143.31707364335625,18,2001,9,2.964916808847092,3.872746966160847,0.6248173503800499,0.8892843983827019
2001-10-01,15972.5,472.484533804976,617.2604992405867,99.67361501892898,141.8633331903993,18,2001,10,2.958112592299114,3.8645202644582044,0.6240326499854687,0.8881723787159136
2001-11-01,15824.8,467.35923881494693,610.4710057458146,98.63072422735368,140.36164120662357,18,2001,11,2.9533342526600457,3.85768544149572,0.6232667978575002,0.8869726075945578
2001-12-01,15711.6,463.5224320715094,605.460727592579,97.84168740830367,139.22785447608683,18,2001,12,2.9501924187957265,3.8535905165137794,0.6227353510037403,0.886146888134161
2002-01-01,15587.8,459.057934347889,599.9035301810214,97.0323766656628,138.08865299750582,18,2002,1,2.9449821934326144,3.8485452095935373,0.6224892330262308,0.8858764738930819
2002-02-01,15517.4,456.9401304807246,597.0214461828543,96.55218615999391,137.40388438106118,18,2002,2,2.9446951839916777,3.8474322127602196,0.622218839238493,0.8854826477442174
2002-03-01,15443.4,454.62601298759944,594.0549331071726,96.10028813517805,136.76369237006884,18,2002,3,2.9438207453514087,3.846658981229344,0.6222741633006854,0.8855801984671046
2002-04-01,15391.8,452.9586430669665,591.9254881274704,95.77143707124036,136.30609691673473,18,2002,4,2.9428568657789635,3.845719721718516,0.6222237624659908,0.8855760659359837
2002-05-01,15338,451.6658771042631,590.2054207323412,95.453633708638975,135.86224450154438,18,2002,5,2.9447507960898625,3.847994658575702,0.6223342920109465,0.8857885285013977
2002-06-01,15297.4,450.53479901438163,588.7726656626348,95.20637072791236,135.52048875734582,18,2002,6,2.9451723757918447,3.848841408753349,0.6223696231249256,0.8859053744907358
2002-07-01,15255.7,449.50617551962347,587.4216843248136,94.967909014203,135.18639162214959,18,2002,7,2.9464801714744224,3.8505062653618882,0.6225077119647279,0.8861369299484756
2002-08-01,15170.8,446.8900359454012,584.1091810367612,94.44142153607733,134.46056148624282,18,2002,8,2.9457249185633008,3.850220034782353,0.6225210373617563,0.8863116083940387
2002-09-01,15118.7,444.9682560198713,581.589653267048,94.0464250425439,133.8975676564953,18,2002,9,2.9431647960464278,3.8468231611649673,0.6220536490739541,0.8856420701283529
2002-10-01,15059.3,442.85623349038497,578.8147735559038,93.63461243939629,133.30975101411073,18,2002,10,2.9407491283816976,3.843570242679964,0.6217726749543226,0.8852320560325563
2002-11-01,14991.9,440.69718447743946,576.0381531708633,93.19755663653439,132.69350985768736,18,2002,11,2.939568596891918,3.842329212247036,0.6216527367213921,0.8851013537822916
2002-12-01,14911.8,438.10613672953997,572.5671987617573,92.64716371079342,131.89564844051253,18,2002,12,2.9379829177533225,3.839692047651908,0.6213010079989902,0.8845052135926752
2003-01-01,14867.1,436.13095798084896,570.0681561059417,92.32556002988302,131.45549643489377,18,2003,1,2.9335308027850013,3.834427400810795,0.6210058453221073,0.8842040238842395
2003-02-01,14780.2,433.29259986852895,566.3292250320927,91.7615200044568,130.64495002998675,18,2003,2,2.9315746733368218,3.831674977551675,0.6208408546870597,0.8839186887186015
2003-03-01,14721.6,431.3048049877482,563.7373840434614,91.36597998616573,130.08840494125255,18,2003,3,2.929741366344339,3.8293214327482157,0.6206253395430233,0.8836567013181486
2003-04-01,14608.6,427.22873343057944,558.5099943522915,90.57508977594568,128.97286227004406,18,2003,4,2.924501549981377,3.8231589224997022,0.6200121146170454,0.8828557306658
2003-05-01,14557.6,425.6026886757594,556.2042243944777,90.19991087885978,128.42015592335446,18,2003,5,2.923577297602348,3.820713746733512,0.6196070154342733,0.8821519750738752
2003-06-01,14493.5,423.53199845866203,553.449501170446,89.77782568917713,127.81051771242464,18,2003,6,2.9222202950195744,3.818604899923731,0.6194350963478603,0.88184715708714
2003-07-01,14402.7,419.9579547242783,548.8119776180254,89.12512277206528,126.89409067698125,18,2003,7,2.9158279678412957,3.8104798240470563,0.6188084371129391,0.8810437673282179
2003-08-01,14375.8,418.870993890432,547.3790032675275,88.90749188373341,126.58704054757051,18,2003,8,2.9137230198697255,3.8076420322175295,0.6184524818356781,0.8805564945781836
2003-09-01,14346.3,417.98842585340947,546.2178341582106,88.73875985674287,126.34391060745389,18,2003,9,2.9135625621477974,3.8073777500694304,0.618548056688783,0.8806724424238577
2003-10-01,14334,417.7361241900721,545.8959982212613,88.66537451244238,126.24787031992936,18,2003,10,2.9143025267899545,3.808399596911269,0.6185668655814315,0.8807581297609137
2003-11-01,14315.5,417.432611801916,545.5364771309751,88.58477318261333,126.14183300806475,18,2003,11,2.915948529928511,3.8108098014807386,0.6188032075904671,0.8811556215854477
2003-12-01,14298.8,416.99247776698707,545.0262774606002,88.5090041609268,126.05269828534426,18,2003,12,2.916276035520373,3.8116924319565295,0.6189960287641397,0.8815613777753677
2004-01-01,14290.8,416.7405071987166,544.6627663093516,88.43200979369193,125.93512114503608,18,2004,1,2.916145402627681,3.8112825475785232,0.6188037744121528,0.8812321293771942
2004-02-01,14278,416.55550300294453,544.4396850751565,88.36330572519537,125.85186811818917,18,2004,2,2.9174639515544514,3.8131368894463966,0.6188773338366393,0.8814390539164391
2004-03-01,14286.8,416.85432709861897,544.8443710462263,88.42114714592856,125.93099321702321,18,2004,3,2.9177585400412895,3.8136207621456615,0.6189009935459905,0.881449962322026
2004-04-01,14314.6,417.71126699172027,546.0745614524492,88.631372569717,126.2437808576652,18,2004,4,2.918078514186357,3.814808387607402,0.6191676509977017,0.88192321725836
2004-05-01,14342,418.3991308618823,546.9884261506415,88.77216234861736,126.4498746569846,18,2004,5,2.9172997549984823,3.813892247598951,0.6189664087896901,0.8816753218308786
2004-06-01,14333.7,418.0399766683532,546.5498445767034,88.73358895359723,126.40860930170871,18,2004,6,2.9164833690418606,3.8130409076282006,0.6190557145300741,0.8818979698312976
2004-07-01,14331,417.6119058653142,546.1074857011448,88.7010496213619,126.37403014290844,18,2004,7,2.9140458158210465,3.8106725678678726,0.6189452907777678,0.8818228326209506
2004-08-01,14345.1,418.545560228712,547.1580358476762,88.82768715468748,126.54567360433118,18,2004,8,2.91769008392212,3.8142504119711687,0.619219713732825,0.8821526068436691
2004-09-01,14331.4,418.1067677940773,546.5778693517811,88.72614408018482,126.40442505030057,18,2004,9,2.9174174734783573,3.8138483982847533,0.6191031167937873,0.8820103063922616
2004-10-01,14331.6,417.9660789559724,546.4009781579663,88.70275669311867,126.38304550987456,18,2004,10,2.916395091657403,3.812560901490177,0.6189312895497967,0.881848820158772
2004-11-01,14305.7,417.2019567486986,545.4337197005601,88.567970547853335,126.1979704992813,18,2004,11,2.9163337463297747,3.8127020677111925,0.6191096594214427,0.8821516633179871
2004-12-01,14285.1,416.6738837443784,544.7616048336658,88.45467854829947,126.05278244349748,18,2004,12,2.9168426104428975,3.813495214129868,0.6192093758412575,0.8824074206235691
2005-01-01,14257.4,415.7002031919971,543.5208080018593,88.26954593364626,125.7921940970518,18,2005,1,2.915680300699967,3.81220143926564,0.6191139052958201,0.8822940655172178
2005-02-01,14272.4,416.2830474860287,544.1386423413596,88.35817177228917,125.91488959712724,18,2005,2,2.916699696519357,3.8125237685417988,0.619084188870051,0.882226462242701
2005-03-01,14267.8,415.86453390101315,543.6836716675787,88.32644742512173,125.87726140019109,18,2005,3,2.9147067796087214,3.810564149116042,0.6190614350153614,0.8822471677496958
2005-04-01,14249.2,415.26298526182126,542.8691925093259,88.1929276451473,125.68060194678901,18,2005,4,2.914289821616801,3.8098222532445742,0.618932484947557,0.8820186533053717
2005-05-01,14254.7,415.57771983372476,543.2027818274213,88.23580411931596,125.73841921973865,18,2005,5,2.9153733143014215,3.8106924861794442,0.618994465820508,0.8820839387692385
2005-06-01,14226.5,414.2090951959268,541.5151898604547,87.99232619605914,125.39670232115526,18,2005,6,2.9115319663720998,3.8063837898320365,0.6185100073528917,0.8814304454444541
2005-07-01,14224.4,413.7993495867334,540.9539789737548,87.92263182674576,125.29026651937428,18,2005,7,2.9090812237193373,3.8030003302336466,0.6181113567303067,0.8808123120790634
2005-08-01,14200.3,413.1964715843043,540.2205771969243,87.81143429515143,125.14354390213671,18,2005,8,2.909772832857787,3.804289889628559,0.6183773180506851,0.8812739442274932
2005-09-01,14173,412.0611838420445,538.9371952663205,87.65447724821905,124.93938006840213,18,2005,9,2.907367415805013,3.8025625856651417,0.6184609980118468,0.8815309395921973
2005-10-01,14188.8,412.7672750425131,539.7411251861986,87.79506616561248,125.13067171477226,18,2005,10,2.909106302453436,3.803994172771472,0.6187631523850677,0.8818974946068185
2005-11-01,14183.5,412.42292342004555,539.2581784390503,87.69058275338728,124.99816290486609,18,2005,11,2.9077655262808584,3.8020106351679788,0.618257713211741,0.8812927902482892
2005-12-01,14189.4,412.6290324473908,539.5513277537508,87.73235011466885,125.06461742414704,18,2005,12,2.9080090239713505,3.80249572042335,0.6182949956634449,0.8813946849348602
2006-01-01,14207.8,413.3765169666512,540.5159983994002,87.87299376823046,125.27169972989947,18,2006,1,2.9095040538764003,3.804360973545519,0.618484169035533,0.8817107485317888
2006-02-01,14207.6,413.24621322387463,540.4096250924115,87.87829259532904,125.26778560176705,18,2006,2,2.908627869758964,3.803665820352568,0.6185301711431138,0.8816956108122909
2006-03-01,14210.4,413.15689236890245,540.3512326403568,87.89539841015758,125.30935584638495,18,2006,3,2.9074261974955133,3.802505437147137,0.6185286720300455,0.8818144165286337
2006-04-01,14223.6,413.6484755809819,540.8509112066264,87.95863391384808,125.3887845421428,18,2006,4,2.9081841135927746,3.802489603241278,0.6183992372806326,0.8815544907206531
2006-05-01,14199.7,413.07241995208335,540.1504456054496,87.84530737012709,125.24999361227212,18,2006,5,2.909022162102603,3.8039567427864642,0.6186419950430437,0.8820608436253732
2006-06-01,14209.300000000001,413.4359483519318,540.5046282153523,87.89069923925544,125.31650008365027,18,2006,6,2.9096151700078945,3.8038793481406707,0.618543483769471,0.8819329599885305
2006-07-01,14184.5,412.3927818230445,539.2616264138973,87.71084957369384,125.06237588003548,18,2006,7,2.9073480335792206,3.8017669034079256,0.6183570064062451,0.8816833577499064
2006-08-01,14153.9,411.18505496863395,537.6866854474124,87.49523916739732,124.75343992767414,18,2006,8,2.9051007493951064,3.798858868915369,0.6181705336861029,0.8814068202239251
2006-09-01,14119.8,410.2114263214411,536.326575547935,87.26775490276583,124.41607382386606,18,2006,9,2.9052212235402846,3.7984006540314668,0.6180523442454272,0.8811461481314613
2006-10-01,14068.1,408.62479841554017,534.1910626017495,86.94245339201079,123.94015333315468,18,2006,10,2.9046196601924934,3.797179879313834,0.6180113404938179,0.8810013671580006
2006-11-01,14034.2,407.1779717260335,532.2817090334411,86.65830608687301,123.52190977629158,18,2006,11,2.9013265574527476,3.7927470681153257,0.6174794864464879,0.8801492765978223
2006-12-01,14008.8,406.75819702246685,531.7048737208315,86.53969766353137,123.36073461906851,18,2006,12,2.90359057893943,3.795506208389238,0.6177523960905387,0.8805945878238572
2007-01-01,14003,405.9128411965901,530.7211911267392,86.44332262468683,123.22534681620465,18,2007,1,2.8987562750595592,3.7900534965845836,0.6173200216002773,0.8799924788702753
2007-02-01,13993.4,405.67538388058256,530.399585610782,86.41226745086297,123.18733531331208,18,2007,2,2.899048007493408,3.7903553504565153,0.6175215991171765,0.8803245480963318
2007-03-01,13963.2,404.7932574143462,529.3035626569509,86.24352117087537,122.95080811418042,18,2007,3,2.899000640357126,3.7907038691485537,0.6176486849065785,0.8805346060658045
2007-04-01,13939,404.27367581801684,528.6668668482629,86.14137841454571,122.81802500977767,18,2007,4,2.9003061612598953,3.792717317226938,0.6179882230758713,0.8811107325473683
2007-05-01,13921.3,403.43307082204035,527.6002840029337,85.99750001182629,122.61137002417753,18,2007,5,2.897955441101337,3.789877985554034,0.6177404409920503,0.8807465540156274
2007-06-01,13903.5,402.7492222602518,526.6969469512062,85.87164011968996,122.4212788661287,18,2007,6,2.8967470224062417,3.788232797146087,0.6176260662400832,0.8805069145620074
2007-07-01,13881.8,401.86662569655465,525.5717604884593,85.71008438472315,122.1971235566154,18,2007,7,2.894917270790205,3.786049074964769,0.6174277426898755,0.8802685786901944
2007-08-01,13820.9,400.2312343081982,523.3144537677675,85.32868367600011,121.647043827732,18,2007,8,2.89584060595329,3.786399248730311,0.6173887639444617,0.8801673105784139
2007-09-01,13783.800000000001,399.18595175777335,521.851992444592,85.09094004417256,121.29303960054553,18,2007,9,2.896051537005567,3.785980589130661,0.6173257015059167,0.8799680755709275
2007-10-01,13756,398.2071334438928,520.6134770877655,84.90631040216894,121.02686454084525,18,2007,10,2.8947886990687177,3.784628359172474,0.6172311020803208,0.8798114607505471
2007-11-01,13750.2,398.14213092011084,520.4790006800594,84.87812886336427,120.98363620515556,18,2007,11,2.895537017062376,3.785246764992941,0.6172865039298647,0.8798681925001495
2007-12-01,13738.3,397.39600582889824,519.5335151658564,84.75033309258755,120.80206521145023,18,2007,12,2.892614121317035,3.7816433995898797,0.6168909769956076,0.8793086860197421
2008-01-01,13717.3,396.55279891319964,518.4605045835053,84.61564845258995,120.6065450956466,18,2008,1,2.8908954306838783,3.7796104523740484,0.616853524035998,0.8792294773435486
2008-02-01,13689.5,395.88727894588527,517.5700723465806,84.46070940813226,120.38604771384801,18,2008,2,2.891904590714674,3.7807814189457654,0.6169743921117079,0.8794042712578838
2008-03-01,13649.3,394.4943651610719,515.8805241385161,84.23659174695,120.06616558062933,18,2008,3,2.890216825486083,3.779538321661302,0.6171495369502465,0.8796507189425783
2008-04-01,13589.5,392.331323563449,513.1174946757791,83.8527802203243,119.51290258401617,18,2008,4,2.8870180916402295,3.77583792395437,0.617040952355306,0.87945032991659855
2008-05-01,13555,391.66047727797877,512.0637807479787,83.65347175240395,119.2134747389281,18,2008,5,2.8894170216007287,3.777674516768563,0.6171410678893688,0.8794797103572711
2008-06-01,13493.9,389.9229112094408,509.68683366352195,83.26683070914231,118.65348158041574,18,2008,6,2.889623542559533,3.7771647460224393,0.6170701628820602,0.8793119971277077
2008-07-01,13418.7,387.5453667903277,506.64292214006764,82.79767164427253,117.97397582798396,18,2008,7,2.8880991958261806,3.7756483276328376,0.6170319900159666,0.879175895041874
2008-08-01,13347.300000000001,385.0156137133343,503.45273710823074,82.2848090751185,117.23636359901701,18,2008,8,2.884595489075201,3.7719444165354097,0.616490294479921,0.8783526525890406
2008-09-01,13266.5,382.23801270242785,499.8143212800763,81.72314488069289,116.43308019927223,18,2008,9,2.881227246843009,3.7674919630654378,0.6160113434643115,0.8776473086290448
2008-10-01,13138.1,377.58795747575664,493.9210346383397,80.86281541416525,115.20155659034258,18,2008,10,2.873992110546857,3.7594555882383274,0.6154833302697137,0.8768509646778648
2008-11-01,13026.1,373.9734468504231,488.82466891446245,80.03414252955336,113.97548840849352,18,2008,11,2.870954828002419,3.752655583132806,0.6144136965749791,0.874977839940531
2008-12-01,12841.7,368.0924321639096,481.06153573068224,78.83601329717027,112.23548681006407,18,2008,12,2.866383984705371,3.746089191701116,0.6139063620639812,0.8739924372167553
2009-01-01,12551.4,357.5010906472717,467.678754527713,76.86309626574868,109.4190997477336,18,2009,1,2.848296529847441,3.7261082789785447,0.6123866362776159,0.8717680876056344
2009-02-01,12371.2,352.6379057837601,460.6647143437126,75.61578053736481,107.56689345485005,18,2009,2,2.8504745358878694,3.7236865812832436,0.6112242994807683,0.8694944181231411
2009-03-01,12195.6,346.5533789041436,452.5621239837686,74.29968970417163,105.67692323867121,18,2009,3,2.841626315262419,3.7108639508000305,0.6092335736181215,0.8665168030984225
2009-04-01,12016.7,339.9789014822514,443.9369064508978,72.95615714421145,103.72746343527085,18,2009,4,2.829220180933629,3.6943329404154035,0.6071230632720417,0.8631942499627256
2009-05-01,11850.1,334.39804508558507,436.7187905101496,71.81824524782765,102.08626220789726,18,2009,5,2.821900617594662,3.6853595371359695,0.606056026935027,0.8614801749174882
2009-06-01,11713,329.6850548089193,430.54820930601454,70.87513655454212,100.72064287033041,18,2009,6,2.8146935440017016,3.675814985964437,0.6050980667168285,0.8599047457554034
2009-07-01,11653.5,328.21582068097894,428.33545596776037,70.45129532346657,100.09678095838521,18,2009,7,2.816457035920358,3.6755949368666956,0.6045505240783161,0.8589417853725079
2009-08-01,11612.3,326.96358327350634,426.7127006114572,70.1825267782065,99.72330367808678,18,2009,8,2.8156660030614638,3.6746613557301933,0.6043809303773283,0.8587730568284215
2009-09-01,11579.6,325.790978078153,425.13824999703877,69.9427091160163,99.37585998137064,18,2009,9,2.813490777558404,3.671441586903164,0.6040166250649098,0.858197692332815
2009-10-01,11527.1,324.04450271848606,422.8388368295723,69.56901310168645,98.85078179764845,18,2009,10,2.8111537396091473,3.668215221778004,0.6035257185388038,0.857551177639202
2009-11-01,11498.6,323.03131044205577,421.59004754516764,69.3796996079805,98.5937514435253,18,2009,11,2.8093099198342038,3.666446763477011,0.6033751900925373,0.8574413532388753
2009-12-01,11464.8,322.26342406459815,420.54280835513197,69.17692214689063,98.30821968845707,18,2009,12,2.8108944252372323,3.6681216275480772,0.6033853372661593,0.8574787147482474
2010-01-01,11446.8,322.0039687612903,420.10870625124596,69.06942876746764,98.15356685336603,18,2010,1,2.813047915236488,3.670097374386257,0.603395086552291,0.8574760356900272
2010-02-01,11439.4,321.8226968478949,419.91691452406343,69.05980944081624,98.14952679088148,18,2010,2,2.813283011765433,3.6707949238951647,0.603701325601135,0.857995408770403
2010-03-01,11439.3,321.9357102745221,420.13628944949755,69.08780859817152,98.21172517897811,18,2010,3,2.8142955449592377,3.672744743555092,0.6039513658892723,0.8585466346627688
2010-04-01,11474.8,323.18650609035507,421.82578252188165,69.36638566659276,98.62562094522642,18,2010,4,2.8164892293578543,3.6761057493105036,0.6045106290880257,0.8594975158192424
2010-05-01,11510.7,324.28508592907673,423.25094239642556,69.59830703010941,98.96299264754923,18,2010,5,2.817249045923156,3.6770217484290746,0.6046400916548029,0.8597478228739279
2010-06-01,11529,324.9675199103025,424.2687375610532,69.77048406816299,99.22899112285198,18,2010,6,2.81869650368898,3.680013336465029,0.6051737710830339,0.8606903558231589
2010-07-01,11546,325.7590863066839,425.26470329255625,69.90408576790709,99.42183146227795,18,2010,7,2.821402098620162,3.683221057444624,0.6054398559493079,0.8610932917224836
2010-08-01,11537.9,325.6765070579259,425.0895321204319,69.85698968772665,99.3584367493198,18,2010,8,2.8226670976341093,3.6842885804213235,0.605456709520161,0.8611483610476759
2010-09-01,11549,326.22206094435916,425.78816952642546,69.95145116319154,99.49550626402325,18,2010,9,2.824677988954534,3.6867968614289155,0.6056927107385188,0.8615075440646224
2010-10-01,11547.2,326.450563433369,426.1105324995675,69.99197365567396,99.55878879471909,18,2010,10,2.827097161505551,3.6901632646837976,0.6061380564610811,0.8621898710918585
2010-11-01,11570.6,327.0393505590041,426.8827040113152,70.150033118451,99.77868192662606,18,2010,11,2.82646838157921,3.6893739651471416,0.6062782666279277,0.862346653817659
2010-12-01,11579.2,327.6695399064066,427.7489617933367,70.2385310350177,99.9256483167352,18,2010,12,2.829811557848613,3.694114980251975,0.6065922605621952,0.8629754069083805
2011-01-01,11606.5,328.9521252975775,429.37589760603805,70.47690570504088,100.26306410913676,18,2011,1,2.834206050898871,3.699443394701573,0.6072192797573849,0.8638527041669475
2011-02-01,11637.1,329.8153576097948,430.56298786309947,70.68079785450817,100.57135388300847,18,2011,2,2.8341713795515617,3.6999165416048627,0.607374671133772,0.8642303828531891
2011-03-01,11658.9,330.5904367970825,431.6114786441296,70.84251759688331,100.81216710172271,18,2011,3,2.8355199615493953,3.701991428386294,0.6076260847668589,0.8646799192181313
2011-04-01,11688.6,331.71530230588667,433.1114314857983,71.0727376476356,101.15276673059385,18,2011,4,2.8379386950181087,3.7054175135242735,0.6080517568197696,0.8653967689081143
2011-05-01,11696.1,332.23917838552086,433.88679902336924,71.18164919608479,101.3265217173973,18,2011,5,2.8405979632999108,3.709670736599116,0.6085930284119048,0.8663274229648968
2011-06-01,11710,332.88895019237475,434.7396833764289,71.302852537514,101.50451098757175,18,2011,6,2.8427749802935507,3.712550669311946,0.6089056578780017,0.8668190519860952
2011-07-01,11728.8,333.5385101785915,435.5709075782139,71.45267420266164,101.7170446362458,18,2011,7,2.843756481298952,3.7136868867933117,0.609207030579954,0.8672417010797848
2011-08-01,11747.9,334.20373849464005,436.43344116404927,71.58824049446761,101.90798603271567,18,2011,8,2.844795567672861,3.7149911147017702,0.609370530005087,0.8674570436649586
2011-09-01,11751.699999999999,334.55896647402716,436.84908772899473,71.62535484050166,101.96635990813824,18,2011,9,2.8468984612781743,3.7173267504190437,0.6094893065726802,0.8676732720213949
2011-10-01,11762.2,335.09279456590224,437.4792162535315,71.7024383078404,102.08228321071512,18,2011,10,2.8488955685662734,3.7193655630199407,0.609600570538168,0.8678842666398727
2011-11-01,11752.2,335.0521709101179,437.43378910508386,71.68327168894652,102.06645127022688,18,2011,11,2.8509740381385438,3.7221438463018313,0.6099561927889801,0.868488038581941
2011-12-01,11782.7,336.3478273375134,439.11371513697776,71.92170862742785,102.4127404278029,18,2011,12,2.8545904362965486,3.7267664893188974,0.6104009151334401,0.8691788845324323
2012-01-01,11820,337.5884252687894,440.72586048547737,72.17079103844863,102.77431655300816,18,2012,1,2.856078047959301,3.7286451817722286,0.6105819884809529,0.8694950639002382
2012-02-01,11840.9,338.6029264399812,442.0492530197203,72.35325016338835,103.03926457443298,18,2012,2,2.8596046452548474,3.733240319736847,0.6110451922015079,0.8701979121049327
2012-03-01,11879.7,340.0013015861374,443.79689928348546,72.60776096178333,103.39808022532753,18,2012,3,2.862036091703809,3.7357584727180435,0.6111918732104626,0.8703761898476184
2012-04-01,11896.9,340.7153693955926,444.73071814480465,72.75054832623398,103.60428010607724,18,2012,4,2.86390042276217,3.7382067441501956,0.6115084461181819,0.8708510629330097
2012-05-01,11907.6,341.240432784556,445.4222232780755,72.85454430630433,103.76109007239425,18,2012,5,2.865736443822063,3.740654903406862,0.6118323113499305,0.8713854183243832
2012-06-01,11918.1,341.6152932541306,445.9101043317594,72.92864609732563,103.87777015290175,18,2012,6,2.866356996955308,3.741452952498799,0.6119150376093977,0.8715967323054996
2012-07-01,11944.1,342.63887250573197,447.117157518996,73.08028042696311,104.09572442335279,18,2012,7,2.868687238935809,3.743414384666873,0.6118525500202034,0.871524220521871
2012-08-01,11939.8,342.3698524987016,446.81506609558784,73.0581746937194,104.0612367323296,18,2012,8,2.8674672314335385,3.7422324167539474,0.6118877593738539,0.8715492448142315
2012-09-01,11934.2,342.3101952457918,446.7317814586333,73.03270641299554,104.02079912412917,18,2012,9,2.8683128759849152,3.743290555367208,0.6119614755324657,0.8716193722589629
2012-10-01,11940.9,342.26133511967333,446.70822268236356,73.04646605614015,104.04427933281482,18,2012,10,2.8662942920523022,3.7409929124468304,0.6117333371533146,0.8713269463174035
2012-11-01,11929.9,342.3860771349583,446.79360130294253,73.0104686125543,103.99185200251374,18,2012,11,2.869982792269494,3.745157975363939,0.6119956463386476,0.871690894328651
2012-12-01,11938.9,342.9213384105593,447.4593678328418,73.09328802724701,104.10083549864294,18,2012,12,2.872302627633696,3.747911179696972,0.6122279944320416,0.8719466240494763
2013-01-01,11961.7,343.4705628980516,448.1750877725193,73.2137679332876,104.27128793407519,18,2013,1,2.8714193040960025,3.7467507776697233,0.6120682506105954,0.8717096059429277
2013-02-01,11974.3,343.9157721973624,448.7241985248357,73.28469716031707,104.37234866283418,18,2013,2,2.8721158831611233,3.7473939898351944,0.6120165451034054,0.871636326656541
2013-03-01,11977.5,344.0226518342566,448.89634204556137,73.33288790054897,104.4483171447858,18,2013,3,2.872240883608905,3.747830031689095,0.6122553780050007,0.8720377135861891
2013-04-01,11978.800000000001,344.06013300278676,448.93949146188646,73.34928490015707,104.47205252047719,18,2013,4,2.8722420693457336,3.747783513055451,0.6123258164436927,0.8721412204935151
2013-05-01,11977.9,344.12413162105537,448.9846536871872,73.32409701045242,104.4344959493612,18,2013,5,2.8729921907935063,3.748442161707705,0.6121615392552319,0.8718932028933386
2013-06-01,11981.6,344.31290656106404,449.1702172237904,73.33279149334713,104.44218240869783,18,2013,6,2.8736805314904856,3.7488333546754222,0.6120450648773714,0.8716881085055237
2013-07-01,11961.9,343.3468959275597,448.12253228958076,73.21771649785096,104.28323149806492,18,2013,7,2.870337454146579,3.746248775609065,0.612091026491201,0.8717948778878348
2013-08-01,11991.3,344.611784652004,449.6541233116011,73.41355928383678,104.56866014088506,18,2013,8,2.873848412198878,3.7498363255994023,0.6122235227526355,0.8720377285272245
2013-09-01,12009.8,345.2782030305781,450.52168715151686,73.54030279544752,104.75075736216539,18,2013,9,2.8749704660408844,3.7512838444563346,0.6123357824064307,0.8722106726353926
2013-10-01,12033.5,346.09373299020103,451.5966429227541,73.7153121194649,104.99768083189565,18,2013,10,2.876085369927295,3.752828710871767,0.612584136946565,0.8725448193118848
2013-11-01,12054,346.66521528133114,452.35217967949063,73.8536186277708,105.19612942035558,18,2013,11,2.875935086123537,3.7527142830553397,0.6126897181663414,0.8727072293044265
2013-12-01,12060,347.0295336936102,452.82533714149,73.91706208782598,105.29846134911696,18,2013,12,2.8775251550050593,3.7547706230637647,0.6129109625856217,0.873121570059013
2014-01-01,12057.3,346.65935891339456,452.4607368704611,73.8912463509953,105.26328805597386,18,2014,1,2.8750993913512524,3.75258753510704,0.6128341034144901,0.8730253709866542
2014-02-01,12083.2,347.58209111036206,453.572195240677,74.05440229570674,105.49652407891858,18,2014,2,2.8765731851691774,3.753742346734946,0.6128707817110263,0.873084316066262
2014-03-01,12096.3,348.09633186801096,454.2333026109034,74.15200913712117,105.63456121537334,18,2014,3,2.87770914964089,3.755142503169593,0.6130139723479178,0.8732799386206802
2014-04-01,12109.3,348.4693175518271,454.7848287754005,74.26181753809725,105.79459414194304,18,2014,4,2.8776999294081995,3.755665717881302,0.6132626785866834,0.8736639949620791
2014-05-01,12119.8,348.88175601948626,455.3149102492418,74.34528473448546,105.91586073531002,18,2014,5,2.8786098452077287,3.756785675087393,0.6134200624967859,0.8739076613088502
2014-06-01,12145.6,349.81683505684384,456.47814809850246,74.52895109936155,106.17730425295179,18,2014,6,2.880193939013666,3.7583828555073646,0.6136292245698981,0.8742038619166759
2014-07-01,12165.1,350.593590947641,457.46793982750387,74.67185913933811,106.38365311041522,18,2014,7,2.881962260463465,3.76049469241933,0.6138203478749711,0.8744987966429805
2014-08-01,12182.3,351.07561458942166,458.18041458126834,74.7920822527202,106.56179350070246,18,2014,8,2.881850016740859,3.7610337504516256,0.6139405715892746,0.8747263940364501
2014-09-01,12201.4,351.4689758994134,458.7191776569756,74.8799779422878,106.69479560424453,18,2014,9,2.8805626887030455,3.7595618343548742,0.6136998864252282,0.8744471585575798
2014-10-01,12232.1,352.4096118618638,459.9856355597713,75.08795281462376,106.99240926468629,18,2014,10,2.8810229793891793,3.760479685088998,0.6138598671906195,0.8746855344927387
2014-11-01,12259,353.3884196955513,461.22907547816203,75.288289997909,107.27742478152109,18,2014,11,2.882685534672904,3.7623711189996087,0.6141470756008566,0.8750911557347344
2014-12-01,12266.3,353.5242213742796,461.3539624844871,75.30833542926547,107.29993506073657,18,2014,12,2.8820770841596866,3.7611501633295052,0.6139449991380079,0.874753879007823
2015-01-01,12264.6,353.41620529577483,461.240157552745,75.27257995488132,107.25246881396909,18,2015,1,2.8815958555173005,3.760743583588091,0.6137385642816017,0.8744881106107747
2015-02-01,12275,353.78493404081206,461.61232655100395,75.3361828191519,107.33320633872499,18,2015,2,2.8821583221247415,3.760589218338118,0.6137367235776122,0.8744049396230142
2015-03-01,12285.2,354.023489692156,461.88103161817514,75.37969429072267,107.39157369378196,18,2015,3,2.8817071736085365,3.759654149856536,0.6135813360036683,0.8741540527934584
2015-04-01,12290.8,353.8433523483506,461.6004265143674,75.33768036125764,107.32485624671772,18,2015,4,2.878928567288953,3.7556581061799674,0.6129599404534908,0.8732129417671569
2015-05-01,12306.4,354.40930512134497,462.2203196890836,75.40855891564598,107.4113816251466,18,2015,5,2.8798779913000145,3.7559344705932167,0.6127588808721153,0.8728091206619857
2015-06-01,12306.6,354.33204474558954,462.1387153393566,75.39355940031147,107.39434826242902,18,2015,6,2.879203392859031,3.755210337049686,0.6126270407773997,0.8726565278990868
2015-07-01,12322.8,354.61103171132925,462.40749053717343,75.43973250013077,107.44677695943159,18,2015,7,2.877682277658724,3.7524547224427356,0.6121963555371407,0.8719347628739539
2015-08-01,12318.5,354.422208311594,462.11650833302457,75.38858532254773,107.37204591905271,18,2015,8,2.8771539417266223,3.7514024299470274,0.6119948477700022,0.8716324708288566
2015-09-01,12326.1,354.54135775219527,462.1978648308139,75.41130362921517,107.38624699526498,18,2015,9,2.8763465958591543,3.7497494327549985,0.6118018158964731,0.8712102530018819
2015-10-01,12333.6,354.46870157578104,462.09467758029876,75.41219216698289,107.38624324573482,18,2015,10,2.874008412594709,3.746632593730125,0.6114369865001531,0.8706804440368978
2015-11-01,12329.4,354.0243597366686,461.573105409446,75.3525321342461,107.30288184866947,18,2015,11,2.8713835201767206,3.7436785683767746,0.6111613876932057,0.8703009217696683
2015-12-01,12332.9,353.84035629379025,461.2669560184677,75.30777175651062,107.22549408896107,18,2015,12,2.8690766672379593,3.7401337562006316,0.6106250091747328,0.8694264454342537
2016-01-01,12354.1,354.35902578391693,461.8889070652427,75.40530080459904,107.36068529116217,18,2016,1,2.868351606219125,3.738749945890374,0.6103666054556709,0.8690287863232624
2016-02-01,12336.4,353.77211466928196,461.0550844766685,75.27987030365854,107.17176420380822,18,2016,2,2.8677094992808434,3.7373551804146152,0.6102255950168489,0.8687442382202931
2016-03-01,12313.4,352.8837693575349,459.8641131830101,75.09778810284583,106.90531656171288,18,2016,3,2.8658515873563344,3.7346639691962427,0.6098866933815666,0.8682030678911826
2016-04-01,12324.7,353.17174117895263,460.10495671151614,75.1241667971273,106.9313468182801,18,2016,4,2.865560550593139,3.733193965869482,0.6095415450041566,0.8676182529252646
2016-05-01,12303.6,352.1045334747953,458.68688208152,74.89311128582695,106.60174868185895,18,2016,5,2.861800883276401,3.7280705003537173,0.608708924914878,0.8664272951157299
2016-06-01,12320.7,352.22163586187526,458.8492480490468,74.95830035283315,106.68013610956885,18,2016,6,2.8587794188794082,3.724214111609298,0.6083931948090056,0.8658609990468792
2016-07-01,12341.8,352.923618738757,459.58233194608533,75.05926011913533,106.80936086119698,18,2016,7,2.859579791754501,3.723786902608091,0.6081710943228325,0.8654277403717204
2016-08-01,12319.2,352.00455817185974,458.491599157743,74.9103341703217,106.5986788983345,18,2016,8,2.857365398498764,3.721764393448787,0.6080779122858765,0.8653052056816555
2016-09-01,12317,351.9564600216067,458.44687191501106,74.89436409137807,106.57506600202723,18,2016,9,2.8574852644443185,3.722066021880418,0.6080568652381104,0.865268052301918
2016-10-01,12315.1,351.80302332308923,458.2472926772335,74.86309049224819,106.53466117718703,18,2016,10,2.856680200104662,3.721019664292076,0.607896732403701,0.8650734559783277
2016-11-01,12310.8,351.5968583091622,457.95963196721567,74.82060738508108,106.46513006028114,18,2016,11,2.8560033329203804,3.7199827140983173,0.6077639746001973,0.8648108170084897
2016-12-01,12323.2,351.900359109778,458.3904323837185,74.89904599529082,106.5833130547358,18,2016,12,2.855592371379008,3.7197353965181,0.6077889346540738,0.8648996450170069
2017-01-01,12334.5,352.16821148102343,458.77577749643916,74.98677298401205,106.71401791762162,18,2017,1,2.855147849373898,3.719451761291006,0.6079433538774336,0.8651669538094096
2017-02-01,12349.9,352.2433476813767,458.9421087369137,75.0599869650625,106.81112930672222,18,2017,2,2.852195950423701,3.7161605254853383,0.6077780950862963,0.8648744468110854
2017-03-01,12360.9,352.4292045901506,459.1526339588905,75.09761284208072,106.86496836663561,18,2017,3,2.8511613603390584,3.7145566581631635,0.6075416259502199,0.8645403519698049
2017-04-01,12367,352.39593445704185,459.1423295076972,75.12577777793184,106.91109164969822,18,2017,4,2.84948600676835,3.712641137767423,0.6074696998296422,0.864486873531966
2017-05-01,12376.9,352.7929932625983,459.6695694769394,75.20527116645613,107.03340261750206,18,2017,5,2.85041483136002,3.7139313517677235,0.6076260708776522,0.8647836099306132
2017-06-01,12389.7,353.12793149617033,460.11621988553503,75.28775336371906,107.15360649176478,18,2017,6,2.85017338189117,3.713699442969039,0.6076640545268978,0.8648603799265905
2017-07-01,12390.5,352.82848454025066,459.8822764943885,75.2897673885265,107.16543905233274,18,2017,7,2.847572612406688,3.7115715789870345,0.607641074924551,0.8649000367405087
2017-08-01,12434.4,354.4384001022706,461.81729713510845,75.58054904794801,107.56720900651437,18,2017,8,2.8504664487411584,3.7140296044449945,0.607834306825806,0.8650775992932057
2017-09-01,12442.9,354.7484381006773,462.1620561928066,75.61554283292482,107.61798859224065,18,2017,9,2.8510109227003135,3.7142632038576746,0.6077003177147193,0.8648947479465451
2017-10-01,12456.9,355.1359835179355,462.69207841181645,75.69521514096932,107.73775885751643,18,2017,10,2.8509178328310854,3.7143436843180604,0.6076569221954846,0.8648841915526049
2017-11-01,12472.3,355.89682002101824,463.60969082972895,75.8191692623815,107.90494422060836,18,2017,11,2.853497911540119,3.7171146527082333,0.6079004615217842,0.8651567411031515
2017-12-01,12500.6,356.7545644061952,464.7388473287859,75.99424204091729,108.16216063469274,18,2017,12,2.853899528072214,3.7177323274785676,0.6079247559390532,0.8652557528014073
2018-01-01,12527.2,357.7869227231391,466.07652520000295,76.19115661458454,108.44138397785228,18,2018,1,2.8560805505072095,3.7205163580050042,0.6082057971021819,0.8656474230303043
2018-02-01,12550.2,358.4694610189292,466.9657948329041,76.33687808079989,108.6547131694559,18,2018,2,2.8562848482010583,3.720783691358736,0.6082522834759596,0.8657608099429164
2018-03-01,12575.3,359.5572670283324,468.3215977860845,76.51557773197861,108.90382850060307,18,2018,3,2.8592341099483303,3.7241385715337567,0.6084592632539869,0.8660137611079106
2018-04-01,12595.7,360.36284618574166,469.34768473176905,76.66219504428825,109.1138202778972,18,2018,4,2.8609989614371703,3.7262532827216353,0.6086378291344526,0.8662783352882111
2018-05-01,12622.6,360.9324730490393,470.17575807149643,76.8276644719758,109.35652156176819,18,2018,5,2.859414645548772,3.7248725149453867,0.6086516602916657,0.8663549630168761
2018-06-01,12655.5,361.88011768341846,471.36323977466526,77.01576456755386,109.6298674750902,18,2018,6,2.8594691452998178,3.7245722395374754,0.6085556838335416,0.8662626326505487
2018-07-01,12676.3,362.6292496538734,472.30043973081746,77.16017518577735,109.8301714432119,18,2018,7,2.860686869621841,3.7258540720148425,0.6086963481913283,0.8664213646191073
2018-08-01,12688.2,362.9475497627764,472.71456149448755,77.21656818577338,109.91694213858572,18,2018,8,2.8605125215773426,3.725623504472561,0.6085699168185666,0.8662926351932168
2018-09-01,12709.4,363.67963775675304,473.6560907183422,77.37271996522682,110.14070391751535,18,2018,9,2.8615012333922376,3.72681708592335,0.6087834198721169,0.8666082105962151
2018-10-01,12731.4,364.41136005792566,474.5275131129513,77.49188247127498,110.31089932588407,18,2018,10,2.862303910472734,3.7272217753974526,0.6086674087003392,0.8664475181510601
2018-11-01,12740.8,364.7316510200883,474.9308483084858,77.56144920683003,110.4129179712025,18,2018,11,2.86270603902493,3.72763757619997,0.608764357079854,0.8666089882205396
2018-12-01,12760.4,365.38223926228244,475.74789520668196,77.6712927976218,110.57168105402208,18,2018,12,2.8634074109140975,3.7283149055412212,0.6086901100092615,0.8665220608603342
2019-01-01,12790.4,366.2705881446648,476.8547201808393,77.82781533040357,110.79609629640723,18,2019,1,2.8636366974032468,3.7282236691646804,0.6084861718977012,0.8662441854547726
2019-02-01,12781.5,365.8747629507561,476.3490527373003,77.76837783791409,110.71616898395253,18,2019,2,2.8625338414955688,3.726863456850137,0.6084448447984516,0.8662220317173456
2019-03-01,12787.8,365.9692042978015,476.48054188279116,77.79232015479481,110.74792705675993,18,2019,3,2.8618621209105672,3.7260556302318713,0.6083323179498804,0.8660436279638402
2019-04-01,12784.4,365.66707575963176,476.1008341009028,77.72802346199893,110.65873827114073,18,2019,4,2.860259971212038,3.7240764846289443,0.6079911725383979,0.8655763138758231
2019-05-01,12778.1,365.36904782565165,475.65414068345956,77.65406389748695,110.54764450162632,18,2019,5,2.859337834464057,3.722416796577422,0.6077121316744034,0.8651336622942871
2019-06-01,12787.5,365.32349543284727,475.5850610668679,77.66110513659477,110.55366144714553,18,2019,6,2.856879729680135,3.719140262497501,0.607320470276401,0.864544762050014
2019-07-01,12789.6,365.2924067931165,475.5461317270882,77.66203321186241,110.55626720864458,18,2019,7,2.856167564217149,3.7182252121027095,0.6072280072235442,0.8644231814024252
2019-08-01,12788.7,364.9421782120685,475.12675669214104,77.62170788253388,110.49725926023767,18,2019,8,2.8536299875051294,3.7152076183829554,0.6069554206646014,0.8640226079291692
2019-09-01,12787.1,364.4771066142881,474.48779962996144,77.5367033948725,110.37503563875073,18,2019,9,2.850350013797406,3.7106755998620593,0.6063665991106076,0.8631748843658902
2019-10-01,12733.2,362.08207226260384,471.69269391438,77.17648529090218,109.85902631653062,18,2019,10,2.8436062597195035,3.7044316740048067,0.60610439866571,0.8627762566874833
2019-11-01,12776.8,363.73172362560643,473.45392988312943,77.39552975603557,110.15071433948931,18,2019,11,2.846813941093282,3.7055751822297402,0.6057504989984627,0.8621150392859661
2019-12-01,12760.3,363.23531812749354,472.71916502313974,77.26974905115186,109.96124732902797,18,2019,12,2.8466048457128243,3.7046085517044256,0.6055480596157761,0.861745000736879
2020-01-01,12744.6,362.7514486429461,472.0876926259541,77.17495120440766,109.81921626750221,18,2020,1,2.8463148991961,3.7042174146379963,0.6055502032579105,0.8616921383762709
2020-02-01,12742.9,362.5448443325298,471.7539753883513,77.1091629596808,109.72479506238152,18,2020,2,2.8450732904796383,3.702092737040637,0.6051147145444193,0.861066123585538
2020-03-01,12683.9,360.76375233437784,469.4005931709768,76.73552450666881,109.19696321132894,18,2020,3,2.8442651892113457,3.7007591763651306,0.6049836762089642,0.8609099978029545
2020-04-01,11381.9,316.0885950125417,412.94458098580975,68.24748992238696,97.20733822433527,18,2020,4,2.777116254865547,3.6280812604732935,0.599614211356513,0.8540519440896096
2020-05-01,11609.1,323.84018547111896,422.9331464489761,69.75457360201402,99.29522872701254,18,2020,5,2.7895373928307876,3.6431174376047766,0.6008611658269291,0.8553223654461805
2020-06-01,11949.7,336.94533589933843,438.6006509054615,71.89904967353199,102.27646503406474,18,2020,6,2.819697029208586,3.670390477630915,0.6016807926017556,0.8558914871006363
2020-07-01,11973.8,337.5238802408805,438.9110724349254,71.9112352714092,102.2620522575955,18,2020,7,2.8188534988130796,3.665595487104557,0.6005715417946617,0.8540484412433439
2020-08-01,11999.5,338.04529988827187,439.81408240636193,72.07274961171156,102.50892216369927,18,2020,8,2.8171615474667435,3.6652700729727234,0.6006312730673075,0.8542766128896977
2020-09-01,12057.5,340.12601599181494,442.51080147653613,72.49492252558326,103.09581428981568,18,2020,9,2.8208668131189296,3.6700045737220495,0.6012433964385923,0.8550347442655251
2020-10-01,12086.1,340.67624685365763,443.37296062787965,72.65988834866725,103.34400287983098,18,2020,10,2.8187442339022315,3.6684535179080067,0.6011855631565787,0.8550649331035733
2020-11-01,12118,341.6447413702029,444.5591277508733,72.85814466027351,103.6305089498812,18,2020,11,2.819316235106477,3.6685849789641303,0.6012390217880302,0.8551783210916092
2020-12-01,12152.9,342.80830560515966,446.09452285943587,73.06615031395253,103.92489577946863,18,2020,12,2.8207942598487574,3.6706837286527154,0.6012239902735359,0.8551448278145021
2021-01-01,12141.9,342.39585880516034,445.48604290164565,72.9830337173878,103.80492636183865,18,2021,1,2.8199528805636707,3.6689977919571537,0.6010841278332699,0.8549314881677386
2021-02-01,12172.2,343.62776599491576,446.963188582455,73.17538578495274,104.06911785566456,18,2021,2,2.8230538932560734,3.672000037646892,0.6011681190331472,0.8549737751241727
2021-03-01,12229.199999999999,345.2482747345554,449.0744087624109,73.51009444025411,104.55245315925741,18,2021,3,2.823146851262188,3.6721486995258146,0.6011030520414591,0.8549410685838601
2021-04-01,12193.4,343.5025361321951,447.268446867859,73.2930423392978,104.27394390253795,18,2021,4,2.8171185734265674,3.6681192027478717,0.6010878207825364,0.8551670895938619
2021-05-01,12215.9,344.63331043024994,448.57535873501433,73.47524953985577,104.52104341046396,18,2021,5,2.8211864081258846,3.672061483271919,0.6014722577939879,0.8556147595385027
2021-06-01,12247.6,345.71109193342596,450.0786607760057,73.73019677782214,104.90321508436904,18,2021,6,2.8226843784368034,3.674831483523349,0.6019970996588895,0.8565205843134086
2021-07-01,12304.9,347.42235817076283,452.18220135709714,74.04689152503829,105.3515512521611,18,2021,7,2.8234472297276927,3.6748141094775018,0.6017675196469561,0.8561755987627783
2021-08-01,12352.300000000001,349.05423880193985,454.2067486288351,74.35702113454144,105.77753260556781,18,2021,8,2.8258238449676565,3.677102633751083,0.6019690351962098,0.8563387596283105
2021-09-01,12392.6,350.03363465678484,455.5544442761745,74.61337233239703,106.13972381470238,18,2021,9,2.824537503484215,3.6760199173391737,0.6020800504526655,0.8564766377895063
2021-10-01,12452.8,352.0599283898886,457.99935170111456,74.96525251337442,106.63025398968024,18,2021,10,2.8271547635061083,3.6778824979210665,0.6019951538077736,0.8562753275542869
2021-11-01,12497.4,352.97302573808025,459.27825284799576,75.16795026142464,106.94054638290561,18,2021,11,2.8243716752130865,3.6749904207914907,0.6014687075825743,0.8557023571535328
2021-12-01,12537.1,354.08287318984486,460.7846793137896,75.45327196470066,107.34026926416007,18,2021,12,2.8242805209326307,3.675368939497887,0.6018399148503295,0.8561810088789279
2022-01-01,12564.3,354.7625473464962,461.65794271426574,75.60291342359069,107.55574375316753,18,2022,1,2.8235759043201467,3.674362620394815,0.6017280184617583,0.8560424675721492
2022-02-01,12600.8,355.3978986030116,462.80350087649254,75.86204450646044,107.93977515132232,18,2022,2,2.8204391673783538,3.672810463434802,0.6020414934485148,0.8566104941854671
2022-03-01,12673.7,358.0170373951886,465.9927033785846,76.31939526965117,108.57531638822144,18,2022,3,2.824881742468171,3.676848145202937,0.602187169253266,0.8566978576755125
2022-04-01,12726.3,359.42143262622284,467.7235267677214,76.61967977694485,108.98925806680984,18,2022,4,2.824241394798354,3.6752514616795255,0.6020577840923509,0.8564096246891072
2022-05-01,12735.4,359.3027341688745,467.66030437350935,76.63515762782592,109.01756510980739,18,2022,5,2.8212913153012433,3.672128903477781,0.6017491215652898,0.8560199531212792
2022-06-01,12766.7,360.0478767399107,468.5878086892965,76.80257853587187,109.24376346022486,18,2022,6,2.820210992189921,3.6703910069892487,0.6015852063248285,0.8556930409598787
2022-07-01,12799.9,361.00850656298445,469.804533938663,76.99328552371685,109.51542242289595,18,2022,7,2.820400991906065,3.6703765962129626,0.6015147424879635,0.8555959220220155
2022-08-01,12831.6,362.14674421343403,471.0452091475042,77.15003313774206,109.7302179893544,18,2022,8,2.8223038764724118,3.6709779696024203,0.6012502972173545,0.8551561612686991
2022-09-01,12849.5,362.5926494120936,471.6719300780547,77.26901250287514,109.91421877947414,18,2022,9,2.821842479568027,3.6707415080591046,0.6013386707877749,0.8553968541925688
2022-10-01,12883,363.6853020417431,472.99279625356064,77.4584419554615,110.17965232834679,18,2022,10,2.822986121569069,3.671449167535206,0.6012453772837189,0.8552328830889294
2022-11-01,12896,363.9103888155728,473.24942219203655,77.50502074130942,110.23994761679913,18,2022,11,2.821885769351526,3.669738075310457,0.601000471008913,0.8548383034801422
2022-12-01,12894.7,364.1390556315559,473.4587511008401,77.54192545600635,110.28839964910449,18,2022,12,2.8239436018795,3.6717314175656672,0.601347262487738,0.8553002369120994
2023-01-01,12902.6,364.6014323795839,474.0388828585534,77.6061766622584,110.37298821729456,18,2023,1,2.8257981521521547,3.6739795301610014,0.6014770407689799,0.8554321471431693
2023-02-01,12897.6,364.32757828240386,473.59062226828814,77.5336831214752,110.2634315159338,18,2023,2,2.824770331553187,3.671928283310757,0.6011481447825581,0.8549143368993751
2023-03-01,12887,364.21863897713826,473.437223351161,77.5116912731525,110.2347602389374,18,2023,3,2.8262484595106563,3.6737582319481725,0.6014719583545627,0.855395051128559
2023-04-01,12883.4,364.13397516979364,473.2366802681712,77.45104197529258,110.14337289499097,18,2023,4,2.8263810420369904,3.6732281871879415,0.6011692718947839,0.8549247317865702
2023-05-01,12869.3,363.7161848517839,472.6469150875241,77.34804565303973,110.0023380722756,18,2023,5,2.826231301250137,3.672669959419115,0.6010276056431954,0.854765512283307
2023-06-01,12875.5,364.0157267266374,473.0303546008081,77.40232296576212,110.07994544575186,18,2023,6,2.827196821301211,3.67387949672485,0.6011597449866967,0.8549566653392247
2023-07-01,12861.4,363.74698718011354,472.65322444581,77.34607210786797,110.00106078144046,18,2023,7,2.8282067829327566,3.674974920660348,0.6013814367632448,0.8552806131637338
2023-08-01,12861.2,363.8805702747489,472.87757648954806,77.3697175810992,110.04719105572913,18,2023,8,2.8292894152547885,3.6767764787854014,0.6015746398555282,0.8556525911713457
2023-09-01,12871.2,364.117928121201,473.1119835621902,77.39654914733418,110.08121250828073,18,2023,9,2.8289353605040786,3.675741061922666,0.6013157215126342,0.8552521327326179
2023-10-01,12836.7,362.50489822846464,471.24925966735077,77.16824447298876,109.76610196028274,18,2023,10,2.8239726583036497,3.6711090830770425,0.6011532907444184,0.8550959511422931
2023-11-01,12858.300000000001,363.6284343173001,472.3909950181564,77.28300936987716,109.9061408417993,18,2023,11,2.827966638803731,3.6738215395359908,0.6010359796386548,0.8547486125055357
2023-12-01,12871,363.99036666440685,472.8189669148033,77.35486110653413,110.00494194944241,18,2023,12,2.827988242284258,3.673521613820242,0.6010011740077238,0.8546728455399145
2024-01-01,12874.6,363.94212896800235,472.691789119187,77.32670315407665,109.96018408087087,18,2024,1,2.8268228058969003,3.6715066030726153,0.6006144125182659,0.8540862168989395
2024-02-01,12851.7,363.1734143643243,471.79711305439463,77.18836113840736,109.7757616048851,18,2024,2,2.8258784002452924,3.671087195113445,0.6006081774271681,0.8541730790859193
2024-03-01,12835.4,362.618868829816,471.0144608693221,77.06620005755659,109.60052535818389,18,2024,3,2.8251466166213444,3.669651595348194,0.6004191537276329,0.8538925577557683
2024-04-01,12832.8,362.57881859700893,470.96466204145895,77.06461156536434,109.60434960462084,18,2024,4,2.8254069150692676,3.6700070291866074,0.6005284237685022,0.8540953619211773
2024-05-01,12824,362.3189029935409,470.58650111593306,76.98796738918246,109.48584471437903,18,2024,5,2.8253189565934256,3.6695765838734644,0.6003428523797758,0.8537573667683954
2024-06-01,12814.1,361.753467504113,469.80618439861604,76.87892335772234,109.32679967715985,18,2024,6,2.823089155727777,3.6663221326399515,0.59995570003139,0.8531757960150136
2024-07-01,12805.6,361.51704393683207,469.41710727114116,76.80274252207987,109.20971740461712,18,2024,7,2.8231167921599307,3.665717399193643,0.5997590313775213,0.852827805058858
2024-08-01,12771.199999999999,360.0736467651243,467.6589789444086,76.56314406905176,108.87521558793476,18,2024,8,2.819419058233559,3.6618248789808994,0.5994984345171305,0.8525057597401557
2024-09-01,12757.5,359.69532337734364,467.1552487322656,76.47405019081663,108.74423311661288,18,2024,9,2.819481272799088,3.6618087300197186,0.5994438580506889,0.8523945374612022
2024-10-01,12696.5,357.2358555314197,464.3119839312245,76.09517299560119,108.22395754230106,18,2024,10,2.8136561692704265,3.657007710244749,0.599339762892145,0.8523920571992366
2024-11-01,12710.8,358.3950633890705,465.5082784515684,76.2082101390467,108.37223905710938,18,2024,11,2.8196105940544305,3.662305114167231,0.5995547891481787,0.8525996715950954
2024-12-01,12693.5,357.6994635295952,464.6367615886862,76.07691689711137,108.18715505862289,18,2024,12,2.8179734787851674,3.660430626609574,0.5993375892946105,0.8523035810345679
2025-01-01,12673.1,356.94908182859666,463.7773597827303,75.95927893979304,108.02960004711161,18,2025,1,2.8165885365742924,3.6595415469200927,0.5993740989954552,0.852432317642184
2025-02-01,12671.6,356.95938138840006,463.7966055573359,75.96583581689008,108.04753750033973,18,2025,2,2.8170032307553905,3.6601266261351046,0.5994967945396799,0.8526747806144427
2025-03-01,12666.2,356.74320264607826,463.5355950271537,75.92548716520497,107.99009948205394,18,2025,3,2.8164974707969104,3.65962636802793,0.5994338251820196,0.852584827983562
2025-04-01,12661.5,356.5987783149462,463.41673680356365,75.9235226462942,107.99413363035285,18,2025,4,2.8164023086912784,3.660046098831605,0.599640821753301,0.852933172454708
2025-05-01,12650.699999999999,356.228430157553,462.9176948418982,75.83730627240548,107.87704344353988,18,2025,5,2.8158792016058642,3.6592259309121093,0.5994712250895641,0.8527357651635079
2025-06-01,12635.9,355.8370419122629,462.4082264105033,75.75827677083142,107.76503486789557,18,2025,6,2.8160799144680073,3.6594799453185236,0.5995479290816753,0.8528481142450919
2025-07-01,12625.2,355.58112057331397,462.004413220986,75.67834589194564,107.65644490891067,18,2025,7,2.8164395064895125,3.659382926377293,0.5994229468994204,0.8527108078201586
2025-08-01,12614.5,355.07129008201173,461.4212191976656,75.59605881822105,107.53963815752023,18,2025,8,2.814786872900327,3.6578637218888232,0.5992790742258596,0.852508130782197
2025-09-01,12611.8,354.97693377862214,461.3422276757096,75.59424235799386,107.53444629555165,18,2025,9,2.814641318278296,3.658020486177307,0.5993929681567569,0.8526494734736647
2025-10-01,12602.4,354.712135768633,461.035299035269,75.54936481537183,107.47409130149659,18,2025,10,2.814639558882697,3.658313488186925,0.5994839460370393,0.852806539242498
2025-11-01,12592.699999999999,354.53000188516955,460.73897352527086,75.49896829253011,107.40297727996673,18,2025,11,2.815361295712354,3.658778288415279,0.599545516787743,0.8528987213224071
2025-12-01,12580.1,354.2277384643107,460.3388645353163,75.4297418893674,107.30570186642336,18,2025,12,2.8157783997290218,3.6592623630600416,0.5995957257046239,0.8529797208799879
2026-01-01,12581.6,354.39544608757035,460.5034997906929,75.46047974814532,107.34756354330143,18,2026,1,2.816775657210294,3.6601346393995424,0.5997685488979567,0.8532107485796833
2026-02-01,12576.4,354.3669218133262,460.47030106465786,75.45788454185504,107.34396327037635,18,2026,2,2.8177135095363237,3.6613840293299984,0.5999959013855717,0.8535349008490216
2026-03-01,12591.4,355.05976193366587,461.30454047539126,75.57055765185079,107.49673988073444,18,2026,3,2.819859284381926,3.663647731589746,0.6001759744893402,0.853731434794657
