date,total_employment,I_t_2025,I_t_recent,I_t_2025_direct,I_t_recent_direct,n_industries,year,month,I_t_2025_pct,I_t_recent_pct,I_t_2025_direct_pct,I_t_recent_direct_pct
1996-01-01,17208,494.62273005069363,781.4753194592872,101.554593451259,177.6715441764071,18,1996,1,2.8743766274447564,4.541348904342674,0.5901591902095479,1.0324938643445323
1996-02-01,17230.4,495.4113838490494,782.5646686318568,101.6541690078111,177.82127508240416,18,1996,2,2.875216964487472,4.541767275465785,0.5899698730604692,1.032020586187228
1996-03-01,17192.7,493.4001174531395,779.7530449409663,101.39843311238474,177.39949664636507,18,1996,3,2.869823340447629,4.535372832312355,0.5897760858526278,1.031830350360124
1996-04-01,17203.3,493.9670708534256,780.3441890182785,101.42454160936309,177.43294953768026,18,1996,4,2.8713506760529994,4.536014538014674,0.5895644533860543,1.0313890331371323
1996-05-01,17222,494.41753000498807,781.1121813745283,101.54857888381814,177.65760854245892,18,1996,5,2.8708485077516435,4.53554860860834,0.5896445179643371,1.0315736182932234
1996-06-01,17226.1,494.3467333142433,781.0978060592986,101.56932321340949,177.71064586551194,18,1996,6,2.869754229420724,4.534385647704928,0.5896245999582581,1.0316359818270644
1996-07-01,17221.9,494.1259244563939,780.6841443199447,101.52877084434905,177.61153633243075,18,1996,7,2.869171952318814,4.533089521597179,0.589532925196111,1.031312087124131
1996-08-01,17255.7,494.7399596557551,781.7846041713285,101.69451407146794,177.94678945781868,18,1996,8,2.867110344151527,4.530587598134694,0.5893386769094731,1.0312348352012302
1996-09-01,17251.6,494.6052273543528,781.53072762213435,101.66956966830094,177.89417423068764,18,1996,9,2.867010754679872,4.5301927219628,0.589334146793926,1.031174930039461
1996-10-01,17268.3,495.0507072125334,782.1794387831857,101.74909595275642,178.01798511715708,18,1996,10,2.8668178524378973,4.529568277034715,0.5892247410153659,1.0308946747343808
1996-11-01,17276.9,495.1240814375265,782.3131069635556,101.7907404041737,178.09400640779833,18,1996,11,2.8658155192049874,4.5280872550258175,0.5891724811984425,1.030821538631342
1996-12-01,17284.2,495.26661025814036,782.5242525423471,101.82313558904092,178.1451493877756,18,1996,12,2.865429758149873,4.527396422989476,0.5891110701625816,1.0306820644737713
1997-01-01,17297,495.58165770924313,783.0457189379892,101.89955397654083,178.27779313816893,18,1997,1,2.8651307030655206,4.527060871468979,0.5891169218739714,1.0306862064992133
1997-02-01,17315.4,496.117376422461,783.8548580829103,101.99752276979392,178.4465730219829,18,1997,2,2.865179992506445,4.526923190240539,0.5890566938666961,1.030565698869116
1997-03-01,17340,496.4107090732089,784.3793371833333,102.1028128858735,178.6339544302712,18,1997,3,2.862806857400282,4.523525589292579,0.5888282173349106,1.0301842816047935
1997-04-01,17350,496.36488480033415,784.3414118635608,102.11561781279426,178.6605779335855,18,1997,4,2.860892707782906,4.520699780193434,0.5885626386904568,1.0297439650350748
1997-05-01,17363.5,496.47336110227644,784.5087828484429,102.15328003839458,178.72380561968703,18,1997,5,2.8592931212156327,4.518148891919503,0.5883219399222195,1.0293074876590953
1997-06-01,17387,496.99458085559394,785.3363170681553,102.27437053211206,178.9388167093193,18,1997,6,2.8584263004290213,4.516801731570457,0.5882232158055561,1.0291529114241633
1997-07-01,17388.5,496.73824213858984,784.9521946594426,102.25576042476573,178.90649000325783,18,1997,7,2.856705536064582,4.514203034531113,0.5880654479958922,1.028878224132374
1997-08-01,17452.7,498.8467041410885,788.1468195123061,102.61590411244286,179.55185323482078,18,1997,8,2.858278112504589,4.5159019493391055,0.5879657824430767,1.0287912657343607
1997-09-01,17464.7,498.88286359448836,788.3248215016328,102.68407228319748,179.6807433575961,18,1997,9,2.8565212319392166,4.513818282029653,0.5879521107330643,1.0288223866290065
1997-10-01,17513.6,500.244553530298,790.5024445065544,102.9767577343882,180.20034870500763,18,1997,10,2.8563205367845446,4.513649075612978,0.5879816698702048,1.0289166630790223
1997-11-01,17555.6,501.5397385198178,792.5381192210269,103.24950152471666,180.68888268186294,18,1997,11,2.8568646957085932,4.51444621215468,0.5881285830431126,1.0292378653071552
1997-12-01,17587.1,502.2812204286116,793.7630660555097,103.42714073819162,181.00801085499072,18,1997,12,2.855963862311647,4.513325483197968,0.5880852484957249,1.0292089705237972
1998-01-01,17618.9,503.06573019470284,795.0721870823986,103.62543288557805,181.36311707796176,18,1998,1,2.855261850596251,4.512609680981211,0.5881492765472194,1.0293668564891212
1998-02-01,17626.4,503.14090822549974,795.2288150396753,103.66684776960987,181.4465952869468,18,1998,2,2.854473450196862,4.511578172739046,0.5881339795398373,1.02940246043972
1998-03-01,17637,503.1242194278697,795.2850826563464,103.71358399421884,181.54262394492665,18,1998,3,2.8526632614836407,4.509185704237378,0.5880454952328562,1.0293282527920091
1998-04-01,17636.5,502.758981386945,794.813581976317,103.69657606959444,181.52605124271582,18,1998,4,2.8506732139990643,4.5066401041948065,0.5879657305564847,1.0292634663494222
1998-05-01,17623.8,502.15565278969143,793.9233866203647,103.62028837179548,181.3995224597337,18,1998,5,2.8493040819215576,4.504836565441986,0.5879565608540467,1.0292872278381149
1998-06-01,17607.7,501.4075032468655,792.8266775467142,103.51352661554121,181.23166669676434,18,1998,6,2.8476604170156548,4.5027270884142405,0.5878878366597636,1.0292750711152754
1998-07-01,17422.3,494.0284991038228,782.1876612721786,102.37623979373811,179.26429150678197,18,1998,7,2.8356101037395915,4.4895775028106435,0.587616100019734,1.0289358552360022
1998-08-01,17563,499.6199409039096,790.0947546882609,103.22862062812699,180.76394197031132,18,1998,8,2.844730062653929,4.498632094108414,0.5877618893590332,1.0292315775796352
1998-09-01,17557,499.46803260787897,789.8252067037375,103.19369944854186,180.7032988248999,18,1998,9,2.844837002949701,4.4986342011946086,0.5877638517317416,1.0292379041117496
1998-10-01,17511.8,497.8492426786313,787.2458351201658,102.9120216501511,180.19661388778374,18,1998,10,2.8429358642665594,4.495516366793624,0.587672436015436,1.0290010957627642
1998-11-01,17465.6,495.9838778046075,784.3475094996094,102.59468462897216,179.63813282295357,18,1998,11,2.839775775264563,4.490813424672553,0.5874100210068487,1.0285254032094722
1998-12-01,17449.1,495.4013673895493,783.4924622962284,102.49838686681744,179.48824571460338,18,1998,12,2.8391227478182217,4.4901597348644255,0.5874136022305876,1.0286389883409655
1999-01-01,17426.7,494.5814654831355,782.1813514575756,102.35544500071292,179.23705394525504,18,1999,1,2.8380672501571467,4.488407739030198,0.5873484079069067,1.0285197653328229
1999-02-01,17394.7,493.06331630751487,779.9784917191761,102.13839563872111,178.88561806788547,18,1999,2,2.8345606208069976,4.484000826223942,0.5871811278074419,1.0283915104479264
1999-03-01,17367.9,492.100974751285,778.4741400120873,101.97453926054739,178.60999833119214,18,1999,3,2.8333936443167276,4.482258304182355,0.5871437494489684,1.0283914481957641
1999-04-01,17343.5,491.0825658804358,776.9386147282793,101.81271398548205,178.33816320642663,18,1999,4,2.831507861045555,4.479710639307402,0.5870367226077899,1.0282708980680175
1999-05-01,17332.8,490.41419222102746,775.9915386830363,101.72218355740029,178.19871085933025,18,1999,5,2.8293997058814933,4.477012015848774,0.5868768090406645,1.0281011196075087
1999-06-01,17294.7,488.920660241152,773.6214515407861,101.45591822858806,177.71918967112202,18,1999,6,2.826997058296195,4.473170691256778,0.5866301134369954,1.0275933648523652
1999-07-01,17308.2,489.22334482350885,774.2006094268907,101.59060724278599,177.95995641995205,18,1999,7,2.8265408582262097,4.473027867871244,0.5869507357367374,1.0281829215051366
1999-08-01,17287.2,488.3420926728889,772.7514944662594,101.39913196859098,177.6236756656185,18,1999,8,2.8248767450650707,4.470078985991134,0.5865561338365436,1.027486670285636
1999-09-01,17281.5,487.58277491562166,771.6415238508868,101.30607766587747,177.4667012397173,18,1999,9,2.821414662590757,4.4651304797088605,0.5862111371459507,1.026917230794302
1999-10-01,17273,487.0620950603907,770.9720832872412,101.24795593258689,177.39691980431954,18,1999,10,2.819788658949752,4.463452111892787,0.5861631212446413,1.027018582784227
1999-11-01,17281.4,486.8882510530132,770.7719551777016,101.25799373043317,177.43056715422634,18,1999,11,2.8174120791892623,4.46012449904349,0.5859362883240545,1.0267140807702289
1999-12-01,17279.2,486.6039363014281,770.389026645005,101.24035695910942,177.41336389510758,18,1999,12,2.816125377919279,4.4584762410586425,0.5859088207735856,1.026745242228272
2000-01-01,17284.7,486.54514149110855,770.3059775290473,101.24837919931286,177.4473375629201,18,2000,1,2.814889130219839,4.45657707411206,0.5857687966774827,1.026615084802861
2000-02-01,17284.2,486.3661662070932,770.2003690075902,101.25829054420771,177.4950613243843,18,2000,2,2.813935074849245,4.456094982744878,0.5858430852698285,1.0269208949467392
2000-03-01,17301.6,486.9101812161398,771.0279602678884,101.35196315514187,177.67025863715764,18,2000,3,2.8142494406074574,4.456396866578169,0.5857953204047134,1.0269007411866975
2000-04-01,17298.4,486.41635927108945,770.2892928960308,101.30529199174866,177.57612899913258,18,2000,4,2.811915317434499,4.452951098922622,0.5856338851671175,1.026546553433454
2000-05-01,17278.5,485.81351151893153,769.3129948585897,101.15737076856317,177.3276063653606,18,2000,5,2.811664852382623,4.4524292899186255,0.5854522717166604,1.0262905134436473
2000-06-01,17294.3,486.52174690886415,770.3824278854206,101.28421084121246,177.54784416357518,18,2000,6,2.813191322625745,4.454545300390421,0.5856508262329928,1.026626369171202
2000-07-01,17322,486.5293342049042,770.6235310445081,101.39208074376633,177.7481347568894,18,2000,7,2.8087364865772093,4.448813826604942,0.5853370323505734,1.0261409465240123
2000-08-01,17286.8,484.9368914863723,768.1594657901206,101.09025346687429,177.217896262211,18,2000,8,2.8052438362587195,4.443618632656829,0.5847829179887214,1.0251631086274557
2000-09-01,17229.5,482.8696779149084,764.932035380844,100.71606187213942,176.5499616812543,18,2000,9,2.802575106154609,4.4396647342107665,0.5845559178858319,1.0246957931527572
2000-10-01,17216.6,482.29588105464546,764.002262615692,100.59674320828688,176.35211076648935,18,2000,10,2.801342199125527,4.437590828710036,0.5843008678152881,1.0243143870827536
2000-11-01,17201.6,481.762111865548,763.1329228201948,100.4722496231459,176.1273174357907,18,2000,11,2.800681982289717,4.43640662973325,0.5840866525389842,1.0239007850187816
2000-12-01,17181.1,480.7646884178028,761.4694658624984,100.2826999254585,175.7716671508913,18,2000,12,2.79821832372667,4.432018123766804,0.5836803227119247,1.0230524655050683
2001-01-01,17104.7,477.61976716853735,756.7481894683733,99.7351320292782,174.81601458477218,18,2001,1,2.792330570945631,4.424211997102394,0.5830861226988968,1.0220349645698092
2001-02-01,17030.4,475.17591302198474,752.706302164476,99.21094758338371,173.9098070338185,18,2001,2,2.790162961656712,4.419780522856046,0.5825520691433185,1.0211727677201856
2001-03-01,16937.9,472.13723793326744,747.8060297407015,98.58065355080097,172.7743041135641,18,2001,3,2.7874602986985835,4.414986685130397,0.58201225388508,1.0200456025455582
2001-04-01,16802,467.8366746301139,741.0024518481086,97.7223320289496,171.26578345379616,18,2001,4,2.7844106334371737,4.410203855779721,0.5816113083498964,1.0193178398630887
2001-05-01,16660.5,463.24152471710033,733.7822965335141,96.83274635904732,169.7064360532166,18,2001,5,2.780477925134902,4.4043233788512595,0.581211526419059,1.0186155040558003
2001-06-01,16513.6,458.5821409881328,726.4854986200467,95.90629184977736,168.09633627448727,18,2001,6,2.776996784396696,4.399316312736452,0.5807715570788766,1.0179266560561433
2001-07-01,16381,454.54400003790806,719.998337487016,95.04753259088882,166.5754564728951,18,2001,7,2.774824492020683,4.395325911037275,0.580230343635241,1.0168820979970399
2001-08-01,16232.6,449.65793683948976,712.3440843741192,94.13818716294284,164.99611267257637,18,2001,8,2.770091894332946,4.388354819154783,0.5799328953029265,1.0164490757646734
2001-09-01,16116,445.9837333903745,706.5224231387549,93.39255323606949,163.68639782329328,18,2001,9,2.767335153824612,4.38398128033479,0.5795020677343602,1.0156763329814673
2001-10-01,15972.5,441.0006249546502,698.7919863518259,92.44437407555583,162.03331393226406,18,2001,10,2.7609993736400074,4.374969393343721,0.578772102523436,1.0144518011098078
2001-11-01,15824.8,436.20411089238695,691.1077424392406,91.4792839272858,160.31692486171113,18,2001,11,2.7564589182320596,4.367244719928471,0.5780754507310413,1.0130739400290123
2001-12-01,15711.6,432.6136841515783,685.4100173230137,90.74901260744684,159.0117210220377,18,2001,12,2.753466764375228,4.362445691864696,0.5775924323903794,1.0120657413760388
2002-01-01,15587.8,428.4523598006566,679.0909171700674,89.9967216445285,157.70498497386447,18,2002,1,2.7486390626044512,4.356553953541022,0.5773535819328481,1.0117206082568706
2002-02-01,15517.4,426.44983974817325,675.7993013696633,89.55169870601956,156.9167692207094,18,2002,2,2.7482042078452142,4.355106534404367,0.5771050479205252,1.0112310646159113
2002-03-01,15443.4,424.27930748202186,672.417942386536,89.13210885410813,156.1823930355215,18,2002,3,2.747317996568255,4.3540796870283485,0.5771534043935153,1.0113212960586497
2002-04-01,15391.8,422.71462453470036,670.0033028808172,88.82593838385476,155.6579570009077,18,2002,4,2.7463625081842307,4.352988623038353,0.5770990942180562,1.011304441331798
2002-05-01,15338,421.4951190803726,668.0280837195592,88.52998706011687,155.15195096966931,18,2002,5,2.7480448499176724,4.355379343588207,0.5771938131445877,1.0115526859412525
2002-06-01,15297.4,420.4282038685638,666.3455977566878,88.29944737378612,154.75636979016662,18,2002,6,2.748363799525173,4.355940210471634,0.5772186605160754,1.0116514557386656
2002-07-01,15255.7,419.45732001499493,664.7739176556581,88.07760684174947,154.37178373375062,18,2002,7,2.74951211688087,4.3575445089747316,0.5773422841413338,1.0118957749152815
2002-08-01,15170.8,416.99495476087736,660.9893889523689,87.5865308624323,153.53483799106607,18,2002,8,2.748668196541233,4.356984397344695,0.5773362700874859,1.0120418039329901
2002-09-01,15118.7,415.1961258283854,658.1613115158401,87.2197128904666,152.90558372938668,18,2002,9,2.746242241914883,4.3532930180229785,0.5768995541314172,1.0113672718513276
2002-10-01,15059.3,413.215839438408,655.0456950582883,86.83758449678699,152.24080898804974,18,2002,10,2.7439246142809295,4.349775189140852,0.5766375893752498,1.0109421353452668
2002-11-01,14991.9,411.187977830726,651.9133904421439,86.43111924382501,151.5406307376782,18,2002,11,2.7427342620396753,4.348437425824238,0.5765187817676546,1.0108167126093306
2002-12-01,14911.8,408.7599738719279,648.0333978585244,85.92192132386727,150.6412747795642,18,2002,12,2.7411846582701482,4.345775814177526,0.576200869941035,1.0102152307539278
2003-01-01,14867.1,406.88859114868393,645.218237817134,85.62095905654863,150.1448900953499,18,2003,1,2.736839001208601,4.339906490284816,0.575908946980572,1.0099137699709417
2003-02-01,14780.2,404.2288247237407,640.9971083526318,85.09863521500907,149.2191635124022,18,2003,2,2.7349347419097216,4.336863563095437,0.5757610534025863,1.009588256670425
2003-03-01,14721.6,402.37349297988004,638.0700110803608,84.73117307534568,148.583868646339,18,2003,3,2.7332184883428434,4.334243635748565,0.5755568217812308,1.0092915759587204
2003-04-01,14608.6,398.569352564908,632.183714747155,83.99613026532377,147.31488708496184,18,2003,4,2.7283199797715594,4.327476382043146,0.5749772754769367,1.0084120797678204
2003-05-01,14557.6,397.03721126114493,629.5581097783945,83.6504190496355,146.68191536208326,18,2003,5,2.7273534872585103,4.324600962922422,0.5746168259166037,1.007596824765643
2003-06-01,14493.5,395.09890864259404,626.4479515027324,83.26006218528134,145.98308188209128,18,2003,6,2.7260420784668575,4.322268268553023,0.574464844138968,1.0072313925697125
2003-07-01,14402.7,391.7473191766819,621.2480200290204,82.65313636811685,144.9406421164905,18,2003,7,2.7199575022508413,4.313413596263342,0.573872512571371,1.0063435475049156
2003-08-01,14375.8,390.72839614312244,619.6265520571869,82.45051146390934,144.5963213067366,18,2003,8,2.71795932152035,4.310205707210638,0.5735368568282068,1.0058314758603808
2003-09-01,14346.3,389.8948691563185,618.3095599265242,82.29442414389453,144.31299854588795,18,2003,9,2.717738156572207,4.309888681587059,0.5736282117611825,1.0059248624794404
2003-10-01,14334,389.65498162216505,617.9112664227918,82.22546595785158,144.19830898152634,18,2003,10,2.7183966905411263,4.3108083327946956,0.5736393606659104,1.0059879236886167
2003-11-01,14315.5,389.36427517483315,617.4706369668478,82.14998301222897,144.0666480421194,18,2003,11,2.719878978553548,4.313301225712324,0.573853396753372,1.0063682584759135
2003-12-01,14298.8,388.9504691076678,616.8911669541044,82.07736770568974,143.96814996304175,18,2003,12,2.720161615713681,4.314286282444012,0.5740157754894799,1.0068547707712658
2004-01-01,14290.8,388.71951559889123,616.4550383228465,82.00749902858036,143.82406881581898,18,2004,1,2.720068264889938,4.313649608999122,0.5738482032397092,1.0064101996796468
2004-02-01,14278,388.54245353294436,616.2002846510617,81.94206689815995,143.72950763678958,18,2004,2,2.721266658726323,4.315732488101006,0.573904376650511,1.0066501445355762
2004-03-01,14286.8,388.8186748460517,616.6479158026267,81.99637753052683,143.81327601659703,18,2004,3,2.7215238881068657,4.316207378857594,0.5739310239558671,1.006616429267555
2004-04-01,14314.6,389.6139349400765,618.0403186083727,82.1896990505158,144.16847533633518,18,2004,4,2.7217940769569284,4.317552139831869,0.5741669278255473,1.0071428844420045
2004-05-01,14342,390.2575012707015,619.0722986252612,82.31974528527887,144.402646571629,18,2004,5,2.7210814479898304,4.316499083985923,0.5739767486074387,1.0068515309693835
2004-06-01,14333.7,389.91081599071356,618.609831163766,82.28217421811837,144.35784170535538,18,2004,6,2.7202384310451144,4.315772139529681,0.5740469956683785,1.007121969242801
2004-07-01,14331,389.51733737099863,618.1348538330383,82.25057209317809,144.31978840199608,18,2004,7,2.718005284844035,4.313270908052741,0.5739346318692212,1.0070461824157149
2004-08-01,14345.1,390.36730410752364,619.322921230879,82.36891250940944,144.51507019456903,18,2004,8,2.721258855689564,4.317313376908345,0.5741954570509055,1.007417656165304
2004-09-01,14331.4,389.95996484218705,618.6801667176788,82.27421855622204,144.36001558124084,18,2004,9,2.7210179385278974,4.31695554319661,0.5740836105071524,1.0072987676098697
2004-10-01,14331.6,389.8126444163701,618.4724450890577,82.25118854139654,144.33078187484514,18,2004,10,2.719952025010258,4.315445903381742,0.5739149051145478,1.007080729819735
2004-11-01,14305.7,389.0901827679177,617.3921688973206,82.1252688246487,144.11985281314585,18,2004,11,2.719826242462219,4.315707507478282,0.5740737525926637,1.0074295757155949
2004-12-01,14285.1,388.5889753432658,616.6292349325292,82.01829048373783,143.95390870065688,18,2004,12,2.7202397977141626,4.3165902579087945,0.5741527219532088,1.0077206928943925
2005-01-01,14257.4,387.6877567500221,615.2679086144574,81.8461175617091,143.66110294012245,18,2005,1,2.719203759100693,4.315428539666821,0.5740606110630907,1.007624832999863
2005-02-01,14272.4,388.20743560219813,615.9967504406328,81.92840517182658,143.8067072750168,18,2005,2,2.719987077171311,4.315999764865285,0.5740338357376936,1.0075860210967797
2005-03-01,14267.8,387.8098426697169,615.4963769503032,81.89775514889935,143.76717755149187,18,2005,3,2.718077367707123,4.313884249500997,0.5740040871676036,1.0076338156652873
2005-04-01,14249.2,387.25110339200677,614.6049847330052,81.77454057652356,143.5482828970497,18,2005,4,2.717704175616924,4.313259584629348,0.5738886434082163,1.0074129277226067
2005-05-01,14254.7,387.5357025123057,615.0361363218102,81.81426131449493,143.62504401790403,18,2005,5,2.718652111319815,4.314619994260211,0.5739458656758467,1.0075627268052223
2005-06-01,14226.5,386.2662141905769,613.1380880989528,81.58808160995163,143.2288141000077,18,2005,6,2.715117662043207,4.309830865630709,0.573493702667217,1.006774780163833
2005-07-01,14224.4,385.88881869430196,612.5528859731348,81.52410126295389,143.1140938818783,18,2005,7,2.712865348937755,4.306353069184885,0.5731285766918387,1.0061169109549668
2005-08-01,14200.3,385.3199997744067,611.6978522332714,81.41987845922804,142.93893038083087,18,2005,8,2.7134637984719108,4.307640347269223,0.5733673123752882,1.0065909197751517
2005-09-01,14173,384.2631097098989,610.2460135852806,81.27218807251117,142.70056276897338,18,2005,9,2.7112333994912787,4.305694020922039,0.5734296766563972,1.006847969865049
2005-10-01,14188.8,384.89534928271246,611.2064929420452,81.40302406997353,142.92573284931007,18,2005,10,2.712670199613163,4.307668674884734,0.5737132391038955,1.007313746400753
2005-11-01,14183.5,384.5724372329891,610.608471890926,81.30450156146898,142.77215383683404,18,2005,11,2.7114071789966445,4.30506202200392,0.5732329929951633,1.0066073524647234
2005-12-01,14189.4,384.7563403705962,610.9170122558678,81.34232773376098,142.84471192303317,18,2005,12,2.7115758268185846,4.305446405456664,0.5732612212902659,1.0067001559123936
2006-01-01,14207.8,385.43944857080135,611.9880493857319,81.47170076691484,143.0814712691462,18,2006,1,2.7128721446726543,4.307408954135981,0.5734293892574138,1.0070628195015852
2006-02-01,14207.6,385.3367526769905,611.876036348687,81.47803739281255,143.07287283151837,18,2006,2,2.712187510043853,4.306681187172266,0.5734820616628604,1.0070164759109095
2006-03-01,14210.4,385.24780110808223,611.8378775236908,81.4915239652054,143.12725671210484,18,2006,3,2.7110271428537,4.305564076477023,0.5734639698052512,1.0072007593882286
2006-04-01,14223.6,385.7022820222282,612.4503438609595,81.5511526042879,143.2286669293127,18,2006,4,2.7117064739041323,4.305874348694841,0.5733509983709322,1.0069790132548209
2006-05-01,14199.7,385.155548377097,611.694371182449,81.44299029105052,143.0787171308207,18,2006,5,2.712420321394797,4.307797849126735,0.5735543024926619,1.0076178872146644
2006-06-01,14209.300000000001,385.4906104431266,612.1552118329984,81.4845301596871,143.1710459064661,18,2006,6,2.7129458202946424,4.308130673805173,0.5734591440794908,1.007586903693117
2006-07-01,14184.5,384.5216167699633,610.7662955688932,81.31705192824276,142.887736338547,18,2006,7,2.710857744509594,4.305871166194742,0.573281059806428,1.0073512378902816
2006-08-01,14153.9,383.3947139647621,609.0741021169849,81.11687034700275,142.54952595511324,18,2006,8,2.708756695785346,4.303224567906972,0.5731061428087153,1.007139558391067
2006-09-01,14119.8,382.4879707116202,607.5749773349619,80.90698183518177,142.17481922800587,18,2006,9,2.7088766888455944,4.302999881973979,0.5730037382624525,1.0069180811909935
2006-10-01,14068.1,381.0074618081841,605.2492088253795,80.60612270275523,141.64687325954603,18,2006,10,2.708307886695318,4.302281109925146,0.572970925020118,1.0068656979943704
2006-11-01,14034.2,379.6692990904408,603.1421451473242,80.34378033789872,141.18087371224192,18,2006,11,2.70531486718474,4.2976596111450895,0.5724856446245509,1.0059773532673177
2006-12-01,14008.8,379.2781098254847,602.4904343709405,80.23286118613463,140.99898633111368,18,2006,12,2.707427544297047,4.300799742811237,0.5727318627301028,1.0065029576488613
2007-01-01,14003,378.5032956196043,601.4243547231252,80.14260491873019,140.86090705708602,18,2007,1,2.7030157510505197,4.294967897758518,0.5723245370187117,1.0059337788837108
2007-02-01,13993.4,378.27183260641283,601.1190735151937,80.11252583609046,140.8291115891532,18,2007,2,2.7032160347479013,4.2957327991424075,0.5725022213049756,1.006396669781134
2007-03-01,13963.2,377.4464023523392,599.8734383191828,79.95512017180394,140.56274904898808,18,2007,3,2.703151156986501,4.29610288701145,0.5726131558081524,1.006665728837144
2007-04-01,13939,376.9569430589403,599.1688017921273,79.8585364048154,140.4177634052609,18,2007,4,2.7043327574355427,4.298506361949403,0.5729143870063519,1.0073732936743016
2007-05-01,13921.3,376.1741999116579,597.9962222310244,79.72484448627392,140.19138484593907,18,2007,5,2.702148505611243,4.2955487075993215,0.5726824684926978,1.0070279704189917
2007-06-01,13903.5,375.5358511969646,597.0098957954583,79.60872456941223,139.98589559016702,18,2007,6,2.7010166590927795,4.293954010108666,0.5725804622534774,1.0068392533546733
2007-07-01,13881.8,374.7106933530508,595.7578530201779,79.45776220459308,139.73651281760087,18,2007,7,2.699294712163054,4.291646998373251,0.5723880347259944,1.0066166694348058
2007-08-01,13820.9,373.18286186387274,593.2550321208273,79.10480079942627,139.11987579382014,18,2007,8,2.70013430285924,4.292448625782889,0.5723563646320158,1.0065905678633096
2007-09-01,13783.800000000001,372.2153370089156,591.6309459915583,78.88595286625943,138.7247208444652,18,2007,9,2.700382601379268,4.292219460464881,0.5723091808228459,1.0064330652248668
2007-10-01,13756,371.3104102703444,590.252659913832,78.7144801354551,138.43129179077465,18,2007,10,2.699261487862347,4.2908742360703105,0.5722192507666116,1.0063339036840262
2007-11-01,13750.2,371.25079854911996,590.1376864219534,78.68844512032166,138.3913573851392,18,2007,11,2.6999665353894486,4.291848019824827,0.5722712769292203,1.0064679596306905
2007-12-01,13738.3,370.55662103522474,589.1258827505827,78.56921229354246,138.19830289489957,18,2007,12,2.6972523604465235,4.288200743546019,0.5718990871763061,1.0059345253408325
2008-01-01,13717.3,369.77243799142155,587.9786871399077,78.44417767207013,137.98826385482175,18,2008,1,2.6956648756783155,4.286402478183811,0.5718631047806064,1.005943325981219
2008-02-01,13689.5,369.1490691796743,587.0179320815893,78.29974292942346,137.75438206132623,18,2008,2,2.6965854792335318,4.288088915457754,0.5719693409505348,1.006277673116814
2008-03-01,13649.3,367.8666135753241,585.1850006884197,78.09121457269791,137.4049905247526,18,2008,3,2.6951317179293013,4.287289463111073,0.5721261498589518,1.006681591911326
2008-04-01,13589.5,365.8577005052423,582.1271307937213,77.73533994965142,136.7874905161552,18,2008,4,2.6922086942510197,4.283653782653676,0.5720250189458878,1.0065675007627595
2008-05-01,13555,365.22580746847154,580.9999919059077,77.55160651049118,136.46534865123124,18,2008,5,2.694399169815356,4.286241179682093,0.5721254630062057,1.006752848773377
2008-06-01,13493.9,363.60119229101906,578.3600664401508,77.19364605423962,135.8400460526779,18,2008,6,2.694559706912153,4.286085315884591,0.5720632734364388,1.0066774324152241
2008-07-01,13418.7,361.39988850111405,574.9621607094336,76.75948747017466,135.07161036669123,18,2008,7,2.693255594812568,4.284782882912902,0.5720337101967751,1.006592370100615
2008-08-01,13347.300000000001,359.07614384449676,571.4016190682775,76.28431380963922,134.24281031653413,18,2008,8,2.6902530387756083,4.281027766426748,0.5715336720508208,1.0057675358801714
2008-09-01,13266.5,356.49117686812497,567.3733050251668,75.76334610098455,133.34246434410522,18,2008,9,2.687153181834885,4.276736931558187,0.5710876727168775,1.0051065793095786
2008-10-01,13138.1,352.17692101502473,560.8213139108813,74.96533231480043,131.95760371461125,18,2008,10,2.680577260144349,4.268663763488489,0.5705949286030737,1.0043887907278164
2008-11-01,13026.1,348.7987511243704,555.1738209938634,74.20137512496079,130.58642688472725,18,2008,11,2.6776913360435617,4.262011047004578,0.5696361545279154,1.0024982679752745
2008-12-01,12841.7,343.32404137385527,546.5025903696717,73.09377136571884,128.6150244488774,18,2008,12,2.6735092812778314,4.255687256123968,0.5691907719828281,1.0015420423221022
2009-01-01,12551.4,333.5159400754377,531.4678776961108,71.2648817898727,125.41522312173213,18,2009,1,2.6572011096406594,4.234331450643839,0.5677843251738668,0.999213021031376
2009-02-01,12371.2,328.9840086451011,523.5779492014492,70.11705868392923,123.32498118743217,18,2009,2,2.659273220424058,4.232232517471621,0.5667765348869086,0.9968716146164655
2009-03-01,12195.6,323.3124908510325,514.4126280179574,68.89906182458206,121.16236826006326,18,2009,3,2.65105850348513,4.218018203433677,0.5649501609152651,0.9934924748275055
2009-04-01,12016.7,317.2052609305209,504.6715380434698,67.65785173247336,118.93636410736946,18,2009,4,2.6397035869291976,4.199751496196708,0.5630318784064956,0.9897589530184613
2009-05-01,11850.1,312.0277357983543,496.4957108011288,66.60510784529531,117.06355845657139,18,2009,5,2.6331232293259488,4.18980186497269,0.5620636774820069,0.9878697939812439
2009-06-01,11713,307.6426761161567,489.5360603192604,65.73320336948686,115.50611862346128,18,2009,6,2.626506241920573,4.179425085966536,0.5611986969135735,0.9861360763550011
2009-07-01,11653.5,306.2518642475002,487.01500384819377,65.34247331019559,114.79775527263877,18,2009,7,2.6279818444887817,4.179130766277889,0.5607111452370154,0.9850925067373645
2009-08-01,11612.3,305.07238766423205,485.1877393765971,65.09150457763683,114.38083698955482,18,2009,8,2.62714869288799,4.178222568970808,0.5605392952097072,0.9849972614344689
2009-09-01,11579.6,303.9750768377208,483.41501202419175,64.8696754698889,113.98687443386414,18,2009,9,2.6250913402684097,4.1747125291391045,0.5602065310536538,0.9843766143378366
2009-10-01,11527.1,302.33866241313314,480.825485798149,64.52232376517047,113.39220315307473,18,2009,10,2.6228510415727557,4.1712615124198535,0.5597446345149298,0.9837010449555806
2009-11-01,11498.6,301.3944468447259,479.41626362318016,64.34558480372263,113.10036260186749,18,2009,11,2.621140372260326,4.16934464737603,0.5595949489826817,0.9836011566787912
2009-12-01,11464.8,300.6757766185952,478.21624071324163,64.15690643428016,112.77803967992178,18,2009,12,2.6225994052979136,4.171169498929259,0.5595990024621464,0.9836895513216262
2010-01-01,11446.8,300.4333407342123,477.727195398278,64.05732139041812,112.60926841221232,18,2010,1,2.6246054856747065,4.173456296941311,0.5596089858337537,0.9837619982196973
2010-02-01,11439.4,300.2598109671847,477.53672582415163,64.04683178055379,112.61133346232306,18,2010,2,2.6247863608859268,4.174491020719195,0.559879292450249,0.9844164332248462
2010-03-01,11439.3,300.35670140542004,477.81511322065785,64.06956397183589,112.69264125157287,18,2010,3,2.6256563024435065,4.17696111843083,0.5600829069246885,0.9851358147052082
2010-04-01,11474.8,301.5070863743725,479.710658854421,64.3256976951619,113.16435227602547,18,2010,4,2.6275585315157777,4.180557908237364,0.5605822994314664,0.9861989078330382
2010-05-01,11510.7,302.51871894754265,481.3351635069531,64.53952452967984,113.55544728784157,18,2010,5,2.6281522318151165,4.181632424674025,0.5606915698409292,0.9865207788218056
2010-06-01,11529,303.14360173720786,482.4626996850253,64.69650864401285,113.85640761882603,18,2010,6,2.6294006569278157,4.184774912698632,0.5611632287623631,0.9875653362722354
2010-07-01,11546,303.8836964058357,483.6393444828218,64.81931507060226,114.09656150933962,18,2010,7,2.631939168593761,4.188804300041761,0.5614006155430648,0.9881912481321636
2010-08-01,11537.9,303.80294496103494,483.4616760380618,64.77516726020308,114.02964424777817,18,2010,8,2.633086999896298,4.190205115645497,0.5614121049775356,0.9883050143247746
2010-09-01,11549,304.31013210107955,484.278788427939,64.86209909504055,114.19463183924402,18,2010,9,2.634947892467569,4.193252995306425,0.5616252411034769,0.9887837201423848
2010-10-01,11547.2,304.52329686624336,484.6629335477127,64.89873068472254,114.27151608212847,18,2010,10,2.6372046631758637,4.197233385995849,0.56203002186437,0.989603679525153
2010-11-01,11570.6,305.0621542963393,485.5884551540848,65.04503731664676,114.53243579311433,18,2010,11,2.6365283934829598,4.1967439471944825,0.5621578597190012,0.9898573608379369
2010-12-01,11579.2,305.6544699542705,486.56839747232914,65.12446234806302,114.7074798822153,18,2010,12,2.6396855564656496,4.202089932571586,0.5624262673419841,0.9906338942432578
2011-01-01,11606.5,306.8439421069933,488.42189331853547,65.34533075273472,115.09589688112982,18,2011,1,2.643724999844857,4.208175533696941,0.5630063391438825,0.9916503414563375
2011-02-01,11637.1,307.62923105678254,489.81633822974936,65.53166333301085,115.45827891286872,18,2011,2,2.643521419054425,4.209092800008158,0.563127096381494,0.9921567994849981
2011-03-01,11658.9,308.3445409338347,491.01013445549523,65.68013063405301,115.73883071839396,18,2011,3,2.644713831783742,4.2114619257004975,0.5633475768215956,0.9927079803274234
2011-04-01,11688.6,309.3855294621427,492.73553451131636,65.8915231668772,116.13916299509964,18,2011,4,2.6468997952033835,4.215522256825594,0.563724681885574,0.9936105521200114
2011-05-01,11696.1,309.8693296755099,493.60467861605304,65.99015025255892,116.33860014522182,18,2011,5,2.649338922166448,4.220250157027155,0.5642064470426802,0.9946785693113244
2011-06-01,11710,310.47133140220075,494.586731502935,66.10163864817382,116.54674933025568,18,2011,6,2.6513350247839518,4.223627083714218,0.5644888014361557,0.9952753999167863
2011-07-01,11728.8,311.0728014460942,495.5717517721506,66.24029257307556,116.79975859982487,18,2011,7,2.6522133674893786,4.225255369450844,0.5647661531706191,0.9958372433652622
2011-08-01,11747.9,311.68923727140066,496.5402618643583,66.36615408343634,117.01444141633691,18,2011,8,2.653148539495575,4.226629966754555,0.5649192969248661,0.9960456031830107
2011-09-01,11751.699999999999,312.01117978961577,497.01626432423194,66.3997417888695,117.08588876295934,18,2011,9,2.6550301640581004,4.229313753110035,0.5650224375100582,0.9963314989572517
2011-10-01,11762.2,312.4920155445267,497.75108075355826,66.46990325252284,117.2282276529347,18,2011,10,2.6567480194566206,4.231785556728828,0.5651145470449647,0.9966522219732252
2011-11-01,11752.2,312.4432116092599,497.69415349511803,66.45042898264073,117.21459812879547,18,2011,11,2.6585933834453113,4.234902005540393,0.5654296981215494,0.9973843036094985
2011-12-01,11782.7,313.64018506191707,499.6094126206372,66.6703558896196,117.61387780742957,18,2011,12,2.661870242490406,4.240194629589459,0.5658325841243483,0.9981912278801087
2012-01-01,11820,314.7875207956785,501.4538436724418,66.90003229105281,118.03419773246017,18,2012,1,2.663176994887297,4.242418305181403,0.5659901209056921,0.9985972735402723
2012-02-01,11840.9,315.7290302965821,502.9434975368573,67.06836367063174,118.3397028465152,18,2012,2,2.666427638917499,4.247510725847337,0.5664127192243135,0.999414764473268
2012-03-01,11879.7,317.02561306300225,504.9111890514245,67.30463397441855,118.75215147445135,18,2012,3,2.6686331562497556,4.2502015122555665,0.5665516298763315,0.9996224776252881
2012-04-01,11896.9,317.68167514434634,505.95816527853077,67.43653671920256,118.98649967503763,18,2012,4,2.6702895304183976,4.252857175218173,0.5668412504030678,1.0001470944114654
2012-05-01,11907.6,318.16577114394073,506.770431542557,67.5312302690158,119.17748273468099,18,2012,5,2.6719554834218546,4.2558570286418504,0.5671271311516661,1.0008522517944924
2012-06-01,11918.1,318.5055917313211,507.3261272480114,67.59833794181957,119.31501575945202,18,2012,6,2.672452754476981,4.256770183569624,0.5671905584096422,1.0011244725203852
2012-07-01,11944.1,319.444029453445,508.68550980710586,67.73850101426021,119.56907868232604,18,2012,7,2.6744922552008523,4.258885222051941,0.5671293861761054,1.0010723175653757
2012-08-01,11939.8,319.19034267099215,508.3388922880693,67.71821415130869,119.52890761699564,18,2012,8,2.6733307314275963,4.2575159742045035,0.5671637226026289,1.001096397066916
2012-09-01,11934.2,319.12892185653146,508.20851513217974,67.69507912911806,119.47976263201144,18,2012,9,2.6740705020573765,4.258421302912468,0.5672360034951488,1.0011543516281898
2012-10-01,11940.9,319.08274046971337,508.1743243431151,67.70747677866638,119.50437798708263,18,2012,10,2.6721833401980875,4.255745583189836,0.5670215543105326,1.0007987504047653
2012-11-01,11929.9,319.18898812461543,508.2151594402455,67.67447358239326,119.43630662686432,18,2012,11,2.675537834555323,4.260011898173878,0.5672677355417335,1.0011509453295024
2012-12-01,11938.9,319.68925856313837,508.9419483478975,67.75281241199475,119.54874012316286,18,2012,12,2.677711167386764,4.262888108183312,0.5674962719513084,1.0013379802424247
2013-01-01,11961.7,320.19452348132165,509.7455047644493,67.86465844271873,119.74323040833562,18,2013,1,2.6768312487465966,4.261480431414007,0.5673496111983976,1.0010552881976276
2013-02-01,11974.3,320.60599640593165,510.3262689313891,67.9306844056314,119.85282199052442,18,2013,2,2.6774508439402025,4.261846362053641,0.5673040128076914,1.0009171474785534
2013-03-01,11977.5,320.69448520241593,510.52356421019635,67.97430961373985,119.9400186916366,18,2013,3,2.6774743076803666,4.262354950617377,0.56751667387802,1.001377739024309
2013-04-01,11978.800000000001,320.72546422338587,510.59207391899616,67.98932528192007,119.97067928125664,18,2013,4,2.677442350013239,4.262464302926805,0.5675804361198122,1.001525021548541
2013-05-01,11977.9,320.78692514840344,510.59575989995886,67.96649215782575,119.92122071644714,18,2013,5,2.678156648063546,4.26281535077066,0.567432456088511,1.001187359357209
2013-06-01,11981.6,320.9593748831529,510.7788845838154,67.97550216940124,119.92238006614183,18,2013,6,2.6787689030108908,4.263027346796884,0.5673324278009718,1.000887861939489
2013-07-01,11961.9,320.0735682358064,509.5731817815325,67.86830015710409,119.733319075722,18,2013,7,2.675775321945564,4.259968581759859,0.5673705695341382,1.0009556932905475
2013-08-01,11991.3,321.2324012646942,511.29515476615234,68.04899126782031,120.06174650982523,18,2013,8,2.6788788643824626,4.263884272482152,0.5674863548390944,1.0012404535773873
2013-09-01,12009.8,321.8513077963181,512.2788330799228,68.16597614161405,120.27420261869949,18,2013,9,2.679905642028328,4.265506778463612,0.5675862723909978,1.0014671569776308
2013-10-01,12033.5,322.6036851007479,513.4519718442074,68.32850708932838,120.54887871991166,18,2013,10,2.6808799193979134,4.266854795730314,0.5678190641902056,1.0017773608668439
2013-11-01,12054,323.1319711770965,514.3008691885534,68.45671954069178,120.77297542919237,18,2013,11,2.6807032617977145,4.26664069345075,0.5679170361763048,1.0019327644698222
2013-12-01,12060,323.4616302723616,514.8243083054803,68.51386438429749,120.89336356745665,18,2013,12,2.6821030702517548,4.268858277823219,0.5681083282280057,1.0024325337268378
2014-01-01,12057.3,323.1157164799085,514.3872072192555,68.48977012118517,120.84677426699426,18,2014,1,2.6798347596883922,4.266189007648939,0.5680357138097681,1.0022706100619065
2014-02-01,12083.2,323.958226006296,515.6475108851467,68.6407230318344,121.11483710111158,18,2014,2,2.6810631786802834,4.267474765667594,0.5680674244557269,1.0023407466657142
2014-03-01,12096.3,324.4316854416996,516.399553832593,68.73145270903206,121.26819304431733,18,2014,3,2.6820737369418715,4.2690703259062115,0.5682022825908093,1.002523028069057
2014-04-01,12109.3,324.76960811180413,517.0026658733461,68.8326505028346,121.44682097487184,18,2014,4,2.6819849876690163,4.269467812948281,0.5684279892548256,1.0029218945345466
2014-05-01,12119.8,325.1430127501182,517.59601952169,68.90989510256928,121.58101446059484,18,2014,5,2.6827423946774553,4.270664693490734,0.5685728733359402,1.0031602374675725
2014-06-01,12145.6,326.0015933569852,518.9055056816853,69.08028897900512,121.87730241593044,18,2014,6,2.684112710421759,4.272374404571906,0.5687680228148887,1.0034687657746875
2014-07-01,12165.1,326.7156856639961,520.0176499344094,69.2124942147563,122.11195594473195,18,2014,7,2.6856802300350684,4.274668107408976,0.5689430766270421,1.0037891669179206
2014-08-01,12182.3,327.166327714353,520.811293700763,69.32309869756803,122.31410768024757,18,2014,8,2.685587513969882,4.275147498426103,0.5690477060782285,1.0040313215094652
2014-09-01,12201.4,327.5362669539383,521.4353426685533,69.40356435274767,122.47188016572213,18,2014,9,2.6844154519476313,4.273569776161369,0.5688164010092912,1.0037526854764383
2014-10-01,12232.1,328.4106022818409,522.8669474024532,69.59615714603738,122.8116503965137,18,2014,10,2.684826009285739,4.274547685209026,0.5689632781455136,1.0040111705799797
2014-11-01,12259,329.31807707900083,524.2575141123268,69.78196067634879,123.1366138713644,18,2014,11,2.6863371978057002,4.276511249794655,0.5692304484570421,1.0044588781414832
2014-12-01,12266.3,329.44272827643357,524.4420837328493,69.80091676882041,123.17391316562413,18,2014,12,2.685754696008035,4.275470873310202,0.5690462223231163,1.0041651774832194
2015-01-01,12264.6,329.34613076326406,524.280318998213,69.76742954938906,123.11490676943258,18,2015,1,2.685339356874778,4.2747445411853064,0.5688520583581125,1.0038232536685465
2015-02-01,12275,329.68825734284144,524.7115080861673,69.82757529138689,123.20834553378849,18,2015,2,2.685851383648403,4.274635503756964,0.5688600838402191,1.003733975835344
2015-03-01,12285.2,329.90976121751777,525.0213750992199,69.86823968262176,123.27611370179129,18,2015,3,2.6854244230254105,4.273608692566827,0.5687187809935675,1.0034522327824642
2015-04-01,12290.8,329.74648149923036,524.6955649844974,69.83073452958831,123.19513505306148,18,2015,4,2.6828724045565004,4.269010682660994,0.5681545101180421,1.002336178711406
2015-05-01,12306.4,330.2748790107042,525.383681365524,69.89836028909043,123.29130435365408,18,2015,5,2.683765187306639,4.269190676115874,0.567983815649503,1.0018470418128298
2015-06-01,12306.6,330.20446140970944,525.286524197638,69.8839842829276,123.27190088720197,18,2015,6,2.6831493784612275,4.268331823555148,0.5678577696758454,1.001673093195537
2015-07-01,12322.8,330.4635022953936,525.5641457464188,69.92879914488785,123.32599641327091,18,2015,7,2.6817241397685074,4.264973429305181,0.567474917590871,1.0007952446949633
2015-08-01,12318.5,330.2871435234818,525.2198581248283,69.88195396109998,123.2335302855468,18,2015,8,2.6812285872750885,4.26366731440377,0.5672927220124202,1.0003939626216407
2015-09-01,12326.1,330.3919768777855,525.2652711956586,69.90549025436928,123.23932926258898,18,2015,9,2.6804259001451025,4.261406861827006,0.5671338886944717,0.9998241882070482
2015-10-01,12333.6,330.32416235725,525.1396330157215,69.90662407941002,123.23671828053796,18,2015,10,2.678246111088814,4.2577968558711285,0.5667982104122886,0.999195030490189
2015-11-01,12329.4,329.90489400300027,524.5207585726032,69.85112117767247,123.13592949794435,18,2015,11,2.6757578957856856,4.254227769174519,0.5665411226634911,0.9987179384069326
2015-12-01,12332.9,329.7415221406129,524.1702690388759,69.81138203662228,123.04752370464716,18,2015,12,2.6736738491402097,4.250178539020634,0.5660581212579545,0.9977176795777729
2016-01-01,12354.1,330.2332190130224,524.8908918875921,69.90244230954909,123.20669536658609,18,2016,1,2.673065775839781,4.248718173623268,0.5658238342699919,0.9972939782467851
2016-02-01,12336.4,329.6837262716822,523.9370055275601,69.78775501044184,122.98444561244403,18,2016,2,2.6724467938108543,4.247081851492819,0.56570600021434,0.99692329701083
2016-03-01,12313.4,328.85752603447105,522.5792584330121,69.6199567078785,122.678494431759,18,2016,3,2.6707288485265734,4.24398832518242,0.5653999440274701,0.9963007327932091
2016-04-01,12324.7,329.1198030783835,522.8491580516115,69.64582725162578,122.7099888367997,18,2016,4,2.6704082296395324,4.242287098684849,0.5650914606572637,0.995642805397289
2016-05-01,12303.6,328.13699568109587,521.2244645388798,69.43224598370611,122.3307911120927,18,2016,5,2.6669998673648028,4.2363573632016625,0.564324636559268,0.9942682719861885
2016-06-01,12320.7,328.2447010431841,521.4086023600378,69.49407167791941,122.42110431594995,18,2016,6,2.6641724986663426,4.231972228526283,0.5640432092163545,0.9936213390144224
2016-07-01,12341.8,328.8785296515066,522.2472954390632,69.58913647836408,122.57300215931082,18,2016,7,2.6647533556815586,4.231532640612093,0.5638491668829838,0.9931533662781022
2016-08-01,12319.2,328.03008909569303,521.0068369233611,69.45110823366566,122.32766569087933,18,2016,8,2.6627547981662203,4.2292262234833515,0.5637631358664983,0.9929838438444
2016-09-01,12317,327.98859918278106,520.9387360589457,69.43631992196545,122.30043149727447,18,2016,9,2.662893555109045,4.229428725005648,0.5637437681413124,0.9929400949685351
2016-10-01,12315.1,327.841931972216,520.7114869664258,69.40686692037467,122.25407949275099,18,2016,10,2.6621134377489097,4.228235962082532,0.563591582044601,0.992716904391771
2016-11-01,12310.8,327.6508703066842,520.3684434861467,69.36868264988816,122.17065477845408,18,2016,11,2.6614912946899003,4.226926304433073,0.5634782682676037,0.992385992611805
2016-12-01,12323.2,327.93027541302627,520.8428175414434,69.44069039644668,122.30303957191714,18,2016,12,2.661080526267741,4.226522474206727,0.5634956050088182,0.9924616947863958
2017-01-01,12334.5,328.16718035373344,521.2631175070529,69.52141761888636,122.44677632948488,18,2017,1,2.660563300934237,4.22605794727839,0.5636338531670223,0.9927177942315041
2017-02-01,12349.9,328.2442722793479,521.5000045803259,69.58935257778303,122.57203225235742,18,2017,2,2.6578698797508316,4.222706293818783,0.5634811016913743,0.9924941275019022
2017-03-01,12360.9,328.41543662783596,521.7565694363408,69.62430417530732,122.63693753937689,18,2017,3,2.6568893577962447,4.221024111806914,0.5632624175853483,0.9921359896073659
2017-04-01,12367,328.37579277475896,521.7696062787377,69.64953637526257,122.6929843086755,18,2017,4,2.6552582904080126,4.219047515797992,0.5631886178965195,0.9920998165171465
2017-05-01,12376.9,328.7359895454299,522.3799481719018,69.72174678918037,122.84083527854364,18,2017,5,2.656044644017726,4.220604094497829,0.563321565086414,0.9925008304061893
2017-06-01,12389.7,329.04610708954993,522.9054973344556,69.79777896250711,122.98151993254632,18,2017,6,2.6558036682853494,4.220485543108031,0.563353260874009,0.9926109585586923
2017-07-01,12390.5,328.7737566043712,522.6512302822084,69.79822125513141,122.99947978943179,18,2017,7,2.6534341358651483,4.218160932022181,0.5633204572465309,0.9926918186468002
2017-08-01,12434.4,330.25637253873094,524.8565280669194,70.06909706856692,123.46200437932711,18,2017,8,2.655989613803086,4.221004053809748,0.5635100774349139,0.9929068099733571
2017-09-01,12442.9,330.54512967528234,525.2823995208838,70.10139222874378,123.52843623870575,18,2017,9,2.656495910722439,4.221543205529931,0.5633846790438224,0.992762428683874
2017-10-01,12456.9,330.9104340512239,525.8755898710974,70.17474532889487,123.66391412475748,18,2017,10,2.6564428874858423,4.22156066012489,0.5633403601931047,0.9927342607290536
2017-11-01,12472.3,331.61789007728936,526.9341522307301,70.29048432428182,123.85852006940677,18,2017,11,2.6588350991981384,4.224835453210154,0.5635727518122706,0.9930688010183107
2017-12-01,12500.6,332.4097975072353,528.2311431722567,70.45166536172925,124.1578803523227,18,2017,12,2.6591507408223225,4.2256463143549645,0.5635862707528378,0.9932153684808944
2018-01-01,12527.2,333.3669515255897,529.7270734806568,70.6342312278816,124.47545977867846,18,2018,1,2.6611449607700814,4.228615121341216,0.5638469189274666,0.9936415142943231
2018-02-01,12550.2,333.9951996364278,530.7429233162114,70.76841742778862,124.72025383471843,18,2018,2,2.6612739210245877,4.228959883637005,0.5638827861531179,0.9937710461563835
2018-03-01,12575.3,335.00729075984685,532.2563877478843,70.93478426588462,125.00071142012833,18,2018,3,2.664010327863724,4.232554195509327,0.5640802546729272,0.9940177285641563
2018-04-01,12595.7,335.7565264914771,533.4357116473426,71.07022523787887,125.24841951312966,18,2018,4,2.665644041152751,4.235062058062216,0.5642419654158075,0.9943744255033834
2018-05-01,12622.6,336.28795594190376,534.3954707707993,71.22242424924066,125.53139830930009,18,2018,5,2.6641734344897543,4.233640222860577,0.564245276323742,0.9944971583453495
2018-06-01,12655.5,337.1599930046536,535.7631093129014,71.39585139228618,125.85352644008353,18,2018,6,2.664138066490092,4.2334408700794235,0.5641488000654749,0.9944571643955871
2018-07-01,12676.3,337.85740461639006,536.8378941235719,71.53026959542785,126.08411870738675,18,2018,7,2.6652682929276685,4.234973092492067,0.564283502247721,0.9946444838587502
2018-08-01,12688.2,338.153201495001,537.3163079343082,71.58168399419436,126.18880663077253,18,2018,8,2.665099868342247,4.234771740154696,0.5641594867214763,0.9945367083650363
2018-09-01,12709.4,338.82902148826395,538.3894200264227,71.72608822229935,126.44652519719386,18,2018,9,2.6659718121096505,4.236151352750112,0.5643546369010288,0.994905543906037
2018-10-01,12731.4,339.5070292379371,539.4030848164865,71.8364428525957,126.64612148078916,18,2018,10,2.6666904601060146,4.236793163489376,0.5642462168543577,0.9947540842388832
2018-11-01,12740.8,339.8001578557963,539.8791571622626,71.9004145417049,126.76722646579084,18,2018,11,2.667023717943899,4.237403908406557,0.5643320242190828,0.9949706962340735
2018-12-01,12760.4,340.41148368078603,540.8362126335007,72.00177257510089,126.95999438709813,18,2018,12,2.6677179687218744,4.238395447113732,0.5642595261520085,0.9949530922784406
2019-01-01,12790.4,341.23773850447293,542.0975538298457,72.14667274519083,127.22020267123182,18,2019,1,2.667920772645679,4.2383158762028215,0.5640689325211943,0.9946538237368012
2019-02-01,12781.5,340.8616271146645,541.5559656169728,72.0910091764816,127.13084377899747,18,2019,2,2.6668358730560926,4.237029813534974,0.5640262033132387,0.9946472931893555
2019-03-01,12787.8,340.95121054518484,541.7241446777291,72.11311811227887,127.17397233153262,18,2019,3,2.666222575776794,4.236257563284765,0.5639212226675336,0.994494536445148
2019-04-01,12784.4,340.6728055337884,541.2859491836525,72.05339738068807,127.07082080854572,18,2019,4,2.6647539621240606,4.233956612618915,0.5636040594841218,0.9939521667700145
2019-05-01,12778.1,340.39231486314054,540.7956716054049,71.9853639465263,126.94823339777831,18,2019,5,2.66387267953092,4.232207226468762,0.5633495116373036,0.9934828605017827
2019-06-01,12787.5,340.3538711130809,540.739554778177,71.99233120588401,126.95850705865446,18,2019,6,2.661613850346674,4.228657319868442,0.5629898823529542,0.992832899774424
2019-07-01,12789.6,340.3279306644429,540.7048573557319,71.99302993521096,126.96271811404311,18,2019,7,2.6609739996907087,4.227691697595952,0.5629029049791312,0.9927028062960773
2019-08-01,12788.7,340.00710054482204,540.2475201302607,71.95573030872892,126.8973183116137,18,2019,8,2.658652564723717,4.224413115721385,0.5626508582477415,0.9922612799707062
2019-09-01,12787.1,339.56951446077824,539.5552745079317,71.87704759425854,126.76145773261159,18,2019,9,2.655563141453326,4.219528075231536,0.5621059317144508,0.9913229562028262
2019-10-01,12733.2,337.3727262988883,536.3759824115508,71.54344668963738,126.16584385278475,18,2019,10,2.6495517725229187,4.212420934341334,0.5618654123836693,0.9908416097507675
2019-11-01,12776.8,338.88022104572536,538.4029870756868,71.74898234736496,126.50637617253288,18,2019,11,2.6523090370493816,4.213911050307486,0.5615567461912605,0.9901256666186594
2019-12-01,12760.3,338.4169079185993,537.5961555786647,71.63362866066824,126.29085226291998,18,2019,12,2.6521077711229304,4.213036962913605,0.5613788755802626,0.989716952288896
2020-01-01,12744.6,337.9696087234782,536.876943035963,71.54668174859174,126.12378125251709,18,2020,1,2.651865172100169,4.212583706322388,0.5613882095051373,0.9896252628761757
2020-02-01,12742.9,337.7751720289358,536.5175727489554,71.48572978920669,126.02069130012093,18,2020,2,2.6506931077614655,4.210325536172735,0.5609847820292609,0.9889482872824941
2020-03-01,12683.9,336.1123765424043,533.8617797997825,71.13920556080254,125.41515080489822,18,2020,3,2.64991348514577,4.2089718446202085,0.560862239222972,0.9887743580830676
2020-04-01,11381.9,294.67136627803495,470.33394408355224,63.25668275941405,111.78351667896709,18,2020,4,2.58894706751979,4.13229727974725,0.5557655818397109,0.9821164891535429
2020-05-01,11609.1,301.88956167374596,481.37652927141187,64.66266681734,114.10615751622876,18,2020,5,2.600456208265464,4.146544773250397,0.5569998261479356,0.9829027014689231
2020-06-01,11949.7,314.0057322210011,499.0224714183624,66.6606323717867,117.5023455676137,18,2020,6,2.6277289992301154,4.1760251003653845,0.5578435640374796,0.9833079120615053
2020-07-01,11973.8,314.5137188229045,499.42694322408266,66.67577299359398,117.48774234324598,18,2020,7,2.626682580491611,4.170997872221706,0.5568472247205899,0.9812068210864219
2020-08-01,11999.5,315.00829886657357,500.39405695549766,66.82352088016177,117.76872436936512,18,2020,8,2.625178539660599,4.170124229805389,0.5568858775795805,0.9814469300334607
2020-09-01,12057.5,316.94084169113955,503.4090282858012,67.21670462959378,118.42671696712478,18,2020,9,2.6285784092153395,4.175069693433972,0.5574680043922354,0.9821830144484742
2020-10-01,12086.1,317.4542111119285,504.36492354324207,67.36808548056196,118.7067902406061,18,2020,10,2.6266058622047517,4.1730990438871265,0.557401357597256,0.9821761382133698
2020-11-01,12118,318.3365198706193,505.71398956496074,67.5514047059856,119.03367108497244,18,2020,11,2.6269724366283156,4.173246324186835,0.5574468122296221,0.9822880927956135
2020-12-01,12152.9,319.4291665441697,507.38277183143464,67.74496672267232,119.35939898946977,18,2020,12,2.6284192788895626,4.174993391136557,0.5574386913631505,0.9821474626588697
2021-01-01,12141.9,319.029811952021,506.7221405593129,67.66804106302985,119.22323640477002,18,2021,1,2.6275114434480686,4.173334820409598,0.5573101496720435,0.9819158155212119
2021-02-01,12172.2,320.1766363287344,508.3939805002285,67.84758866819175,119.52938886874696,18,2021,2,2.630392503645474,4.176681129953734,0.557397912194934,0.9819867309832812
2021-03-01,12229.199999999999,321.68430868226653,510.7858396876886,68.15680430806508,120.08923957336077,18,2021,3,2.630460771614387,4.176772312887913,0.557328396853965,0.9819876980780492
2021-04-01,12193.4,320.0931088322198,508.7713092161764,67.9517849525722,119.77056311237035,18,2021,4,2.6251341613677877,4.172513894534554,0.5572833250165844,0.9822573122539271
2021-05-01,12215.9,321.14109917301346,510.3003208779033,68.12159886568054,120.06648326504637,18,2021,5,2.628877930999873,4.177345270327224,0.55764699175403,0.9828705479338106
2021-06-01,12247.6,322.1333912296097,511.953469174102,68.35613193831301,120.48974682528045,18,2021,6,2.630175636284739,4.180030938094827,0.5581185859949134,0.9837825110656818
2021-07-01,12304.9,323.71504984667973,514.3352307980826,68.64991996396083,121.0064045693195,18,2021,7,2.6307816385885276,4.179922070054065,0.5579071748974866,0.9834001460338524
2021-08-01,12352.300000000001,325.22453445990465,516.6133299072085,68.93925678495667,121.4906261210109,18,2021,8,2.6329067012613407,4.182324991355524,0.5581086662804228,0.9835465955409995
2021-09-01,12392.6,326.1402924641797,518.1449347363256,69.17741083147774,121.89808118789472,18,2021,9,2.631734199959489,4.181083345999432,0.5582154740044684,0.9836360504486121
2021-10-01,12452.8,328.0124107218654,520.9189037177656,69.50484471724194,122.46402144224511,18,2021,10,2.634045441361504,4.183146792028826,0.5581463182355931,0.9834255865527842
2021-11-01,12497.4,328.8751468279342,522.3419426081955,69.69043646105897,122.81935924242602,18,2021,11,2.6315485367191114,4.179604898684491,0.5576394807004574,0.9827592878712854
2021-12-01,12537.1,329.90328280576057,524.0771427992374,69.95538802039431,123.27854285547245,18,2021,12,2.6314162191077726,4.180210278287941,0.5579869987508619,0.983309879122544
2022-01-01,12564.3,330.52503224604055,525.0870941042532,70.09354818162477,123.527341881734,18,2022,1,2.6306681012554662,4.179198953417646,0.5578786576381078,0.9831613530537636
2022-02-01,12600.8,331.13406816733556,526.3693834586833,70.33166654752647,123.96494425228747,18,2022,2,2.627881310451206,4.177269565890128,0.5581523914951946,0.9837863012847398
2022-03-01,12673.7,333.55709491817396,529.9752271779932,70.7573495468103,124.69619363903435,18,2022,3,2.6318840979206857,4.181693011338387,0.5583006505346528,0.9838973120638356
2022-04-01,12726.3,334.8569470795385,531.96742409267,71.03702973100452,125.17461794221141,18,2022,4,2.6312199702941035,4.18006352272593,0.5581907524654026,0.9835900296410695
2022-05-01,12735.4,334.7652782960503,531.9267880113362,71.05050792030555,125.21655961873826,18,2022,5,2.6286200535205047,4.176757604875671,0.5578977332498826,0.9832165430119059
2022-06-01,12766.7,335.45887867697286,533.0189739822425,71.20651282679793,125.48738305636527,18,2022,6,2.6276083770823537,4.175072446146948,0.5577519079072738,0.9829273270020074
2022-07-01,12799.9,336.349596318561,534.4297922528419,71.38299042077053,125.80658111269622,18,2022,7,2.6277517505493093,4.175265371236041,0.5576839695682819,0.9828715936272645
2022-08-01,12831.6,337.4043892478731,535.8875734926395,71.5292008815046,126.06475414907186,18,2022,8,2.6294802616031756,4.176311399144607,0.5574456878448876,0.9824554548853757
2022-09-01,12849.5,337.8125747144775,536.6186158753538,71.63744394904822,126.28296333449167,18,2022,9,2.6289939275028407,4.176182854393975,0.5575115292349758,0.9827850370402869
2022-10-01,12883,338.82757483532356,538.1363237015277,71.81337187898293,126.59591049494757,18,2022,10,2.6300362868534,4.17710411939399,0.557427399510851,0.9826586237285382
2022-11-01,12896,339.0318554089294,538.4868905016068,71.85686752987833,126.67554200370307,18,2022,11,2.628969102116388,4.1756117439640725,0.5572027569004213,0.9822855304257373
2022-12-01,12894.7,339.23037316575494,538.7711094913215,71.89075545922114,126.73946735335923,18,2022,12,2.6307736757408464,4.178236868568648,0.5575217372968827,0.9828803101534679
2023-01-01,12902.6,339.6677570953171,539.4244324282607,71.95085465208432,126.83987902193005,18,2023,1,2.632552796299328,4.18074211731171,0.557646169392869,0.9830567406718804
2023-02-01,12897.6,339.41226491275677,538.9734237757025,71.88394565723358,126.73053211561756,18,2023,2,2.631592427372199,4.178866019846347,0.5573435806447213,0.9825900331504897
2023-03-01,12887,339.2986276120807,538.8116918950913,71.8625752136161,126.70382826048896,18,2023,3,2.6328752045633634,4.181048280399559,0.5576361854086762,0.983191031741204
2023-04-01,12883.4,339.2198443184862,538.6025563740736,71.80689377979965,126.60751820383844,18,2023,4,2.632999397041823,4.180593293494525,0.5573598101417301,0.9827182126134284
2023-05-01,12869.3,338.824975181781,537.9694253035658,71.71012359146576,126.4616891224783,18,2023,5,2.632815888834521,4.180253978876596,0.5572185246397688,0.982661754116217
2023-06-01,12875.5,339.09674428407703,538.4174164828095,71.76020146995624,126.55216147576772,18,2023,6,2.633658842639719,4.18172044955776,0.5573391438775678,0.9828912389869731
2023-07-01,12861.4,338.84088005298344,538.0213134778805,71.70749865742052,126.46762858603779,18,2023,7,2.6345567360705946,4.183225103626982,0.5575403817424271,0.9833115258528449
2023-08-01,12861.2,338.9584909370486,538.253427317733,71.72773078512881,126.52052855078952,18,2023,8,2.635512167892954,4.185094915853365,0.5577063632097223,0.9837381313624664
2023-09-01,12871.2,339.1747042498757,538.5062696103415,71.75298559685675,126.56311783182294,18,2023,9,2.6351443863033412,4.1838078004408406,0.5574692771214552,0.9833047255253817
2023-10-01,12836.7,337.6829041205469,536.3983011039012,71.53960286030545,126.20669653249574,18,2023,10,2.6306052499516763,4.178630809350543,0.5573052487033696,0.9831708813986129
2023-11-01,12858.300000000001,338.7087811161433,537.69287782766,71.6487916472371,126.36943723031771,18,2023,11,2.6341645560932885,4.181679365294479,0.5572182298378253,0.9827849500347458
2023-12-01,12871,339.0406902657995,538.2011695822415,71.71546610713898,126.48808301981555,18,2023,12,2.6341441245109123,4.181502366422512,0.5571864354528706,0.9827370291338322
2024-01-01,12874.6,338.9925100514885,538.061263294641,71.68984865211995,126.44197720542846,18,2024,1,2.633033337357965,4.179246448780086,0.5568316580873964,0.9821041213352527
2024-02-01,12851.7,338.28017569595175,537.0371347154381,71.55993234846694,126.23318805886743,18,2024,2,2.632182323707772,4.178724485596755,0.5568129690894352,0.9822294953886833
2024-03-01,12835.4,337.7509119409,536.1461838593572,71.44690848959547,126.03204753794644,18,2024,3,2.631401529682752,4.1770897974302095,0.5566395164123866,0.9819097771627409
2024-04-01,12832.8,337.7060477219035,536.1120450598464,71.44419040527941,126.0455387622687,18,2024,4,2.631585061108281,4.177670072469348,0.5567311140614629,0.9822138485932043
2024-05-01,12824,337.46434251784393,535.6839208770062,71.37413267536145,125.91312959475437,18,2024,5,2.631506101979444,4.177198384879961,0.556566848684977,0.9818553461849218
2024-06-01,12814.1,336.93328561127737,534.8013264373894,71.27340832667005,125.73314149052206,18,2024,6,2.62939485107247,4.1735379498941745,0.5562108015909821,0.981209304520193
2024-07-01,12805.6,336.71387798645856,534.365055532644,71.20366688250569,125.6038082012937,18,2024,7,2.629426797545281,4.172901352007278,0.5560353820399332,0.9808506294222348
2024-08-01,12771.199999999999,335.3776413458854,532.3930575743115,70.98044104718349,125.22664370791354,18,2024,8,2.6260464274765525,4.168700338059943,0.5557852124090414,0.9805393675450511
2024-09-01,12757.5,335.03163589775085,531.8245023862055,70.8983519036825,125.0776923584142,18,2024,9,2.626154308428382,4.168720379276547,0.555738600068058,0.9804247882297801
2024-10-01,12696.5,332.77069087193445,528.6091711446538,70.5447921445249,124.48032529490702,18,2024,10,2.6209639733149643,4.163424338555144,0.5556239289924382,0.9804302390021424
2024-11-01,12710.8,333.8259701709563,529.9578027346233,70.65110399948905,124.65176804328546,18,2024,11,2.6263175423337346,4.169350495127162,0.555835226732299,0.9806760238795784
2024-12-01,12693.5,333.18079615561754,528.9724240176837,70.52905622603137,124.44233039934787,18,2024,12,2.6248142447364207,4.167270051740527,0.5556312776305303,0.9803626296872247
2025-01-01,12673.1,332.4875793492919,527.9919698639511,70.41862952615763,124.26380844430925,18,2025,1,2.6235694451183362,4.166241644616953,0.555654334978479,0.980532059593227
2025-02-01,12671.6,332.4920463519019,528.0091896271218,70.42359582313196,124.28632681094845,18,2025,2,2.623915262097145,4.1668707158300595,0.5557593028751852,0.9808258373918719
2025-03-01,12666.2,332.2960619445629,527.7265174952925,70.38615708987008,124.22360237140221,18,2025,3,2.6234866174903515,4.166415479743668,0.5557006607338435,0.9807487831504492
2025-04-01,12661.5,332.1568397014835,527.5774691148355,70.38346733612633,124.22424728713393,18,2025,4,2.623360894850401,4.166784892112589,0.5558856955031105,0.9811179345822686
2025-05-01,12650.699999999999,331.8119375915647,527.0117328920778,70.30290386916873,124.09280994421756,18,2025,5,2.622874130218602,4.1658701328154,0.5557234292898316,0.9809165496313845
2025-06-01,12635.9,331.4478798610874,526.4332212150949,70.22964070455522,123.9649006056927,18,2025,6,2.6230650753890696,4.166171156902911,0.5557945275331019,0.981053194514777
2025-07-01,12625.2,331.2028153111129,525.9782771174438,70.15500696447678,123.84265527219388,18,2025,7,2.6233470781541115,4.166098573626111,0.5556744207179036,0.9809163836786259
2025-08-01,12614.5,330.7382943954526,525.3133080837628,70.07868386122207,123.70949732179064,18,2025,8,2.621889844190833,4.164360918655221,0.5555407179136872,0.9806928322310883
2025-09-01,12611.8,330.6520686976457,525.2370690164681,70.07703260979554,123.70764186179107,18,2025,9,2.6217674614063475,4.164647940947907,0.5556465580630485,0.9808880719785525
2025-10-01,12602.4,330.40733956388135,524.8880112579338,70.03484054705154,123.64202874535388,18,2025,10,2.621781085855721,4.164984536738509,0.5557262152213193,0.9810990664107939
2025-11-01,12592.699999999999,330.2313277742542,524.5886918449147,69.98772763642921,123.57003986579019,18,2025,11,2.622402882418022,4.1658158444568265,0.5557801554585531,0.9812831232840472
2025-12-01,12584.7,330.0820503677788,524.3541373193929,69.94717337899121,123.50678559468967,18,2025,12,2.622883742701683,4.166600215494949,0.5558112102711324,0.9814042892932662
2026-01-01,12589.5,330.2486720533204,524.6130201645198,69.9898602573067,123.58658717201003,18,2026,1,2.6232072127830364,4.167067954760076,0.5559383633766766,0.9816639832559674
