date,emp_nonfarm,emp_private,emp_manufacturing,emp_wood,emp_nonmetallic,emp_primary_metals,emp_fabricated_metals,emp_machinery,emp_computer,emp_electrical,emp_transport_equip,emp_furniture,emp_wholesale,emp_retail,emp_trucking,emp_warehousing,emp_construction,emp_oil_gas
1990-01-01,109196,91045,17797,557.3,540,688,1620.3,1423.1,1940.4,647.5,2066.4,616.9,5249.7,13251.7,1122.6,409.4,5422,191.3
1990-02-01,109436,91259,17893,558.3,540.6,690.8,1623.8,1421.2,1932.3,646,2181.6,617.5,5239.8,13226.6,1127.3,409,5416,191.9
1990-03-01,109640,91346,17868,557.1,539.4,692,1622.7,1417.9,1923.2,644.7,2176.6,615.7,5233.3,13225.1,1132.8,409.6,5392,191
1990-04-01,109674,91297,17845,554.3,536.7,692.7,1622.8,1417.1,1914,643,2175,611.9,5235.4,13226.1,1130.9,410.4,5355,190.8
1990-05-01,109828,91229,17796,550.7,534.1,692.5,1619.7,1417.2,1909.9,638.7,2167,607.9,5229.6,13213.4,1130.5,409.2,5321,190.8
1990-06-01,109850,91294,17775,547.7,531.1,692.3,1615.7,1416.2,1905.1,635.5,2171.4,604.7,5236.4,13200.9,1125,410.4,5303,190.3
1990-07-01,109815,91255,17703,546.1,526.5,692.5,1613,1414.5,1898.6,632.6,2151.7,601.6,5235.1,13190.9,1119.5,410.4,5274,190.8
1990-08-01,109607,91150,17650,540.3,523.5,688.3,1606.6,1407.6,1893.7,628.1,2136.5,598,5238.1,13153.6,1114.8,409.3,5234,190.4
1990-09-01,109522,91085,17609,536.5,520.8,686.1,1600.4,1397.6,1886.8,624.8,2132.4,595.8,5228.2,13145.6,1113.6,410.9,5197,190.5
1990-10-01,109377,90934,17577,529.2,518.2,686.4,1598.8,1400,1880.9,623.9,2129.1,592.2,5216.9,13138.8,1113.6,409.1,5134,188.4
1990-11-01,109222,90772,17428,521.8,515,681.5,1592.3,1393.8,1873.8,617.8,2058.6,583.4,5209.5,13126.9,1112.5,408.4,5095,188.1
1990-12-01,109168,90700,17395,516.6,513.2,677.9,1585.6,1390.5,1870.9,613.5,2072.2,579.7,5206.7,13093.8,1128.3,407.8,5047,189
1991-01-01,109058,90584,17330,512.5,506.5,676.2,1584,1385.1,1860.5,608.9,2050,575.6,5186,13067.4,1120.3,408.1,4972,190.6
1991-02-01,108735,90253,17213,501.9,503.9,662.1,1567.8,1378,1853.4,605.4,2025.6,566.3,5170.9,12994,1109.5,406.5,4929,191
1991-03-01,108568,90080,17140,498,497.4,663.8,1560.5,1370.7,1845,602.3,2008.9,561.8,5161.7,12962.1,1104.9,406.2,4881,190.3
1991-04-01,108350,89865,17093,499.2,497.5,661.7,1552.3,1358.1,1834.8,599.5,2022.1,562.5,5154.5,12893.6,1105.4,404.3,4842,190.1
1991-05-01,108253,89755,17071,501.6,492.1,658.9,1544.8,1352.6,1826.4,597.6,2034.9,561.3,5148.2,12884,1099.2,402.5,4800,190.7
1991-06-01,108330,89769,17045,503.1,492.5,655.7,1539.5,1345.9,1815.5,596.5,2025.8,559,5146,12878.5,1100.5,404.5,4782,192
1991-07-01,108290,89692,17015,502.7,491.9,655.4,1533.4,1341.4,1806.1,595,2032.5,557.1,5144.2,12867.7,1102,404.3,4752,192.2
1991-08-01,108300,89733,17026,500.7,491.9,654.2,1530.1,1337.5,1796.1,594.9,2035.1,558.4,5139.3,12863,1103.7,405.4,4733,192.6
1991-09-01,108335,89792,17010,499.9,490.8,650.8,1526.5,1334.9,1785.6,593.5,2037.2,560,5138.8,12851.3,1101.6,405.9,4728,191.9
1991-10-01,108361,89768,16999,497.6,491.5,647.4,1524.9,1332.5,1775.1,592.9,2036.4,559.6,5133,12836.7,1103.2,406.9,4698,191.3
1991-11-01,108300,89673,16961,496.9,489.5,643.5,1521.5,1321.3,1764.1,594.3,2027.3,559.8,5128.9,12822.1,1101.5,407.2,4640,190.2
1991-12-01,108330,89689,16917,494.7,488.9,642,1513.4,1314.4,1751.9,591.2,2021.1,558.2,5125.7,12823.8,1105.2,408.6,4647,189.1
1992-01-01,108365,89677,16839,495.1,488.8,637.9,1506.8,1309.2,1742.9,588.7,1980.1,558.6,5114.1,12813,1101.6,406.5,4667,188.3
1992-02-01,108312,89623,16828,496.8,487,636.1,1499.8,1307,1731.4,585.8,2006.3,556.3,5111.1,12820.1,1098.8,406.8,4612,188.3
1992-03-01,108367,89652,16805,498.9,485.7,634.3,1494.3,1305,1720.9,583.5,2006.5,558.8,5108.4,12817.8,1100.2,406.5,4621,188.4
1992-04-01,108516,89777,16830,501.7,487.3,634.2,1497.2,1304.6,1716.3,582.6,2006.8,562,5096.8,12834.6,1102,407.2,4603,187.6
1992-05-01,108646,89893,16835,503.1,487.5,632.4,1498.8,1316.9,1713.1,582.5,1997.9,561.3,5086,12836.8,1104.9,407.8,4605,186.9
1992-06-01,108706,89944,16826,502.6,488.3,632.2,1497.2,1314.6,1708.1,581.1,1990.3,563.8,5078.8,12843.6,1108.2,408.4,4584,183.7
1992-07-01,108793,89976,16820,503.4,488.6,631.4,1495,1312.1,1704.7,577.6,1979.8,565.3,5060.1,12824.9,1106.3,408.4,4570,182
1992-08-01,108916,90033,16782,505.6,487.6,630.2,1496.2,1312.6,1698.3,576.7,1968.8,565,5051.7,12811.3,1105.7,408.9,4581,178.8
1992-09-01,108951,90122,16760,506.8,487.5,627.2,1496.4,1312.9,1696.1,575.3,1956.7,564.6,5041.5,12809.5,1111.7,410.1,4584,173.8
1992-10-01,109139,90311,16751,508.6,486.9,625.1,1495.7,1313.3,1689.6,574.6,1947.6,565.3,5042.5,12827.4,1112.2,408.8,4600,175.8
1992-11-01,109283,90442,16758,512.1,487.9,623.1,1494.4,1315,1684.9,573.2,1952.9,566.3,5039.7,12834,1113.9,409.4,4606,175.8
1992-12-01,109502,90624,16770,514.3,489.3,622.2,1495.8,1316.8,1679.9,572.7,1952.5,568,5030.9,12842.3,1128.4,410.7,4630,175.6
1993-01-01,109790,90889,16790,517.3,489.1,622,1498.3,1321.5,1677.1,574,1957,569,5033.9,12882.1,1141.8,411.7,4664,175.2
1993-02-01,110047,91145,16804,518.9,494.4,621,1503.3,1321.1,1673.3,575,1948,571.3,5030.9,12932.4,1137.3,412.8,4714,173.5
1993-03-01,110004,91097,16795,522.1,489.9,620,1504.5,1321.9,1670,576,1934.8,572.6,5026.7,12919.9,1140,413.2,4676,172.8
1993-04-01,110300,91362,16772,521.4,488.4,618,1505.2,1321.9,1666.5,575.3,1923.5,573.1,5033.1,12939.9,1141.7,414.3,4690,172.2
1993-05-01,110571,91620,16766,520.9,489.4,617.7,1504.6,1325.8,1661.1,574.7,1912.3,575,5044.8,12961.9,1146.1,415.2,4753,171.5
1993-06-01,110742,91773,16742,521.7,489.3,616.8,1503.9,1328.5,1654.5,573,1902.6,574,5046.3,12993.8,1148.8,415.1,4760,171
1993-07-01,111054,91994,16740,524.2,490.4,616.9,1506.8,1331.4,1646.7,575,1899.2,572.9,5059.7,13027.9,1156.4,416.3,4783,169.4
1993-08-01,111200,92172,16740,526.6,490.7,617.2,1508.2,1330.6,1646,574.8,1898.6,575.6,5055.3,13051.4,1161.9,416.6,4806,169.9
1993-09-01,111448,92407,16770,531.3,492.7,617.7,1513.6,1336.7,1643.8,576.3,1901.3,578,5070,13083.3,1165.2,417.4,4823,169.3
1993-10-01,111734,92692,16778,534.5,493.2,617.8,1517.5,1340.4,1643.8,577.3,1902.1,580.1,5078.6,13115.5,1171.2,419.7,4868,168.8
1993-11-01,111987,92919,16800,537.1,494.3,619.5,1522.4,1345.1,1644,579,1901.6,581.9,5088,13127.3,1174.6,419.6,4887,169.2
1993-12-01,112325,93216,16815,543,495.5,619.7,1526.8,1348.7,1643.4,579.8,1903.9,584.7,5102.6,13174.3,1176.6,420.4,4925,167
1994-01-01,112601,93454,16855,549.1,497.3,621.8,1532.5,1353.7,1645,578.4,1914,588.4,5116.3,13179.3,1182.7,422.3,4940,166.3
1994-02-01,112782,93632,16862,549.8,498.7,624.4,1536,1358.6,1644.9,582.1,1910.3,587.2,5127.3,13249.7,1188.9,425,4923,164.7
1994-03-01,113245,94055,16897,552.1,499.7,625,1542.6,1363.8,1647.8,584,1913.3,590.4,5143.6,13317.2,1196.8,427.6,4990,164.2
1994-04-01,113589,94366,16933,556.4,504.4,624.5,1548.7,1371.1,1648,587.3,1916.9,592.6,5160.9,13360.2,1147.1,429.2,5047,163
1994-05-01,113922,94658,16961,558.3,504,625.2,1554.4,1377.4,1646.2,587.1,1923.1,596.6,5177.9,13394,1209.7,430.3,5084,162.7
1994-06-01,114239,94965,17009,562.7,504.9,629.5,1564.2,1381.8,1648.3,589.9,1930.5,600.3,5195.1,13444.2,1211.4,432,5097,161.7
1994-07-01,114608,95307,17025,566.1,506.2,630.6,1572.3,1377.1,1648,589.1,1924.8,604.9,5209.1,13503.9,1213.9,434.4,5125,161.2
1994-08-01,114902,95596,17081,568.1,507.7,631.9,1576.1,1388.4,1652.9,593.6,1942.8,606.1,5236.7,13557.7,1217.4,436.2,5139,162.1
1994-09-01,115246,95909,17114,569.9,508.1,635.7,1578.7,1393.2,1656,593.9,1954,608.3,5256.3,13618.7,1218.6,439.3,5175,163.7
1994-10-01,115457,96113,17144,572.2,509.4,638,1586.8,1398.4,1653.5,590.9,1965.3,610.6,5274.3,13658.3,1221.3,441.1,5177,161.3
1994-11-01,115867,96500,17186,575.6,510.7,639.1,1594.4,1404,1657.6,593.3,1975.4,611.8,5290.7,13732.3,1227.9,443,5210,159.8
1994-12-01,116174,96786,17218,576.8,511.3,640.7,1601.2,1407.5,1661.3,594,1980.8,612,5310,13765.6,1240.4,444.6,5226,158.4
1995-01-01,116505,97108,17262,580.5,511.6,640.9,1607.5,1414.4,1663.4,596.1,1987.1,613.3,5333.3,13806.1,1239.8,444.8,5234,156.3
1995-02-01,116694,97287,17266,578.5,513.7,640.7,1615.2,1422.7,1666.2,596.6,1990.3,614.7,5357.4,13834.9,1244.1,444.6,5192,154.8
1995-03-01,116908,97481,17263,577.5,514.5,642.3,1618.8,1429,1666.6,595.8,1994.4,614.4,5370.8,13810,1248.3,444.4,5242,153.8
1995-04-01,117066,97632,17278,574.5,516.1,643.3,1623.9,1434.9,1672.4,596.2,1995,612.6,5378.4,13860.5,1253.6,445.3,5252,153.2
1995-05-01,117046,97628,17258,574.4,513.3,643.8,1625,1437.1,1676.2,594.7,1992,608.2,5381,13860.1,1246.2,445.9,5220,152.5
1995-06-01,117291,97846,17247,571.9,514.3,642.9,1623.8,1441.7,1682.3,592.7,1978.8,605.1,5400.5,13890.2,1244.3,446.9,5250,151.8
1995-07-01,117382,97945,17218,573.1,512.4,639.4,1624.4,1446.2,1688,589.8,1982.5,599.6,5404.8,13896.9,1235.8,446.8,5262,150.8
1995-08-01,117646,98217,17240,573.4,512.5,641.7,1626.6,1449.3,1693.2,591,1978.8,604.7,5407.6,13919.3,1246.2,448.1,5286,150.4
1995-09-01,117873,98443,17247,575.9,512.4,640.2,1626.9,1451.5,1703.6,590.8,1978.5,604.4,5413.4,13936.8,1234.1,448.1,5324,150.2
1995-10-01,118026,98562,17216,577.4,511.9,640.3,1629.3,1455.8,1709.7,590.7,1955,604.1,5415.7,13930.1,1267.7,447.7,5353,150
1995-11-01,118165,98702,17208,578,512.5,642.1,1631.7,1461.4,1717.4,590.5,1939.1,603.8,5422.1,13938.2,1264.6,449.3,5358,148.9
1995-12-01,118325,98859,17231,580.5,511.4,642.2,1633.4,1464.7,1722.9,590.6,1970.2,604.2,5427.8,13963.4,1264.9,449.8,5344,148.4
1996-01-01,118317,98867,17208,576.4,507.9,642,1636.6,1464,1729.1,589.6,1964.4,603.8,5429.3,13962,1268.1,451.2,5355,147.9
1996-02-01,118738,99253,17230,578.6,512.4,640.9,1636.9,1463.9,1735.6,589.8,1968.9,603.3,5432.2,13990.1,1270.9,452.1,5415,148.1
1996-03-01,118992,99460,17193,577.3,513.1,640.3,1636.7,1468.3,1738.2,589.7,1940,601.6,5439.4,14018.7,1272.8,452.4,5446,147.9
1996-04-01,119158,99643,17204,580.6,513.8,638.8,1636.9,1465.4,1741.6,589.9,1972.5,600.7,5447.2,14019.1,1277.9,452.8,5474,148.5
1996-05-01,119497,99968,17222,582.3,515.8,639.7,1639.6,1467.7,1744.9,591.6,1977,603,5460.1,14096.5,1282.2,453.9,5498,148.8
1996-06-01,119770,100242,17226,586.1,516.8,640.5,1644.6,1468.5,1746.2,591.7,1976.1,603.9,5475.3,14123.1,1290.7,455.1,5534,147.9
1996-07-01,120019,100472,17222,587.1,516.7,635.4,1647.7,1470,1748.7,591.4,1974.7,603.7,5480.1,14152.9,1296.1,455.4,5557,147.6
1996-08-01,120198,100694,17256,589.6,518.9,641.9,1651.6,1470.7,1752,590.8,1982.2,604.8,5496.1,14172.5,1291.9,454.5,5586,146.7
1996-09-01,120400,100833,17251,589.9,520.4,639.8,1654.2,1469.9,1752.2,591.3,1982.9,606,5509.1,14191.6,1285.6,455.1,5610,144.9
1996-10-01,120665,101111,17268,591.9,522.1,637.2,1659.8,1470,1754.9,591.7,1984.6,606.2,5528.3,14247.5,1284.4,456.4,5643,145.1
1996-11-01,120947,101382,17277,592.2,522.6,637,1662.2,1471.7,1758.6,592.8,1986.1,607.4,5538,14263.4,1283,458.9,5668,145.4
1996-12-01,121143,101572,17284,591.4,523.8,636.3,1664.6,1475.1,1760.8,591,1991.4,607.5,5541.6,14315.1,1283.3,457.9,5675,145
1997-01-01,121356,101763,17297,590.4,524.4,636.5,1666.4,1480,1763.1,589.5,1997.7,607.9,5544.7,14280,1286.9,457.1,5675,145.8
1997-02-01,121673,102075,17315,591.3,524.2,637,1670.7,1482.1,1768.6,588.2,2001.5,609.3,5562,14282.3,1290.5,459.1,5722,146.6
1997-03-01,121991,102383,17340,594.2,524.6,636.8,1676.1,1485.2,1775.9,586.6,2007.5,610.6,5576.7,14312.4,1293.4,460.9,5751,145
1997-04-01,122289,102686,17351,595.2,524.5,637.1,1681.8,1487.8,1784.6,584,2006.8,611.4,5590.6,14326.2,1296.7,461.8,5764,144.4
1997-05-01,122560,102959,17364,597.2,524.9,635.9,1687.6,1487.3,1791.2,583.4,2008.5,612.9,5601.6,14339.3,1301.9,461.5,5793,143.9
1997-06-01,122816,103156,17387,597.9,524.2,636.2,1692.1,1491.7,1800.2,583.8,2015.8,613.7,5613.7,14352.7,1304.4,463.2,5793,143.6
1997-07-01,123114,103428,17388,597.6,525.5,635.2,1693.5,1493.2,1809.2,584.6,2020.5,615.1,5632.6,14367,1310.6,465,5817,144
1997-08-01,123087,103470,17453,600.2,526.6,639.4,1703.5,1498.2,1817.9,585.1,2043.4,615.6,5643.5,14395.9,1316.6,466.3,5846,143.3
1997-09-01,123575,103896,17465,599.6,527.3,639.3,1709.4,1502.6,1821.6,585.4,2040.5,617.1,5650.8,14404.3,1322.8,467.3,5874,142.9
1997-10-01,123924,104186,17514,600.8,528.7,641.7,1715.2,1509.2,1831.3,587,2050.1,620.2,5671.3,14443.6,1323,468.8,5883,142.9
1997-11-01,124225,104464,17556,601.9,527.4,643.6,1722.4,1515.9,1835.1,588.4,2067.7,623.3,5679.2,14486.8,1324.8,469.9,5899,143.3
1997-12-01,124549,104783,17587,604.7,528.3,644.8,1729.1,1519,1842.3,588.9,2071.8,626.4,5688.6,14525.7,1328.9,470.6,5938,143.1
1998-01-01,124806,105036,17619,607.4,534.9,646.5,1733.9,1524.3,1848.5,591,2074.7,629.3,5710.6,14508.6,1332.2,471,5983,141.8
1998-02-01,125017,105231,17627,608,533.3,645.9,1738.8,1524,1847.3,590.9,2081.6,632.3,5719.5,14501.1,1338.1,471.2,5997,141.8
1998-03-01,125165,105373,17637,609.9,531.7,646.1,1742.4,1524.7,1851.1,592,2082.8,635.1,5730.8,14498,1338.2,472.8,5969,141.8
1998-04-01,125445,105629,17637,610.9,534.1,646.1,1743.6,1524.5,1847.8,591.6,2086.8,638.1,5739.2,14519.5,1348,473.1,6049,141.2
1998-05-01,125845,105970,17624,611.2,534,644.7,1745.2,1523.5,1846,592.1,2087.5,640.2,5750.3,14563.8,1353.4,475.1,6087,140.3
1998-06-01,126076,106197,17607,610.3,536,645.1,1745,1522,1841.8,592.8,2086,641.1,5754.3,14583.5,1357.2,476,6130,141.3
1998-07-01,126212,106282,17423,611.9,533.3,636,1733.4,1517.8,1832.7,590.2,1957.6,640.5,5753.2,14613.9,1358.3,477,6172,140.7
1998-08-01,126546,106587,17563,610.8,536.9,644,1741.9,1513.3,1827.4,592.6,2090.7,644.4,5758.4,14626.9,1364.1,479.2,6215,140.9
1998-09-01,126744,106759,17557,612,536.9,642.7,1741,1509.5,1820.9,592.9,2096.7,645.7,5766.1,14650,1364.2,481.1,6225,140.5
1998-10-01,126949,106948,17512,612.9,537.6,637.1,1738.5,1504.3,1811.4,591.5,2102.1,647.4,5766.1,14658.8,1366.6,482.2,6262,139.8
1998-11-01,127222,107178,17466,614.7,538.6,632.3,1733.8,1496.1,1801.7,591,2096.4,649.1,5774.8,14691.6,1365.1,483.7,6301,139.2
1998-12-01,127595,107516,17449,617.8,539.8,632.6,1733.3,1490.8,1793.5,590.3,2097.8,651.9,5790.4,14736.4,1370.7,485.2,6378,139.5
1999-01-01,127699,107615,17427,620.2,537.5,629.7,1733.3,1483.7,1783.6,588.8,2099.6,654.3,5787.4,14759.8,1374.5,486.6,6357,138.2
1999-02-01,128117,107973,17395,620.7,538.9,629.7,1731.9,1482.1,1781.4,588.5,2093.8,655.7,5810.6,14822.5,1375.4,489.6,6429,137
1999-03-01,128234,108066,17368,621.3,537,629,1728.7,1478.4,1780.5,588.8,2098.7,657.2,5815.7,14844.6,1376.2,490.2,6402,136.8
1999-04-01,128595,108358,17343,621.8,536.7,627.5,1729.6,1473.7,1781.4,589.6,2090.5,659,5823.1,14888,1381.4,492.7,6480,133.8
1999-05-01,128813,108584,17333,622.7,538,627.9,1729.2,1471.7,1781.2,589.3,2086.3,660.5,5829.5,14919.3,1384.9,494.7,6516,131
1999-06-01,129084,108812,17294,622,538.5,624.5,1723.5,1467,1783.3,587.8,2085.4,661.5,5837.5,14944.1,1391.3,496,6547,128.2
1999-07-01,129422,109083,17308,622.4,541.4,624.1,1725.4,1473.3,1778.8,589.5,2093,666.5,5851,14991.4,1396.8,496.8,6571,129.6
1999-08-01,129572,109197,17287,623.2,540.3,621.6,1725.8,1462.9,1776.2,585.5,2091.6,669.7,5864.7,15000.1,1398.3,498.5,6586,129.7
1999-09-01,129771,109367,17282,624.4,543.3,620.7,1725.3,1460.3,1779.9,584.5,2088.5,671.5,5873.6,15026.8,1402.4,501.4,6613,128.4
1999-10-01,130178,109721,17274,624.9,544.6,621.6,1726.4,1457.7,1778.4,587.7,2079.9,673.2,5881,15062.1,1405.6,504,6640,128.2
1999-11-01,130466,109970,17282,625.5,547.2,622.7,1728.2,1455.5,1781,588.2,2076.2,674.9,5894.2,15075.2,1407.2,506.5,6687,127.5
1999-12-01,130783,110243,17279,625,549.5,623.6,1728.2,1455.1,1781,588.7,2076.8,676.2,5904.7,15151.8,1407.9,509.9,6709,126.4
2000-01-01,131011,110440,17284,625.1,552.1,624.7,1729.9,1453.3,1782.5,590.4,2083.9,677.5,5908.1,15165.2,1408.1,510.2,6752,126.1
2000-02-01,131120,110521,17284,625.4,552.9,626.7,1737.4,1452.4,1785.8,591.3,2070.8,679.7,5909.7,15174.1,1406.6,511.3,6730,126.8
2000-03-01,131604,110871,17302,624.3,556,628.2,1744.1,1453.1,1784.2,591,2081.3,680.5,5925.7,15208,1408.9,512.7,6811,125.4
2000-04-01,131884,111082,17299,624.8,554.3,624.5,1746.4,1454.5,1787.4,591.7,2075.6,681.7,5913.5,15281.9,1407.7,514.2,6794,125.6
2000-05-01,132105,110958,17278,622.4,555.3,623.8,1750.1,1454.1,1792.4,591.2,2075.8,678.5,5902.5,15233,1406.1,514.1,6770,125.7
2000-06-01,132063,111176,17295,620.3,555.5,623.6,1758.6,1459.3,1803.8,592.6,2083,681.6,5905.5,15243.2,1403.8,519.3,6778,125.6
2000-07-01,132228,111361,17322,617.6,556.2,625.7,1761.1,1467.6,1832,595.8,2060.3,683.1,5890.7,15257.2,1403.6,518.7,6794,124.5
2000-08-01,132234,111397,17287,614.8,555.2,623,1761.2,1461.7,1844.1,593.3,2044.4,681.9,5879.7,15279.7,1408,520,6796,123.8
2000-09-01,132337,111602,17229,610.1,554,617.8,1760.6,1456.9,1846.8,591.6,2026.3,681.8,5864.5,15303.4,1404.9,520.8,6807,124.3
2000-10-01,132352,111609,17217,603.3,552.5,619.1,1759.1,1456.2,1855.7,589.4,2028.7,681.1,5864.3,15308.3,1404,521.3,6814,124.6
2000-11-01,132556,111796,17202,601,553.5,616.3,1764.3,1458.7,1861.3,586.8,2027.5,679.5,5859.1,15315.8,1404.8,524.2,6817,123.6
2000-12-01,132716,111912,17181,596.5,553.8,611.1,1761.9,1456,1864.5,587.4,2024.6,677.2,5836.8,15362.5,1406.2,526.7,6792,122.9
2001-01-01,132703,111868,17105,589.7,556,607.7,1759.2,1452.7,1873.1,582.6,1981.5,674,5815.5,15336.1,1407.1,524.5,6824,123.5
2001-02-01,132788,111882,17030,586.3,555.7,605.7,1745.9,1440.5,1864.7,584.5,1989.3,667.4,5797.5,15354,1407.6,523.4,6841,122.9
2001-03-01,132751,111806,16938,584.1,555.3,596.6,1735.3,1424.8,1852.4,580.1,1976.7,665.3,5778.1,15329.6,1408.7,523.9,6862,123.4
2001-04-01,132458,111466,16802,580.1,553.3,588.7,1719,1410.5,1823.1,575.6,1966.7,657.9,5761.4,15233.9,1400.1,523.7,6844,123.5
2001-05-01,132408,111379,16660,577,549.6,581.4,1700.5,1394.6,1795.5,569.5,1953,653,5746.8,15237.6,1396.4,522.9,6849,123.8
2001-06-01,132300,111163,16513,577.2,546.2,574.7,1684.1,1378.1,1761.7,562.9,1941.5,645.1,5729,15241.8,1390.9,520.6,6840,123.4
2001-07-01,132172,110987,16381,576.4,543,566.4,1670.4,1362.8,1729.8,552.5,1937.1,636.5,5716.3,15180.5,1389.2,518.6,6845,124.3
2001-08-01,132021,110803,16233,572.3,539.9,559.2,1654,1348.6,1703.1,550.5,1930.6,633.3,5709.8,15185.3,1375.6,518.4,6827,124.2
2001-09-01,131763,110521,16116,574.8,536.7,553.4,1638,1333.3,1678.4,543.1,1927.5,629.2,5694.6,15175.7,1376.7,512,6813,124.7
2001-10-01,131452,110177,15973,569,534.1,548.1,1620.4,1317.1,1658,534.9,1898.4,623.3,5682.8,15148.9,1369.9,508.5,6804,123
2001-11-01,131144,109818,15825,565.6,532.3,536.7,1603.2,1297.3,1632.7,528.7,1888.2,618.4,5664,15126.5,1363.9,504.7,6784,123.9
2001-12-01,130983,109628,15712,564.2,530.6,529.7,1589,1283.5,1612.7,517.7,1876.8,615.2,5645.4,15077.2,1357,506.4,6785,124.7
2002-01-01,130859,109482,15588,564,526.3,523.2,1576.3,1271.3,1588.8,516.2,1840.1,612.1,5641.2,15039.8,1350,510.8,6775,124.6
2002-02-01,130737,109347,15518,563.7,525,518.3,1569.1,1260.4,1571.2,509.4,1849.6,612.2,5626,15043.5,1348.1,517.6,6766,125.5
2002-03-01,130722,109291,15443,561.5,522,514.5,1560.1,1253.1,1554.5,506.6,1841,611.5,5618.6,15051.6,1345.2,513.3,6755,123.5
2002-04-01,130616,109173,15392,560,519.1,512.8,1557.1,1246.9,1544.5,503,1835.4,612.4,5607.3,15049.2,1345.3,513.5,6710,121.9
2002-05-01,130632,109118,15338,558.7,515.5,511.1,1555.3,1240.8,1530.5,501.3,1837.2,609.3,5606.4,15029.6,1343,516.1,6684,121.9
2002-06-01,130674,109125,15297,558.3,513.6,509.7,1553.2,1234.5,1515.5,497.6,1835.7,610.1,5610,15018.6,1339.5,518.4,6701,121.7
2002-07-01,130584,109040,15256,556.9,515,508.5,1549.7,1229.9,1501.4,496,1836.2,607.3,5607.9,15016.5,1335,517.6,6688,120.9
2002-08-01,130581,108992,15171,559.5,513.6,507,1543.3,1221.1,1482.2,492.9,1828.2,605,5598,14971.2,1328.6,524.6,6701,121.1
2002-09-01,130502,108956,15119,554.6,513.2,505.2,1540.5,1214,1468.6,488.8,1822.4,600,5598.5,14952.7,1331.8,526,6702,120.1
2002-10-01,130617,109058,15059,552.5,512,502.7,1534.7,1207.7,1458.5,485.8,1817.7,596.6,5596.1,14958.1,1338.4,527.7,6689,120.6
2002-11-01,130616,109035,14992,550.3,507.9,500.6,1525.7,1202.1,1442.3,482.4,1810.6,593.9,5581.5,14945.3,1334.6,527.3,6713,121
2002-12-01,130465,108877,14911,544.7,505.6,495.5,1517.8,1197,1430.4,478,1807.4,588.4,5584.1,14957.2,1333.2,527,6700,120.7
2003-01-01,130573,108947,14867,545.6,502.7,495.9,1511.3,1191,1412,475.3,1805.3,586.2,5574.1,14939.1,1329.1,525.3,6704,120.9
2003-02-01,130441,108817,14780,542.9,499.3,491.4,1499.2,1182.4,1398.1,472.1,1799.1,582,5581.7,14904,1326.2,532.5,6667,120.5
2003-03-01,130235,108625,14721,539.4,498.1,489.2,1495.8,1173.1,1389.4,469.7,1791.8,582.6,5577.5,14879.2,1330.8,526.6,6654,120.9
2003-04-01,130173,108578,14608,540.7,493.7,485.2,1487.4,1162.5,1376.3,465.8,1768.8,573.7,5572.3,14889.6,1318.9,528.5,6689,121.1
2003-05-01,130197,108630,14558,538.3,494.5,480.1,1480,1154.5,1363.5,461.3,1778.7,571.7,5566.1,14881.1,1320.1,529.5,6706,121.1
2003-06-01,130186,108580,14493,535.9,493.8,475,1473.6,1147.6,1353.6,459,1775.2,571,5555.1,14866.3,1320.9,528.8,6723,121.2
2003-07-01,130184,108551,14403,535.7,490.4,471.6,1464,1137.7,1340.6,455.7,1765.4,569.9,5546.8,14854.4,1320.6,529.7,6735,120.4
2003-08-01,130153,108597,14376,535,492.4,470.8,1465,1135.5,1333.3,452.3,1763.5,568,5539.6,14881.5,1325.3,531.9,6760,119.6
2003-09-01,130252,108748,14346,536.3,490.7,467.6,1462,1134,1328.7,451.4,1763.9,569,5537.8,14912.4,1325.2,535.5,6783,119.4
2003-10-01,130439,108881,14334,538.8,491.5,467.2,1464,1132.7,1325.1,450.7,1764.9,569.3,5537.2,14928.2,1328.6,538.6,6784,119.2
2003-11-01,130480,108945,14316,542.6,492.7,466,1469.2,1135.9,1322.9,448.6,1764.8,569,5538.5,14907.5,1331.3,540.2,6796,118.6
2003-12-01,130589,109043,14299,541.9,492.1,466.9,1472.8,1134.7,1318.8,450.6,1760.8,570,5549.8,14901.3,1335.4,534.3,6827,118.4
2004-01-01,130756,109218,14291,542.4,501.7,464.4,1475.3,1133.5,1319,448.3,1760.7,570.4,5562.4,14948.1,1339,546.9,6848,119.8
2004-02-01,130821,109271,14279,544.9,495.9,464.3,1479.8,1134,1318.6,447.8,1761.1,570.4,5568.7,14946.4,1338.6,550.3,6838,121.2
2004-03-01,131140,109552,14287,546,497.9,463.8,1480.1,1135.5,1320.3,445.1,1762.8,572.6,5575.7,14994.6,1340,555.5,6887,121.4
2004-04-01,131412,109798,14315,547.4,501.3,464.9,1489.5,1140.6,1320.8,445.4,1761.6,576.6,5596.7,15014.6,1343.9,558.4,6901,122.9
2004-05-01,131697,110083,14342,550.7,506.6,466,1498.3,1142.8,1325.4,444.5,1763.2,576,5598.5,15029.6,1346.2,554.5,6948,124.2
2004-06-01,131794,110193,14334,551.9,507.5,468.2,1498.3,1146.1,1324.1,445.3,1763.8,575.1,5602.3,15053.4,1352,558.7,6962,123.6
2004-07-01,131854,110248,14331,553.3,509,469.2,1500.7,1148,1328.2,444.7,1752.9,576.4,5610.4,15037.3,1355.3,562.1,6977,123.5
2004-08-01,131939,110313,14345,555,508.9,468.6,1504.3,1153.6,1328.4,444.4,1774.1,575.3,5618.5,15038.1,1358.1,562.9,7003,124.3
2004-09-01,132089,110454,14332,553.4,510.2,468.5,1505.5,1152,1327.4,444.5,1771.7,573.7,5631.7,15062.7,1363.4,566.9,7029,125
2004-10-01,132429,110773,14332,559.3,510.3,468.1,1509.3,1151.9,1324,443.4,1777.2,573.4,5635.2,15090.7,1361.3,576.7,7077,124.3
2004-11-01,132503,110811,14306,558.3,509.1,467.3,1508.3,1153.1,1319,443.2,1775.5,574.4,5637.2,15111.8,1359.8,575,7091,124.7
2004-12-01,132630,110937,14285,558.6,508.3,468.8,1509.7,1150.5,1314.8,442.7,1776.2,574.1,5651.3,15104.1,1368.8,575.3,7117,124.7
2005-01-01,132781,111046,14257,558,503.1,467.5,1512.9,1153,1318.9,441.1,1767,573.4,5645.5,15124.4,1374.4,578.6,7095,124.1
2005-02-01,133034,111290,14272,558.5,504.5,469,1512.5,1156.4,1317.6,439.6,1786.4,572.2,5658.6,15164.4,1381.4,582.7,7153,123.1
2005-03-01,133154,111414,14268,560.8,503.5,468.9,1515.7,1159.8,1314.8,438.8,1781.1,569.7,5669.2,15165.9,1386.4,584.6,7181,124.6
2005-04-01,133520,111766,14249,558,506.8,468,1518,1162.2,1314.5,436.9,1778.3,566.5,5681.1,15215.2,1392.6,587.3,7266,124.6
2005-05-01,133689,111908,14255,555.5,505.3,467.4,1524.1,1165.5,1314.5,436.9,1786.2,565.2,5692.7,15232.1,1395.7,590.5,7294,125.2
2005-06-01,133948,112185,14227,559.8,506.3,465.7,1522.8,1164.8,1315.6,432.6,1771.8,563.8,5703.2,15266.2,1399.5,601.6,7333,125
2005-07-01,134300,112443,14225,558.9,504.3,463.9,1522.6,1165,1317.8,431.5,1768.8,563.5,5712.6,15307.7,1402.1,600.7,7353,125.7
2005-08-01,134502,112639,14200,560.9,504.2,463.5,1523.8,1165.5,1316,430.9,1766.3,564.8,5722.6,15323.9,1401.7,605.4,7394,126
2005-09-01,134552,112707,14173,562.2,505.9,465.2,1523.6,1167.7,1314.3,428.2,1749.4,564.9,5728,15297.6,1403.8,609,7415,126.8
2005-10-01,134641,112812,14189,562.3,505.9,465.2,1524.3,1177.8,1314.2,428.1,1767.4,564.9,5736,15294.6,1410.1,611,7460,127.3
2005-11-01,134997,113138,14184,567.6,505.1,464.9,1528,1167,1311.1,428.9,1770.9,564.6,5748.6,15325.6,1413.2,614.8,7524,128.4
2005-12-01,135159,113280,14189,571.7,505.3,463.8,1532,1168.5,1307.4,430.1,1773.6,565.1,5761,15331.2,1414.6,619.2,7533,128.1
2006-01-01,135427,113580,14208,573.6,510.4,465.2,1535.1,1170.5,1302.7,431.6,1782.7,564.7,5780.5,15318.9,1417.6,624.3,7601,128.8
2006-02-01,135733,113855,14208,573.7,512.3,461.9,1539.1,1176.6,1307.7,433.1,1769.9,565.2,5796.5,15325.6,1421.6,629.9,7664,130
2006-03-01,136038,114135,14210,573.6,514.8,464.2,1544.8,1179.5,1306.1,434.2,1768.1,565.7,5811.9,15351.8,1423.6,631.4,7689,131.2
2006-04-01,136210,114291,14223,570.4,515.9,463.8,1549.5,1182.9,1310.4,433.5,1779.5,566.1,5823.7,15317,1432.4,634.5,7726,132.8
2006-05-01,136249,114323,14200,569.9,510.3,466,1554.3,1183.3,1308.2,434.7,1777.4,564.9,5835.8,15285.6,1430.3,638.3,7713,133.1
2006-06-01,136337,114415,14210,565.7,508.1,468.7,1555.2,1183.2,1312.1,436.5,1787.2,563.6,5839.9,15297.4,1434.1,642.9,7699,134.7
2006-07-01,136529,114556,14185,564.2,510.2,467.2,1561.1,1185.4,1306.7,433.5,1773,559.8,5848.1,15298.9,1443.1,646,7712,135.1
2006-08-01,136692,114681,14154,559.3,509.1,466.3,1560.1,1187.3,1305.5,433.6,1766,556.8,5856.3,15301.6,1442.7,647.7,7720,136.8
2006-09-01,136826,114744,14120,554.5,504.9,462.4,1560.7,1187.4,1301.6,432.6,1765.1,555.2,5864.7,15304.8,1443.8,648.5,7718,136.7
2006-10-01,136843,114775,14068,545,506.8,461.7,1554.3,1187.7,1297.1,431.3,1760.1,551.9,5863.1,15338.6,1445.7,651.3,7682,138.3
2006-11-01,137060,114977,14034,540.9,506.6,458.1,1557.6,1186.4,1294.3,428,1749,546.1,5875,15374,1446.5,654.6,7666,138.3
2006-12-01,137249,115161,14009,537.8,508.3,458.5,1559.5,1183.8,1290.4,430.7,1748.7,544.4,5899.9,15375.3,1452.1,660.6,7685,139.4
2007-01-01,137472,115377,14004,534.9,508.6,459,1561.7,1185.6,1290.2,429.3,1731.2,540,5903.4,15411.5,1453.7,660.8,7725,140.7
2007-02-01,137560,115429,13993,530.2,507.7,461,1563.1,1188.9,1287.7,428.9,1733.7,539.8,5918,15440.3,1452.4,661.5,7626,141.7
2007-03-01,137784,115635,13964,527.9,508.1,459.6,1563.1,1188.3,1277.6,429.5,1726.8,538.5,5921.5,15498.8,1451.5,661.5,7706,142.8
2007-04-01,137847,115672,13939,523.8,504.8,459.9,1566.7,1188.4,1271.3,429.9,1723.7,539.4,5937.2,15477.4,1447.9,664.7,7686,143.8
2007-05-01,137992,115799,13922,522.9,505,459.4,1565.1,1190.4,1269.6,430,1716.4,535.9,5945,15494.4,1449.2,667.7,7673,144
2007-06-01,138070,115863,13903,520.7,503.4,456.2,1568.3,1192,1265.8,429.8,1712.4,532.1,5956.1,15478.7,1445.1,668.5,7687,145.3
2007-07-01,138044,115873,13881,521.7,501.9,456.5,1565.1,1190.8,1263.7,429.7,1707.3,529.9,5962.2,15483.2,1437.8,669.4,7660,146.5
2007-08-01,138013,115787,13821,514.4,495.5,453.8,1559.6,1186.6,1259.3,429.3,1707.6,526.4,5961.4,15484,1431.9,668.5,7610,147
2007-09-01,138099,115820,13784,506.6,495.4,450.7,1559.5,1183.8,1254.4,429.3,1704.9,522.8,5962.7,15492.7,1433.4,675.4,7577,147.2
2007-10-01,138175,115878,13756,503.5,494,449.5,1559.3,1182.3,1250.5,429.4,1693.8,519,5970,15485.8,1427.4,680.2,7565,149.3
2007-11-01,138290,115956,13751,499.4,492.6,450.1,1558.9,1182.5,1251.7,430.1,1695.4,518.2,5970.6,15549.8,1423.1,680.5,7523,151.9
2007-12-01,138395,116019,13739,497.9,488.9,450.7,1557.3,1183.6,1250.2,428.3,1688.2,513.6,5970.4,15544.7,1419.2,680.1,7490,153.5
2008-01-01,138391,116003,13717,492.8,489,451.3,1557,1188,1250.6,426.9,1680.3,510.9,5966.3,15525.5,1417.3,679.1,7476,154.8
2008-02-01,138329,115912,13690,487.4,486.7,451.6,1557.4,1189.8,1247,427.6,1677.9,505.9,5956.2,15490.6,1413.3,680.4,7453,155
2008-03-01,138259,115816,13650,481.3,481.8,451.2,1558,1195.5,1248.2,428.4,1655.2,501.1,5946.2,15479.9,1415.4,682.1,7406,156.2
2008-04-01,138040,115590,13589,476.9,477.2,450.2,1548.1,1196.5,1246.1,429.1,1636.5,494.2,5925,15396.7,1412.5,684,7327,154
2008-05-01,137851,115368,13555,469.1,471.9,448.4,1546.8,1197.9,1242.6,429.8,1644.1,488.5,5912.1,15334,1406.9,683,7274,158.8
2008-06-01,137700,115183,13494,462.7,467.4,446.6,1538,1196.7,1237.7,429,1643.1,484.2,5899.7,15310,1395.5,681.1,7213,159.9
2008-07-01,137497,114929,13419,457.3,462.8,443.5,1528.2,1197.3,1234.6,428.1,1620.8,478.5,5878.3,15270.2,1390.1,679.4,7160,161.6
2008-08-01,137211,114644,13348,451.3,460.4,440,1528.4,1192.4,1234.7,425.1,1588,471.1,5857.3,15209.3,1385.2,676.6,7114,163.3
2008-09-01,136760,114223,13267,445,455.4,439.2,1517,1186.3,1232.6,421.7,1573.1,465,5845.8,15143.5,1372.3,673.8,7044,164.4
2008-10-01,136291,113742,13138,435.2,453.9,435.2,1503.8,1181.3,1224.9,419.5,1530.3,455.5,5808.3,15081.9,1367.5,671.6,6967,164.3
2008-11-01,135541,112981,13026,423.8,444.1,426.6,1486.2,1168.3,1215.9,415.3,1536.7,445.5,5770.7,14953.1,1351.5,666.8,6813,165.3
2008-12-01,134847,112291,12842,410.7,434.3,417.7,1458.9,1159.1,1205.4,410.1,1508.9,435.1,5730.1,14847.5,1342.7,662.3,6701,167.1
2009-01-01,134079,111500,12552,395.3,425.3,405.7,1426.9,1132.5,1194.1,404.3,1408.6,424.3,5697.3,14763.8,1316.7,662.2,6567,165.1
2009-02-01,133318,110742,12371,372.7,414.8,391.2,1400.1,1105.2,1175.8,397.1,1424.1,412.2,5650.1,14680.6,1310.9,654.9,6446,164.4
2009-03-01,132494,109934,12196,375,405.1,382.4,1368.7,1077.4,1164.6,388.2,1407.2,402.1,5607.8,14594.3,1294.9,653.3,6291,162.6
2009-04-01,131822,109145,12017,367.9,402.9,369.3,1340.3,1049.9,1148.5,377.8,1371.9,394.9,5562.4,14530.6,1275.5,647.8,6154,160.8
2009-05-01,131466,108849,11850,360.2,396.4,359.5,1316.6,1029.8,1131.6,373.5,1332.7,387.4,5536.4,14514.9,1268,643.6,6100,160.5
2009-06-01,131008,108432,11713,355.2,391.6,349.6,1295.7,1013.8,1117.2,372,1307.9,380.5,5512.6,14501.7,1262.1,642.1,6010,160.6
2009-07-01,130662,108141,11654,352.4,390.3,348,1279.7,1004,1109.4,366.3,1327.3,375.5,5488,14446.8,1256.1,639.5,5932,159.6
2009-08-01,130472,107935,11612,350.8,389.2,349.8,1272.7,998.7,1099.7,364.5,1325,370.9,5470.9,14438.7,1252.1,637.1,5855,158
2009-09-01,130246,107795,11580,351.7,386.2,347.8,1265.7,994,1096.3,364.6,1323.3,366.8,5454.3,14406.6,1252.8,633.7,5787,157.7
2009-10-01,130061,107537,11527,350.3,378.9,346.6,1261.4,985.7,1090.9,359.8,1320.8,365.1,5434.6,14358.2,1246.9,629.5,5716,157.4
2009-11-01,130057,107524,11498,347.5,376.6,346.6,1261.1,980.6,1088.4,357.2,1313.1,366.9,5424,14340.4,1246.8,628.3,5696,156.9
2009-12-01,129808,107326,11465,345.7,376.1,347.2,1258.6,976.6,1083.5,354.4,1313.6,363.1,5410.2,14309.1,1240.7,628.7,5654,155.3
2010-01-01,129802,107311,11447,341.9,371.6,347.3,1259.1,974.2,1081.8,354.1,1318.3,360.3,5389.2,14358.8,1238.2,629.2,5580,156.5
2010-02-01,129706,107230,11439,339.2,371.1,350.8,1255.4,975.7,1080.7,354.6,1316.1,360.4,5379.1,14357.8,1236.4,628.9,5500,156.4
2010-03-01,129866,107348,11439,341.1,369.2,354.4,1260.7,980.2,1081.2,355.7,1314.8,357.8,5379.1,14392.2,1234.7,633.7,5537,156.7
2010-04-01,130120,107551,11475,343.4,371.3,357.6,1268.8,985.7,1078.3,357.6,1323.1,359.5,5379.6,14388.3,1238.9,635.3,5553,157.6
2010-05-01,130642,107646,11511,345.9,373.2,360.6,1273.3,990.4,1079.1,358.6,1332.8,358.3,5374.5,14396.5,1243.4,637.5,5520,158.7
2010-06-01,130510,107770,11529,350.3,372.5,363.9,1278.6,996.7,1078.4,359.3,1333,359.9,5377.8,14399.4,1245.5,640.9,5516,158.1
2010-07-01,130415,107846,11546,344.6,370.3,366.5,1287.8,1001.5,1079.9,360,1336.5,356.8,5380.4,14402.2,1251.3,637,5508,158.4
2010-08-01,130415,107995,11538,342.7,370.9,366.5,1292,1000.7,1080,360.4,1341.5,356,5382.5,14414.1,1256.5,638.2,5524,159.7
2010-09-01,130341,108094,11549,340.4,373.8,367.4,1298.4,1004.1,1080,362.1,1344.2,354.6,5388,14420.3,1259.5,640.3,5501,160.2
2010-10-01,130620,108323,11548,337.5,371,368.6,1301.7,1008.8,1079.2,362.4,1343,354.5,5396.4,14462.1,1264.7,642.5,5508,161.5
2010-11-01,130749,108462,11571,338.2,369.7,370.1,1301.2,1018.8,1080.3,362.6,1347,353.3,5402,14446.3,1271,645.2,5506,161.4
2010-12-01,130830,108564,11579,338,365.7,372.9,1309,1017.9,1082.4,365.1,1346,353.1,5409.5,14444.5,1272.9,646,5467,161
2011-01-01,130837,108579,11606,339.2,364,372.9,1316.4,1027.2,1086.1,366.1,1355.6,353.2,5415.1,14491,1273,647,5427,162.7
2011-02-01,131057,108842,11637,339.6,364.9,379.1,1319,1034.1,1085.5,364.9,1362.5,353,5426.8,14518.2,1283.8,648.4,5451,164.2
2011-03-01,131283,109091,11659,339.9,365.3,381,1329.9,1038.9,1086.1,364.2,1366.5,352.7,5444.6,14537.9,1290.4,648.8,5477,166.7
2011-04-01,131597,109413,11689,338.8,366.4,385.4,1337.1,1045.6,1088.4,365.5,1372,352.7,5457.6,14602.8,1295.8,651.5,5485,169.6
2011-05-01,131703,109574,11697,338.2,368.3,388.1,1344.8,1050.1,1086.6,365.7,1370.9,354.5,5462.7,14604.3,1298.6,653.2,5516,170.4
2011-06-01,131931,109767,11710,336.6,369,389.5,1351.8,1054.6,1086.8,365.8,1374.5,354.9,5470.1,14637.7,1303.7,656.8,5528,171.2
2011-07-01,131992,109943,11729,332,368.7,390.6,1356.1,1058.6,1087.8,366.8,1379.1,356.7,5478.3,14676,1304.5,660,5547,172.7
2011-08-01,132125,110108,11748,335.6,367.3,391,1357.6,1064.5,1089.2,367.2,1383.2,355,5488.4,14677.7,1304.6,662.8,5552,173.9
2011-09-01,132344,110361,11752,335.5,366,392.6,1359.5,1067.8,1089,366.5,1391.1,354.2,5491.4,14686.2,1308.5,664.1,5584,176.5
2011-10-01,132553,110555,11762,335.7,365.8,395.2,1362.8,1071.5,1087,366.1,1403.1,352,5508.4,14698.8,1312.5,664.9,5588,178
2011-11-01,132690,110719,11753,334.8,365.7,397.3,1365.7,1073,1082.7,365.7,1406.5,350.4,5515.4,14715.2,1316.2,666.4,5593,178.7
2011-12-01,132888,110934,11783,336.1,367.4,398,1378.8,1082.2,1081.4,366.9,1415.8,349.1,5536.4,14707.2,1323.3,668.9,5611,180.3
2012-01-01,133246,111300,11820,337,368.4,399.7,1387.1,1086.7,1080.6,368.8,1424.5,349.4,5550.5,14766.5,1328.2,671.4,5626,181.3
2012-02-01,133509,111562,11841,337,369,400.6,1394.1,1091.6,1080.4,371,1430.3,350.3,5560.9,14760.1,1339.7,675.7,5629,182.4
2012-03-01,133748,111805,11880,337.6,368.1,400.7,1400.6,1094.6,1080.2,372,1443.7,351.1,5568.5,14776.3,1337.5,677.3,5625,184.8
2012-04-01,133825,111894,11897,337.7,367.4,401.5,1404.4,1098,1077.7,371.4,1450.5,353.5,5582.5,14784,1339.1,682.8,5618,185.5
2012-05-01,133932,112021,11908,336.6,363.8,403.7,1410.6,1101.8,1077,373,1453.5,351.4,5594.1,14791.9,1344.4,687.9,5604,186.6
2012-06-01,134013,112083,11918,337.7,363.2,405.2,1413.8,1102.4,1073.5,373.9,1458.8,350.7,5599,14772.6,1349.6,691.1,5621,188.2
2012-07-01,134157,112244,11944,338.6,363.4,406.9,1417.5,1101.5,1071.3,373.5,1477.4,350.1,5609.3,14762.5,1355.2,694.6,5632,188.7
2012-08-01,134339,112423,11940,338.2,362.2,404.8,1417.1,1102.6,1066.5,373.1,1474,351.6,5610.1,14773.7,1357.6,696.6,5648,189.3
2012-09-01,134517,112592,11934,338.3,362.8,402.2,1416.4,1100.6,1058.5,374.3,1476.2,351.8,5605.2,14801,1356.2,699.4,5661,189.3
2012-10-01,134669,112766,11941,341.4,364.2,402.5,1415.5,1100.1,1059.3,375,1474.1,351.9,5619,14817.1,1361.4,703.4,5674,189.1
2012-11-01,134825,112942,11930,344.2,364.1,400,1418.5,1099.1,1054,375.6,1483.5,350.5,5621.6,14895.5,1363,707.2,5684,189.7
2012-12-01,135074,113187,11939,345.3,367.9,397.9,1418.7,1102.4,1054.8,375.8,1487.4,352.9,5628.3,14865.1,1367.4,714.9,5724,191.6
2013-01-01,135257,113388,11962,346.1,369.8,398.4,1419.9,1103.7,1053.1,374.5,1492.7,354.2,5640,14887.8,1372.5,707.1,5746,193.2
2013-02-01,135546,113665,11974,348.1,371.3,397.4,1422.7,1101.8,1051.1,373.8,1499.1,355.9,5640.8,14912.7,1376,707.2,5784,194.5
2013-03-01,135689,113819,11977,348.9,372.7,398,1425.4,1104.8,1047.8,374.3,1501.6,356.4,5644.4,14912.3,1367,708.5,5802,193.7
2013-04-01,135873,114004,11978,347.9,371.1,397.1,1428,1106.6,1046.9,374.6,1503.2,357.3,5644.4,14922.3,1382.8,709.4,5796,194.3
2013-05-01,136096,114232,11978,350.5,371.7,395.7,1427.4,1102.7,1046,374,1506.2,357.6,5651.1,14953.8,1382.8,708.2,5829,193.5
2013-06-01,136279,114439,11982,352.5,371.8,393.8,1428.9,1100.1,1046,372.3,1512.9,359.3,5654.7,15001.3,1380.7,711.9,5855,192.9
2013-07-01,136391,114576,11962,353.7,372.7,391.8,1428.5,1102.2,1042.9,372.7,1490,359.7,5662.6,15046.1,1382.9,714.2,5859,193.1
2013-08-01,136646,114815,11992,355.2,374.2,394.7,1432.4,1102.5,1041.8,371.6,1511.2,360.7,5670.2,15091.6,1385.2,717.6,5878,193.5
2013-09-01,136821,114986,12010,357,375.2,394.7,1439.2,1106.4,1042,373.4,1514.3,358.9,5680.7,15119.1,1387.2,722.1,5910,193.3
2013-10-01,137041,115211,12033,360,374.9,392.8,1441.9,1107.9,1037.3,374.8,1520.6,362.3,5672.2,15146.2,1389,724.3,5931,192.6
2013-11-01,137317,115474,12054,359.1,377.2,393.5,1442.2,1108.6,1035.9,375.3,1524.9,366.2,5682.4,15175.8,1391.6,728,5963,193.5
2013-12-01,137372,115552,12060,359.4,375.7,395.7,1443.5,1106.8,1031.1,377.2,1530.7,365.7,5689.8,15231,1392,731.9,5932,193.2
2014-01-01,137561,115747,12058,362.5,376.7,394.6,1443.5,1110.1,1027.8,376,1522.2,365.9,5703.1,15214.9,1392.3,729,5985,193.9
2014-02-01,137712,115887,12084,364.8,376.5,396.1,1444.1,1112.9,1025.6,376,1538.3,365.6,5708.1,15189.6,1394.4,731.8,6007,195.5
2014-03-01,137985,116152,12096,366.5,377.6,396.2,1443.3,1116.3,1026.5,376.3,1543.2,367,5713.6,15217.9,1401,736.9,6038,193.3
2014-04-01,138298,116445,12109,369.8,379.5,396.2,1447.2,1121.6,1023,376.3,1544.3,366.8,5729.3,15255.9,1405.8,740.8,6084,195.2
2014-05-01,138513,116681,12120,371.4,381.6,396.2,1449.8,1124.6,1021.4,376,1550.9,367.9,5735,15265.1,1411.6,747.8,6109,196.7
2014-06-01,138849,116954,12146,372.9,384,397.8,1449.8,1128.8,1021.6,377.2,1563.5,368.8,5747.5,15306,1416,753.7,6133,198.1
2014-07-01,139072,117171,12165,374.2,383.4,398.8,1451.5,1130.3,1022.4,377,1572.7,371.1,5749.8,15329.1,1420.4,760.3,6178,198.5
2014-08-01,139269,117414,12182,376.2,387.1,399.5,1455.6,1133.4,1022.4,378.6,1569.3,371.7,5748.5,15338,1423.3,764.8,6210,198.1
2014-09-01,139563,117666,12201,375.8,388.7,401.3,1459.9,1132,1024,378.5,1568.8,372.7,5753.4,15367.6,1429.5,767,6242,198.8
2014-10-01,139798,117881,12233,376.6,390.3,401.5,1466.2,1137.6,1024.5,378.8,1571.4,374.8,5756.6,15404.8,1435.4,769,6259,200.8
2014-11-01,140089,118157,12260,376.8,391.3,402,1469.6,1139.6,1025,380.1,1579.9,376.6,5760.2,15430.1,1435.5,776,6272,200.7
2014-12-01,140364,118417,12266,373.2,391.3,402.5,1471.7,1140,1025.6,380,1583.5,375.5,5768.3,15444.4,1442.5,777.6,6293,200.6
2015-01-01,140568,118608,12265,377.8,390.9,401.8,1470.2,1138.5,1026.1,380.6,1580.3,375.4,5770.9,15462,1443.9,786.4,6320,198.8
2015-02-01,140827,118849,12275,377.3,391.9,400.1,1470.4,1136.6,1027.6,382,1588.9,375.7,5780.2,15478.7,1448.6,797.7,6361,197.3
2015-03-01,140923,118953,12286,377.7,391.8,399.5,1468.8,1134.4,1026.5,383,1592.6,376.3,5783,15509.6,1443.8,803.8,6334,196.5
2015-04-01,141196,119191,12291,377.8,395.1,397.8,1467.1,1128,1027.4,382.1,1593.8,378.2,5778.7,15522.1,1443.1,809.6,6392,194.7
2015-05-01,141538,119526,12306,378.8,397.1,395.4,1464.1,1125.8,1027.6,384.5,1602.8,378.5,5784.9,15557.3,1452.2,817.4,6427,194.2
2015-06-01,141709,119694,12307,379.4,397.6,395.6,1462.4,1123.5,1027,385.4,1601.1,379.7,5785.7,15567.8,1460,829.1,6441,193.9
2015-07-01,141991,119941,12323,381.1,399.3,393.7,1459.1,1119.1,1028,384.9,1609.3,381.5,5784.1,15582.8,1461.5,840.8,6472,194.5
2015-08-01,142125,120065,12318,383.4,400.5,393.1,1454,1115.2,1028.6,385.1,1611.9,382.3,5785.2,15589.2,1460.5,847.1,6490,193.5
2015-09-01,142275,120235,12326,386.6,401.2,389,1449.9,1113.1,1026.4,384.5,1619.7,384.6,5775.2,15579.8,1458,854.5,6508,192.5
2015-10-01,142579,120523,12334,388,403.1,389,1445.7,1108.2,1025.7,384.3,1620.6,386.1,5776.3,15619.3,1452.9,864.6,6547,189.9
2015-11-01,142808,120727,12329,390.1,404.3,388,1442.9,1105.3,1018.2,382.3,1617.5,386.8,5778.6,15625.5,1455.1,871.6,6598,188.7
2015-12-01,143077,120980,12333,391.5,404,384.9,1439.1,1100.2,1019.8,383.9,1617.5,386.5,5775.9,15630.8,1455.7,882.1,6630,187.7
2016-01-01,143210,121096,12354,390.3,404.4,384,1444,1096.4,1025.5,385.3,1620.6,388.5,5779.7,15664.8,1456.3,890.9,6631,187.3
2016-02-01,143406,121268,12337,390.1,404.6,382,1434.7,1092.4,1025.5,384.5,1623.5,390.4,5775.4,15715.1,1454,897.4,6640,185.1
2016-03-01,143662,121484,12313,390.1,404.8,379.9,1428.3,1087.5,1023.6,384.1,1620.9,389.3,5779.9,15769.3,1449.8,905.3,6678,182.3
2016-04-01,143854,121670,12325,390.5,405,378.4,1427.1,1083.9,1023,383.9,1632.7,389,5784.3,15767.2,1447.7,914.4,6702,178.5
2016-05-01,143900,121701,12303,391.5,406.1,376.7,1422.9,1071.8,1023.4,382.4,1626.4,387.4,5781.9,15772.9,1446.7,921.8,6689,174.7
2016-06-01,144147,121967,12321,393.2,406.6,374.1,1419,1072.3,1021.4,382.8,1626.1,389.3,5777.1,15790,1442.7,927.5,6701,169.9
2016-07-01,144520,122231,12342,393.3,406.5,372.8,1416.6,1072,1016.9,381.8,1647.4,389.6,5781.5,15805.2,1441.8,935.9,6735,166.8
2016-08-01,144661,122377,12319,393,404.3,371,1414.8,1070.9,1016.8,380.1,1634.2,391.9,5784.1,15822.3,1445,941.9,6736,164.4
2016-09-01,144967,122644,12317,393.3,407.5,370.9,1412.7,1069.9,1014.2,381.6,1631.3,390.4,5794.5,15829.4,1445.2,949.3,6768,160.8
2016-10-01,145065,122770,12316,393.9,408.1,370.6,1413.7,1067.5,1011.7,380.9,1632.3,390.8,5799.7,15830.8,1450.6,956.4,6799,158.6
2016-11-01,145183,122906,12311,395,408.1,367.8,1411.6,1065.6,1010.5,381.6,1632.1,391.7,5801.1,15785.8,1452.5,964.5,6823,157
2016-12-01,145408,123104,12324,396.9,408.6,368.2,1413.7,1065.3,1009.3,382.2,1633.2,393.6,5797.1,15818.6,1451.5,975.2,6818,152.8
2017-01-01,145628,123312,12334,399.4,409,368.1,1413.9,1066.7,1005.5,382.6,1637.5,396.5,5802.5,15872.6,1445.1,979,6840,149.1
2017-02-01,145846,123520,12350,397,409.7,367.5,1416.7,1071.5,1005.3,383.6,1629,394.4,5804.9,15851.4,1448.8,983.1,6881,147.9
2017-03-01,145970,123641,12361,396.7,410.2,367.7,1417.9,1070.4,1005.9,384.5,1632.5,394.2,5807.6,15822.1,1452,987.4,6902,144.2
2017-04-01,146175,123840,12367,397.3,409.5,369.3,1416.1,1071.8,1005.9,383.9,1633.6,395.3,5809.9,15804,1456.9,998.9,6916,145
2017-05-01,146380,124033,12377,396.8,409.1,371.3,1420.3,1074.1,1004.1,383.9,1638.4,394.9,5805.6,15785.7,1455.7,1008.4,6931,144.2
2017-06-01,146583,124223,12390,396.4,408.6,372.1,1420.4,1076.1,1004.4,385.5,1639.8,396.1,5810.5,15778,1457.2,1020.8,6962,143.5
2017-07-01,146772,124398,12390,397.1,409.4,372.7,1423.8,1079.1,1002.8,386.5,1625.7,394.3,5815,15769.3,1458.5,1029.2,6968,142.8
2017-08-01,146919,124609,12435,397.8,410.6,373.3,1424.6,1084.1,1004.7,387.7,1648.8,395.1,5816.2,15762.8,1459,1039.7,7002,142
2017-09-01,147008,124675,12443,396.3,408.6,373,1430.2,1083.9,1007.8,388,1653.6,394.5,5814.2,15755.6,1462.3,1049.5,7013,143.6
2017-10-01,147149,124788,12457,397.9,408.6,373.6,1433.2,1084.7,1010.2,389.6,1652.9,395.1,5823,15748.5,1463.5,1062.4,7031,142.2
2017-11-01,147372,124993,12472,396.5,410.1,373.1,1437.3,1090.5,1011.6,389.8,1660,394,5822,15781.5,1462.9,1077.3,7068,141.6
2017-12-01,147523,125139,12501,398.3,411.7,375.6,1441.3,1095.1,1014.3,389.9,1666.1,394,5825.8,15740.7,1466.2,1088.2,7091,139.6
2018-01-01,147660,125286,12527,400,411.9,375.1,1446.4,1099.2,1012.3,391.6,1672.7,394.4,5820.8,15705.1,1470.6,1093.4,7093,141
2018-02-01,148054,125635,12551,402.8,413.3,377,1449.5,1102.4,1012.5,393.2,1678.3,394,5823.3,15753,1477.2,1106.3,7184,140.5
2018-03-01,148280,125853,12576,405.4,414.6,375.9,1454.3,1105.8,1014.8,393.8,1687.6,395,5838.6,15771.1,1486.5,1116.5,7194,142.4
2018-04-01,148420,125976,12595,404.6,415.3,377.4,1458.9,1111.3,1015.6,395.8,1692.3,392.7,5816.3,15770.6,1484,1125.3,7212,142.7
2018-05-01,148742,126293,12623,406.7,414.3,378.2,1464.2,1115.6,1017.3,398.7,1688.9,393.5,5819.2,15786.1,1488.3,1136.2,7274,143.3
2018-06-01,148960,126478,12656,407.6,415.7,380.6,1472.2,1118.1,1019.6,398.5,1700.3,392.6,5822.8,15739.8,1491.6,1138.5,7292,144
2018-07-01,149020,126584,12676,407.3,415.8,380.3,1474,1121.7,1021.1,400.6,1705.6,393.4,5837.4,15723.2,1492.1,1141.9,7318,143.7
2018-08-01,149277,126809,12688,407.7,416.3,381,1479.3,1120.9,1020.6,401.8,1707.4,391.7,5857.6,15725.1,1502.9,1149.1,7347,142.8
2018-09-01,149358,126884,12710,408.6,417.9,382,1482.1,1124.9,1020.9,403.8,1713.4,391.7,5852.8,15684.5,1509.5,1157.1,7375,141.4
2018-10-01,149527,127048,12731,408.2,418.8,383.6,1482.7,1126.1,1023.2,404.4,1723,391.9,5858.7,15641.5,1511.1,1166.9,7389,141.1
2018-11-01,149617,127144,12741,408.3,419,385.4,1481.1,1128,1024.6,405.6,1727,391,5864.4,15685.5,1515.1,1166.6,7386,141.6
2018-12-01,149809,127298,12761,404.9,420.8,387,1489.3,1129.1,1028.1,405.8,1729.7,390.5,5871.4,15635.3,1520.7,1168,7396,141.1
2019-01-01,150060,127552,12790,406.4,423.8,388.7,1493.4,1131.1,1031.9,405.8,1737.7,390.6,5877,15617.4,1526,1173.5,7425,141.9
2019-02-01,150067,127542,12782,407.2,418.3,389.1,1491.4,1132.1,1033.6,404.8,1738,390.7,5882.6,15586.7,1530.3,1178.6,7395,143.2
2019-03-01,150295,127726,12788,406.4,418.7,389.7,1492.1,1134.1,1034.1,404.3,1736.6,389.2,5882.3,15574.1,1531,1177.2,7425,143.3
2019-04-01,150591,127972,12785,408.3,420,389,1492,1129.7,1034.2,404.1,1733.7,388.7,5889.2,15571.6,1532.4,1197.7,7468,144.2
2019-05-01,150618,128056,12778,407.4,418,388.9,1488.1,1127.8,1032.9,402.8,1736.5,386.8,5889.6,15554.2,1532.8,1210.9,7478,144.7
2019-06-01,150838,128234,12787,408.3,417.5,388.9,1487.3,1127.5,1037.1,401.5,1735.3,386.7,5885.8,15533.2,1534.7,1224.9,7502,145
2019-07-01,150937,128365,12790,409.4,418.5,388.5,1487.9,1126.3,1039,403.6,1733.8,386.5,5889.5,15533.3,1534.5,1240.6,7526,144
2019-08-01,151169,128544,12789,409.6,418.1,388.4,1484.3,1125.6,1040.7,402.8,1727.7,387.1,5889.7,15516.7,1529.4,1250,7530,144.4
2019-09-01,151365,128712,12787,411.3,417,388.4,1480.1,1122.8,1042.3,400.9,1729.2,386.5,5890.8,15526.5,1524.6,1258.6,7547,144
2019-10-01,151460,128790,12733,411.3,419.4,382.7,1479,1121.4,1041.4,401,1684.4,385.6,5896,15527.2,1523.7,1262.6,7553,143.4
2019-11-01,151667,128958,12777,411.1,418,382.6,1477.1,1119.1,1042.7,400.2,1726.6,386.2,5893,15509.6,1520.9,1272.5,7541,141.8
2019-12-01,151794,129068,12760,410.3,415,380.8,1470.5,1117.9,1043.2,400,1729.1,385.1,5898.4,15550.1,1516.9,1283.8,7527,141.9
2020-01-01,152031,129250,12745,409.9,417.1,379.8,1464.4,1117.4,1042.6,399.5,1725,384.6,5896.2,15512.5,1515.8,1305.9,7575,137.4
2020-02-01,152293,129436,12743,409.1,419.4,379.9,1464.7,1113.3,1041.9,397.8,1728.8,383.7,5893.4,15519.2,1516.8,1323.8,7610,136.5
2020-03-01,150895,128068,12684,407.1,415.7,379.4,1454.8,1107.8,1041.8,395.4,1724.6,383.7,5876.1,15432.9,1516.2,1344.6,7541,134.4
2020-04-01,130426,108517,11382,375,371.7,349.4,1343.2,1020.5,1025.5,379,1331.6,309.3,5485.6,13246.9,1431.6,1263.5,6522,132.3
2020-05-01,133040,111647,11610,384.1,386,340.3,1366.8,1035.3,1018.2,373,1380,333.9,5500.2,13631.4,1433.5,1298.2,7004,129.6
2020-06-01,137671,116259,11950,389.2,394.7,345.3,1371.3,1039.2,1023.4,379.1,1564.3,349.6,5541.2,14452.3,1439.1,1377.8,7159,127.8
2020-07-01,139255,117741,11973,389.4,398.5,343.5,1353.9,1031.2,1017.7,377.6,1604.5,349.7,5522.2,14675.8,1444,1386.6,7196,127.3
2020-08-01,140821,118821,11999,391.2,392.9,343.6,1360.3,1029.6,1014.6,377.9,1592.3,355.8,5539.3,14942.7,1453.3,1442.8,7226,126.4
2020-09-01,141770,119841,12057,394.4,398.7,342.5,1361.3,1038.8,1013.8,380.7,1604.5,360.5,5565.6,14981.1,1461.5,1473.6,7253,126.8
2020-10-01,142460,120655,12086,398.1,398.8,344.4,1363.3,1041.3,1013.2,380.3,1599,363.7,5577.2,15090.3,1471.8,1504,7301,127
2020-11-01,142733,121050,12118,400.6,400.2,346,1362.4,1041.2,1011.3,382,1616,366.1,5590.3,15126.8,1481,1562,7321,126.5
2020-12-01,142548,120870,12153,404.3,400.7,345,1365.8,1041.8,1010.1,384.8,1618.1,367.9,5599.1,15144.2,1487.7,1573.3,7357,126.6
2021-01-01,142863,121122,12142,404.9,395.9,344.8,1357.2,1039.3,1008.7,382.9,1626.3,368.9,5607.3,15165.9,1489,1585.2,7362,113.7
2021-02-01,143380,121626,12172,404.3,393.6,343.8,1360.7,1041.3,1011.3,385.4,1639.9,369,5618.8,15188.9,1492.4,1600.4,7278,112.5
2021-03-01,144232,122388,12229,406.6,401.2,346.2,1372.6,1043.4,1013,388.4,1648.3,368.3,5633.7,15232.8,1502.6,1612.4,7399,113.2
2021-04-01,144587,122694,12193,406.3,405,348,1372.7,1046.6,1013.8,390.1,1598,368.6,5651.4,15189.4,1504.9,1629.1,7400,113.3
2021-05-01,145065,123136,12216,401.4,400,348.7,1374.8,1051.5,1015.2,392.4,1613.6,367.1,5672,15191.5,1501,1641.5,7391,112.7
2021-06-01,145820,123789,12247,405.7,403.2,350.8,1378.8,1053.3,1013.6,394.4,1619.3,374.5,5699.9,15244.8,1508.8,1674.2,7393,111.9
2021-07-01,146762,124723,12305,409.7,406.5,353,1382.1,1055.1,1016.2,395.5,1639.8,373.9,5723.3,15238.2,1515.6,1701.9,7425,111.3
2021-08-01,147314,125178,12353,411.9,407.1,352.3,1385.8,1063,1017.1,394.4,1656.9,373.7,5744,15216,1521.2,1730.4,7432,111.5
2021-09-01,147771,125669,12393,414.3,407.9,352.4,1391.6,1069.8,1023,393.9,1656.3,378.9,5758.5,15280.1,1527.3,1760.8,7484,111.4
2021-10-01,148572,126545,12453,416.2,406,353,1395.9,1072,1025.3,394.5,1683.5,379.1,5773.9,15348.1,1533.9,1800.1,7518,111.3
2021-11-01,149230,127184,12498,418.7,410.3,355.5,1406.4,1063.9,1023.4,396.2,1679.7,380.4,5800.1,15407,1541.6,1833.9,7562,110.9
2021-12-01,149816,127754,12537,419.2,410.7,356.8,1405.4,1075.3,1026.2,397.3,1682.1,382.1,5828.1,15421.7,1546.5,1855.3,7595,111.3
2022-01-01,150006,127957,12564,423.1,413,358.7,1407.1,1080.4,1028.6,396,1690,381.2,5851.6,15428.6,1557.5,1873.5,7595,110.9
2022-02-01,150825,128793,12601,425.8,414.8,361.2,1413.8,1089.5,1030.9,398.5,1667.1,383.5,5876.5,15537.4,1564.7,1923.1,7651,111.6
2022-03-01,151315,129282,12674,428.3,415.1,360.3,1422.5,1096.1,1031.7,401.9,1698.5,383.6,5913.7,15537.1,1561.3,1939.3,7692,112.3
2022-04-01,151623,129554,12726,431.2,415.3,361,1423.5,1102.3,1035.8,404.1,1712.8,382,5945.3,15488,1567,1938.8,7698,118.7
2022-05-01,151924,129799,12735,429.3,417,361.9,1430,1101.2,1041.4,405.6,1699.6,381.6,5970.7,15418.7,1577.2,1935.9,7738,119.8
2022-06-01,152358,130216,12767,428.5,416.7,362.1,1430.2,1106.5,1042.5,407.2,1704,379.2,5987.6,15464.6,1582.7,1933.1,7761,121.3
2022-07-01,153072,130766,12800,428.8,417.3,363.6,1435.8,1111.8,1045.7,407.6,1711.6,378.9,6002.2,15490.6,1587.4,1920.2,7792,122.6
2022-08-01,153362,131056,12832,427.4,420.3,365.2,1438.6,1111.2,1052.9,409.2,1733.1,376.3,6025.3,15521.8,1588.3,1905.6,7801,115.2
2022-09-01,153582,131285,12849,428.1,418.3,368.4,1440.8,1112.3,1053.3,411.5,1735.3,377,6031,15498.2,1582.2,1894.6,7832,115.3
2022-10-01,153939,131646,12883,426.2,419.9,369.9,1447.2,1115.7,1056.4,410.6,1747.5,376.4,6043.4,15512,1588.6,1890.8,7847,115.9
2022-11-01,154242,131863,12896,425.9,420.3,370.4,1447.9,1121.1,1058.6,410.8,1751.2,373.2,6049.4,15530.2,1585.4,1880.8,7863,116.2
2022-12-01,154342,131977,12895,426.3,423.5,371.7,1448.6,1127.1,1060.2,412.1,1760.8,369.8,6059.8,15533.9,1587.5,1867.8,7885,116
2023-01-01,154776,132292,12903,425.3,424.5,371.3,1449.1,1128.6,1060.7,414.4,1760.9,368.8,6073.4,15551.3,1587.8,1857.1,7932,116.1
2023-02-01,155066,132528,12898,422.1,423.1,371.8,1448.2,1127.8,1063.2,415.4,1764.2,365.4,6089.7,15602.6,1579.5,1849.6,7943,116.2
2023-03-01,155134,132554,12888,420.8,420.8,373.7,1446.4,1131.2,1059.3,414.9,1768,364.1,6094.4,15562.8,1575,1824.6,7926,115.8
2023-04-01,155375,132733,12884,418.8,416.8,372.8,1447.2,1128.7,1060.1,414.3,1773.1,363.1,6091.5,15556,1573.7,1836.3,7955,116.8
2023-05-01,155655,132933,12869,418,415.5,373.9,1447,1127.6,1057.7,417.7,1774.7,357.2,6098.5,15555.9,1574.4,1831.5,7965,117.7
2023-06-01,155880,133088,12875,416.7,419.2,375.4,1448.9,1133.1,1057,414.7,1778.7,357.4,6101,15533.2,1571.5,1825.9,8006,117.6
2023-07-01,156043,133206,12862,414.8,419.9,376.7,1444.7,1134,1055.7,416.6,1779.9,355.7,6112.5,15539.5,1565.8,1821.4,8016,118.1
2023-08-01,156261,133354,12861,418.1,420,377.2,1447.5,1134.2,1052,420.1,1780.2,354.9,6116.7,15531.2,1533.1,1823.8,8042,119.2
2023-09-01,156417,133469,12872,418.1,420.9,376.3,1447.8,1130.4,1047.5,420.6,1787.7,353.7,6125.9,15531.3,1539.1,1828.2,8053,119.6
2023-10-01,156576,133583,12837,418.2,420.7,375.6,1446.4,1129.2,1042.9,420.6,1761,352.7,6127.4,15543.9,1537,1823.8,8080,120.1
2023-11-01,156703,133667,12859,417.6,421.4,373.6,1446.8,1128,1042.4,419.8,1793.2,352.1,6132.3,15511.3,1536.3,1824.9,8088,120.1
2023-12-01,156857,133766,12872,417.2,423.1,374.4,1448.7,1130.8,1043,419.5,1798.7,351.1,6132.8,15550.9,1535.5,1828.3,8100,121.1
2024-01-01,157032,133892,12875,416.9,420.7,373.7,1450.2,1127.6,1042.2,416.7,1803.9,350.1,6126,15524,1532,1834.9,8123,122
2024-02-01,157238,134027,12852,417.5,418.9,372.8,1452.1,1123.6,1037.3,419.3,1792.4,349.1,6120.5,15528.5,1530.2,1838.4,8132,122
2024-03-01,157466,134170,12836,417.1,419,371.6,1448.2,1119.6,1031.3,418.4,1798.6,349.4,6127.2,15529.3,1529.2,1845.7,8164,122.1
2024-04-01,157530,134233,12833,416.9,417.8,373.9,1445.4,1119.4,1029.3,420.7,1800.2,346.2,6127.5,15531.2,1523.6,1853.1,8170,121.2
2024-05-01,157608,134278,12825,416.8,417.8,371.9,1444.2,1119.5,1029.1,420,1800.7,344.7,6109.1,15536,1515.1,1860.4,8176,121.6
2024-06-01,157695,134356,12814,417.6,418.4,371.5,1439.9,1114.8,1027.4,419.3,1802.3,343,6111.9,15499.9,1511.6,1865.3,8196,122.3
2024-07-01,157748,134348,12806,416.3,417.7,369.5,1439.3,1111.3,1025.6,420.4,1805.3,341.2,6110.4,15480.8,1505.7,1871.1,8208,121.7
2024-08-01,157757,134321,12772,414.4,417.2,368.8,1437.3,1108.8,1022.5,420.1,1787.6,340.6,6106.2,15458.4,1502.3,1870.7,8236,120.9
2024-09-01,157912,134463,12758,412.9,417.2,366.9,1437.9,1106.5,1021.8,420.8,1783.7,340,6099.4,15456.7,1501.3,1871,8254,120.9
2024-10-01,157945,134459,12697,411.4,419.6,366,1435.2,1103.3,1019.4,422.9,1738.6,339.4,6094.8,15452.4,1497.7,1873.1,8262,120.5
2024-11-01,158079,134575,12711,410.6,417.2,365,1435.6,1101.4,1016.1,424.2,1772.3,339,6089.5,15409.8,1497.1,1877.6,8267,120.9
2024-12-01,158316,134787,12693,409.4,416.4,364,1432.7,1097.5,1011.2,424.5,1765.7,338.3,6092.1,15460.1,1494.8,1881.2,8276,120.3
2025-01-01,158268,134711,12673,409.1,416.5,363.9,1433.7,1096.6,1007.6,426.4,1752.7,337.4,6073.3,15459.3,1493.1,1881.2,8264,119.8
2025-02-01,158310,134751,12671,409,416.6,365.1,1435.7,1095.4,1005.7,427.5,1754.7,337.3,6075.9,15441.8,1487.6,1883.4,8267,118.9
2025-03-01,158377,134818,12666,407.1,416.9,364.8,1434.2,1094.9,1005.6,428.3,1750.1,337.8,6062,15457.5,1491.4,1880.8,8273,118.2
2025-04-01,158485,134917,12662,407.7,418,364.6,1436.3,1096,1001.7,427.7,1747.3,339.6,6066.9,15461.6,1490.6,1881.3,8271,118.7
2025-05-01,158498,134937,12651,407.9,417.1,364.7,1434.8,1090.8,1000.7,428.9,1747,338.9,6067.7,15440,1487.7,1875.3,8269,118.6
2025-06-01,158478,134892,12636,405,417,363.8,1434.9,1087.6,997,429.8,1745.1,339.7,6057.3,15425.5,1482.7,1871.9,8267,117.8
2025-07-01,158542,134957,12625,403.9,417.2,364.6,1434.7,1085,995.8,428.7,1751.4,340.2,6051.6,15430.2,1482.5,1869.3,8261,117.2
2025-08-01,158472,134937,12615,403.5,417.1,363.3,1435.8,1083.3,995,428.5,1740,339,6043,15440.3,1480.2,1869.4,8239,115.9
2025-09-01,158548,135005,12612,401.4,419.1,363.4,1436.2,1085.7,993.7,429,1735.4,338.1,6051.8,15453.4,1472.3,1853.4,8255,115.9
2025-10-01,158408,135018,12603,399.8,418,362.6,1438.7,1084.6,990.7,429.8,1731,337.8,6054.6,15438,1472.6,1839.9,8243,115.7
2025-11-01,158449,135090,12593,397.5,415.6,362.7,1439.9,1084.8,989.3,431.2,1735.1,335.2,6048.2,15437.1,1467.8,1842,8279,116.5
2025-12-01,158497,135154,12585,395.8,414.9,363.6,1439.2,1084.4,989.2,431.9,1735.9,334.1,6043.1,15401.7,1466.9,1833.1,8275,116.5
2026-01-01,158627,135326,12590,396.4,416.6,364.5,1439,1085.7,989,433.3,1740.7,333.3,6042.7,15402.9,1462.6,1827,8308,115.3
