date,dv_canada,dv_mexico,dv_china,dv_eu,dv_world,m_canada,m_mexico,m_china,m_eu,m_world,share_canada,share_mexico,share_china,share_eu,dv_row,m_row,share_row
2002-01-01,484870,1304717,4507185,5539439,27995905,16335.1,9981.9,8415.4,16444.7,85111.7,2.9682707788749383,13.070828199040264,53.55877320151152,33.685254215643944,16159694,33934.59999999999,47.62011044774361
2002-02-01,421988,1294483,4237106,6209014,27364969,16179.5,10022.5,8020.8,17043.8,83472.6,2.6081646528013844,12.915769518583186,52.82647616197885,36.42975158122015,15202378,32206.000000000004,47.20355834316587
2002-03-01,431697,1542348,3682930,6911002,28904425,17481.1,11054.8,7259,19295.3,91414.9,2.4695070676330437,13.951839924738577,50.73605179776829,35.81702279829804,16336448,36324.69999999998,44.973387254402674
2002-04-01,470263,1607266,4737008,7004967,31299828,18185.8,11471.3,9097.6,19730.8,96890.8,2.5858801922379002,14.01119315160444,52.06876538867393,35.50270136030977,17480324,38405.3,45.51539501058448
2002-05-01,477439,1836133,5232523,6975248,32179272,18793.5,11928.5,9846.9,19423.5,97648.9,2.540447495144598,15.392823909125205,53.13878479521475,35.91138569258887,17657929,37656.49999999999,46.89211424322495
2002-06-01,487582,1698021,5566399,6610111,32371877,17436.2,11311.3,10727.2,18696.7,96415.9,2.7963776510937013,15.011722790483853,51.89051196957267,35.35442618216049,18009764,38244.5,47.09112159918419
2002-07-01,515551,1813335,5816901,7737307,35327271,15910.8,11292.7,11213.2,21471.8,100471.9,3.240258189405939,16.05758587406023,51.875477116255844,36.03473858735644,19444177,40583.399999999994,47.911651069156356
2002-08-01,512536,1812307,6337720,7034034,35201807,17943.3,11854,12671.4,18790.5,102276.6,2.8564199450491268,15.288569259321749,50.015941411367336,37.433990580346446,19505210,41017.4,47.553501684650904
2002-09-01,654474,1738677,6021384,6564161,33381998,17861.5,11409.2,12291.5,18190,99428.8,3.6641603448758504,15.239254286014795,48.98819509417077,36.08664650907092,18403302,39676.600000000006,46.38326368690865
2002-10-01,815048,1872933,5414431,7953460,35582424,19044.1,12657.9,11455,21443,106250.8,4.279792691699792,14.796553930746805,47.266966390222606,37.09117194422422,19526552,41650.80000000002,46.88157730463758
2002-11-01,546575,1766689,5581997,7777959,34569214,17684.9,11483.8,12569.6,20511.7,102564.5,3.0906309902798434,15.384184677545761,44.40870831211813,37.91962148432358,18895994,40314.5,46.871458160215305
2002-12-01,522728,1897022,5536867,7901136,34918120,16231.9,10148.1,11625,21271.6,99419,3.2203746942748537,18.69337117292892,47.62896344086022,37.144060625434854,19060367,40142.4,47.481882000079715
2003-01-01,504097,826727,5823699,6917244,32091502,17735.2,10830.5,11403.5,18656,97491,2.842353060580089,7.633322561285259,51.06939974569211,37.077851629502575,18019735,38865.8,46.363988390821746
2003-02-01,472149,629129,5029022,6864640,29969972,17183.5,10957.7,9629.6,18766.7,93153.9,2.7476881892513165,5.741432964947023,52.22461992190745,36.57883378537516,16975032,36616.399999999994,46.35909592423067
2003-03-01,485196,583749,4928117,8664354,33478587,19822.5,11782.9,10110,22053.6,105842.3,2.447703367385547,4.954204822242402,48.74497527200791,39.287708129285015,18817171,42073.30000000001,44.724732787777505
2003-04-01,539643,513563,5683066,7873002,33075386,18454.4,11154.8,11521.9,21144.4,103869.2,2.924196939483267,4.603964212715603,49.32403509837787,37.2344545127788,18466112,41593.69999999998,44.396415803354856
2003-05-01,498904,496445,5928276,7772588,32226414,18667.9,11494.7,11884.7,20815.2,102068.4,2.6725234225595806,4.318903494654058,49.88157883665553,37.34092394019755,17530201,39205.90000000001,44.713170721753606
2003-06-01,513120,548512,5974034,7906303,33261439,18574.3,11419.8,12127.3,21285.9,103957.7,2.7625267170229835,4.803166430235206,49.261039143090386,37.143381299357785,18319470,40550.39999999999,45.1770389441288
2003-07-01,491235,497079,6491793,8258224,36116871,17079.4,11124.7,13438.6,22315.9,107631,2.8761841750881176,4.468246334732622,48.30706323575372,37.006009168350815,20378540,43672.4,46.6622855625063
2003-08-01,461471,494933,6492982,6975411,32936472,17584.3,11403,13764.9,19278.8,102307,2.624335344597169,4.340375339822853,47.17057152612805,36.18176961221653,18511675,40276,45.96204935942
2003-09-01,507465,509558,6653872,7075910,33563756,19360.8,11816.9,14747.5,20451.9,108321.9,2.6210952026775756,4.3121123137201804,45.118643837938635,34.59781242818515,18816951,41944.799999999996,44.86122475253191
2003-10-01,560876,592338,7069906,8539371,36675610,20137.7,12965.7,16458.3,23100.2,117157.6,2.785203871345784,4.568499965293042,42.95647788653749,36.96665396836391,19913119,44495.70000000001,44.75290646062427
2003-11-01,545994,588010,5885451,8060123,32845077,18640.5,11692.5,14156.9,21602.3,106066.3,2.9290737909390843,5.028950181740432,41.57302092972331,37.31141128490948,17765499,39974.100000000006,44.44252403431221
2003-12-01,531918,565898,5758279,8947960,34507164,18354.2,11416.9,13192.8,23570.8,109254.9,2.898072375804993,4.9566694987255735,43.64713328482203,37.962054745702304,18703109,42720.2,43.780480896625015
2004-01-01,610651,536630,6556182,6669657,32074902,18925.8,11200.7,14089,19117.1,103993,3.226553170803876,4.791039845723928,46.53404783873944,34.88843496136967,17701782,40660.4,43.53568090820552
2004-02-01,593550,548790,5008010,7601485,30701489,19356.6,11709.2,11267.1,21879.6,104864,3.066395957967825,4.686827451918149,44.44808335774068,34.74233989652461,16949654,40651.5,41.69502724376714
2004-03-01,576081,609667,6096350,9369855,37041518,22483.2,13593.8,13800.1,25653.9,123421,2.562273163962425,4.484890170518914,44.176129158484365,36.524095751523156,20389565,47889.99999999999,42.57583002714554
2004-04-01,610952,554308,6510049,8735475,35870988,21498.6,12575.9,14744.8,24408.4,118885,2.841822258193557,4.407700442910647,44.151490695024684,35.78880631258091,19460204,45657.299999999996,42.62232764530536
2004-05-01,573137,562188,6770324,8269659,35198463,21250.1,13049.7,15067.1,23337.9,118271,2.697102601870109,4.308053058691004,44.93448639751511,35.434460684123245,19023155,45566.19999999999,41.74839025417964
2004-06-01,573440,561971,7480414,8457752,37648629,23250.8,13850,16887.8,24142.1,127657,2.4663237393982147,4.057552346570397,44.29478084771255,35.033207550295955,20575052,49526.299999999996,41.54368890872123
2004-07-01,576738,524992,7807539,8805793,39021760,19776.5,12213.1,17562.1,23572,123224,2.9162794225469626,4.298597407701566,44.45675061638415,37.35700407262854,21306698,50100.29999999999,42.5280846621677
2004-08-01,523720,547974,7832025,8273037,38211815,22018.3,13278.7,18067.9,22823.2,127216,2.3785669193352805,4.126714211481546,43.3477327193531,36.248365698061626,21035059,51027.90000000001,41.222662504237874
2004-09-01,548615,600802,7985665,7828000,37830748,21688.1,13520.9,18386.9,21878,126022,2.529566905353627,4.443505979631534,43.43127443995453,35.78023585336868,20867666,50548.100000000006,41.28279005541257
2004-10-01,589146,599079,8034940,8832306,40296427,22410.9,14475.1,19718.2,24537.2,134816,2.62883686063478,4.138686433945188,40.74885131502875,35.995574067130725,22240956,53674.600000000006,41.43664973749222
2004-11-01,581246,599272,7771969,9104908,39795196,22875.5,13908.9,19679,25162,134719,2.540910581189482,4.308550640237546,39.49371919304843,36.185152213655506,21737801,53093.600000000006,40.942413021531785
2004-12-01,580590,578274,7011391,9086465,38359428,20825.5,12525.6,17412,25447.2,126617,2.7878802429713576,4.616736922782142,40.26757983000229,35.70713084347197,21102708,50406.7,41.86488700906824
2005-01-01,678581,720595,8075657,7849180,37430684,21839.5,12073.9,17885.8,21997.6,122900,3.107126994665629,5.968204142820464,45.15122052130741,35.68198348910791,20106671,49103.200000000004,40.94778140732171
2005-02-01,616173,632565,7810429,8241059,37043131,21502.5,12607.1,16937.6,23647.1,122233,2.8655877223578656,5.017529804633897,46.11296169469111,34.85018881807917,19742905,47538.69999999999,41.53017436320304
2005-03-01,609667,630139,6912663,9007737,39749885,24009.5,14114.4,16184.9,26257.6,135451,2.5392740373602116,4.464511420960155,42.71056972857416,34.305256382913896,22589679,54884.60000000001,41.158501656202276
2005-04-01,812341,616393,7983575,8812948,39652280,23458,14281.7,18148.5,25706.3,135456,3.4629593315713194,4.315963785823816,43.99027467834807,34.28322240073445,21427023,53861.5,39.78170492838113
2005-05-01,795723,582088,8490616,9186723,40180487,23527.7,14413.5,19053.2,26691.3,136191,3.382068795504873,4.0384916918166995,44.562677135599266,34.41841723707725,21125337,52505.3,40.23467535658305
2005-06-01,650414,592378,9767613,9191132,42972413,23672.2,14848.6,20976.7,26425.8,141426,2.747585775720043,3.9894535511765423,46.56410684235365,34.780903510962766,22770876,55502.7,41.0266095162938
2005-07-01,616591,595138,9565225,9453437,43569400,21087.3,12710.2,21272.7,26425.8,136515,2.923992165900803,4.68236534436909,44.96479055315028,35.77351300622876,23339009,55019,42.41990766826005
2005-08-01,617783,659619,10119997,9494980,44765870,25041.3,14895.6,22421.3,25534.3,146397,2.4670564227895517,4.428280834608877,45.13563887910157,37.18519794942489,23873491,58504.499999999985,40.80624738267998
2005-09-01,652393,624559,9912514,8820302,43980345,25949.9,14517.6,23294.5,24951.4,146216,2.5140482236925767,4.302081611285612,42.55302324583056,35.34992826053848,23970577,57502.6,41.68607506443187
2005-10-01,689943,683848,10077826,10587207,48062176,27725,15720.3,24382.9,27799.9,156162,2.488522993688007,4.3500950999662855,41.331531524141916,38.08361540868852,26023352,60533.89999999999,42.98971650595782
2005-11-01,662740,675067,8830282,10342451,44500340,26382.7,15499.1,22426.1,27795.4,150245,2.5120249254246154,4.355523869127885,39.37502285283665,37.20921807205508,23989800,58141.700000000004,41.260919443359924
2005-12-01,662142,589875,8217687,9980425,43614850,26188.6,14426.7,20486,26395.5,144262,2.5283596679471225,4.0887729002474575,40.1136727521234,37.81108522285995,24164721,56765.2,42.56960426458464
2006-01-01,726176,695875,9366058,8745824,42976308,25965.9,15227.9,21382.5,24878.4,144562,2.796652532744869,4.5697371272466984,43.802445925406296,35.154286449289344,23442375,57107.30000000001,41.04969942546749
2006-02-01,692553,672674,7885768,8668129,39592107,23750,14820.1,17905.4,24114,134702,2.916012631578947,4.5389302366380795,44.04128363510449,35.946458488844655,21672983,54112.5,40.05171263571264
2006-03-01,656032,742862,8298364,10019545,44385847,26477.7,17363.4,20531.3,29297.6,154040,2.477677441771755,4.278321066150638,40.41811283260193,34.1992006171154,24669044,60369.99999999999,40.863084313400705
2006-04-01,669733,696757,9398413,10436472,44152397,24836.8,15665.3,21459.1,27054.7,146919,2.696534980351736,4.4477731036111665,43.79686473337652,38.575448997771176,22951022,57903.09999999999,39.63694862623936
2006-05-01,681328,657503,9950393,10577825,46726464,26459,17154.6,22317.6,29601.5,159164,2.575033070032881,3.832808692712159,44.585407929168014,35.73408442139757,24859415,63631.29999999999,39.067903688907826
2006-06-01,689196,688967,10659942,10169344,48541044,26544.2,17787.3,23989.7,28397.9,160487,2.596409008370944,3.8733647040304042,44.43549523337098,35.81019723289398,26333595,63767.89999999999,41.29600472965239
2006-07-01,639946,720863,11033247,10864565,49869192,22926.6,15464.5,24632,28875.3,157768,2.7912817426046606,4.661405153739209,44.792331113998046,37.62580821671117,26610571,65869.59999999999,40.398865333932505
2006-08-01,597372,703866,12190121,10554250,51851878,26299.2,18038.7,26713.3,28457.7,167558,2.271445519255338,3.901977415223935,45.63315277408632,37.08750180091855,27806269,68049.09999999999,40.86206724262335
2006-09-01,692126,698596,12160317,9007494,47769126,24966.3,16897.5,27570.6,25538.9,158470,2.7722409808421755,4.134315727178577,44.10610215229266,35.269702297279835,25210593,63496.700000000004,39.70378460612913
2006-10-01,684422,762941,12561301,9851449,49570795,25080.8,17515.2,29388.6,28222.8,164028,2.7288682976619567,4.3558794646935235,42.742087067774584,34.90599444420823,25710682,63820.60000000002,40.28586694578238
2006-11-01,751794,741247,11136183,10563501,47104854,25242,17246.6,27775.1,28399.5,157288,2.978345614452104,4.297931186436747,40.09412387354141,37.19608091691755,23912129,58624.79999999999,40.78841889439283
2006-12-01,767499,613120,9950993,10436962,45286488,23889.4,15072.1,24109.2,27643.4,148952,3.212717774410408,4.067913562144625,41.2746710799197,37.75571022377855,23517914,58237.9,40.38248975323629
2007-01-01,1011572,762616,11331523,8787988,45133924,25114.8,15373.4,25640.6,26094.3,150833,4.027792377402966,4.960620292193009,44.193673314977026,33.67780703065421,23240225,58609.90000000001,39.65238807778208
2007-02-01,967809,768133,10131637,8589595,41745836,23678.8,15142.8,23038.9,25379.2,139793,4.087238373566228,5.072595556964366,43.97621848265325,33.84501875551633,21288662,52553.3,40.508706399027275
2007-03-01,948118,881349,9176321,11242458,47461147,27237.6,18190.6,22723,31283.6,161363,3.4809160865861903,4.8450793266852115,40.383404480042245,35.937225894718,25212901,61928.19999999999,40.7131177718713
2007-04-01,1037581,754197,10028762,10134697,46437226,26083.9,16254.9,24241.5,29325.3,156583,3.9778599059189763,4.63981322555045,41.37022048965618,34.559568018059494,24481989,60677.40000000001,40.34778846819408
2007-05-01,1148187,724348,11232675,10515840,48716451,26920.1,18018.9,25290.6,29714.4,163323,4.265166176945851,4.019934624200145,44.41442670399279,35.38971003957677,25095401,63378.99999999999,39.59576673661624
2007-06-01,1280887,711381,11807656,10544302,49795718,27837.4,17977.4,27071,30372.5,164462,4.6013169333342905,3.9570850067306726,43.6173617524288,34.716608774384724,25451492,61203.70000000001,41.58489110952441
2007-07-01,1245136,676679,12771165,11373068,52925992,24609.6,16896.9,28601.2,31395.5,166765,5.059553995188869,4.004752351022968,44.652549543375805,36.22515328629899,26859944,65261.8,41.157222142202635
2007-08-01,1438951,699202,12949222,11134662,53379749,26902.8,19115.3,28424.5,30192.8,170766,5.348703480678592,3.6578133746266084,45.55655156643037,36.87853395511513,27157712,66130.6,41.06678602643859
2007-09-01,1497827,667984,12949652,9476240,49332618,26390.7,17810.1,29419,27175.2,162772,5.675586475538731,3.7505909568166387,44.01798837485978,34.87091171362124,24740915,61976.999999999985,39.91951046355907
2007-10-01,1485129,769402,13212619,11761682,55446683,28714.4,19855.8,31555.4,33776.8,182044,5.1720704594210565,3.874948377803967,41.87118211146112,34.82177707775752,28217851,68141.60000000002,41.41060820409264
2007-11-01,1597150,754707,12095717,11369034,53280034,28010.5,19356.1,29780.7,31182.4,175663,5.701968904517949,3.899065410904056,40.61595932936432,36.45977859305249,27463426,67333.29999999999,40.78728652835967
2007-12-01,1503513,660083,10474575,10451239,49469085,25556.2,16721.8,25656.6,28517.4,162594,5.883163381097345,3.947439868913634,40.826044760412536,36.648639076493644,26379675,66142,39.88339481721145
2008-01-01,1788738,788298,11585814,9267557,51777685,27359.1,17054.5,26193,27757.8,168350.2,6.5380001535138215,4.6222287372834145,44.232481960829226,33.38721728667258,28347278,69985.8,40.50432802082708
2008-02-01,1765701,758313,10931476,10606175,50843606,27499,17674.5,24095.9,30473,165069.7,6.420964398705407,4.290435372994993,45.36653953577164,34.8051553834542,26781941,65327.30000000002,40.99655274288084
2008-03-01,1820903,678016,8882399,10940121,49974924,29968,17707.1,22440.2,31692.1,171194,6.076157901761879,3.8290629182644254,39.58253045873031,34.52002549531271,27653485,69386.6,39.854215367232285
2008-04-01,1894485,724443,10953922,11467845,53986951,31232.6,19364.9,25951.7,32752.3,182115.1,6.0657293981288785,3.7410107978868985,42.20888034309891,35.01386162193189,28946256,72813.6,39.7539141039586
2008-05-01,1870560,690775,12202615,11675390,57350119,30270.8,18837.2,27634.5,32658.1,182956.3,6.179420431571018,3.6670789713970224,44.15717671750891,35.75036514677829,30910779,73555.69999999998,42.023635149961194
2008-06-01,2078070,696909,12022197,11547965,58381885,31285.3,19179.9,27930.6,33387.5,190117.1,6.642320834385479,3.633538235340121,43.0431032630878,34.587690003743916,32036744,78333.80000000002,40.897727417794094
2008-07-01,2480893,702367,13536138,12578167,63505457,32208.4,19238,31247.3,34822.8,202614.4,7.702627264937097,3.650935648196278,43.31938439481171,36.12049289545929,34207892,85097.9,40.1982798635454
2008-08-01,1898525,677131,14100637,10194306,58241040,29994.4,19522.8,31823.7,29706.6,189874.9,6.329598191662443,3.4684112934620037,44.30860333650707,34.31663670699441,31370441,78827.40000000002,39.79636649185434
2008-09-01,2026561,709009,14478718,9787224,55384129,29653.6,17926.2,33078.7,29150.3,180189,6.834114576307767,3.955155024489295,43.770516979204146,33.575036963599004,28382617,70380.19999999998,40.32755945564236
2008-10-01,1664852,651922,14480134,10997050,58515001,27707.3,19695.7,34032.4,32068.2,185882.2,6.008712505368622,3.3099712119904345,42.54808359093099,34.292694943900806,30721043,72378.60000000002,42.44492571008557
2008-11-01,1361860,597139,11853991,8725505,46057056,22602.9,15471.6,28265,26550,147515,6.025156064044879,3.859581426613925,41.938761719441004,32.86442561205273,23518561,54625.5,43.05417982444097
2008-12-01,951200,504073,10624637,8123353,41106362,19710,14269.1,25079.5,26598.8,137762.9,4.8259766615931,3.5326194364045382,42.36383101736478,30.540298810472656,20903099,52105.499999999985,40.116876337430796
2009-01-01,932565,581098,11303879,6228105,38166784,17553,12464.9,24743.5,21187.9,122414.6,5.312852503845497,4.6618745437187625,45.684236264069355,29.394630897823752,19121137,46465.30000000001,41.15143343527319
2009-02-01,793273,464692,8308128,6105842,30449903,17262.1,12379.8,18845.5,21978.4,109012.2,4.595460575480388,3.753630914877462,44.08547398583217,27.781103265023837,14777968,38546.4,38.33812755536185
2009-03-01,809640,474760,8622991,6904551,33282056,17894.9,13929.6,21224.7,24116.1,121358.7,4.524417571486848,3.4082816448426376,40.62715138494301,28.63046263699355,16470114,44193.39999999999,37.26826630220803
2009-04-01,862183,472087,9482941,6050691,33672847,17211.2,13715.7,21920.6,23216.9,118895.8,5.009429906107651,3.4419460909760344,43.26040801802871,26.061580142051692,16804945,42831.400000000016,39.23510555340239
2009-05-01,843213,438478,10185448,5962163,34748849,16398.8,13317.5,22734.1,20748.8,116341.5,5.141918920896651,3.2924948376196737,44.802512525237425,28.734977444478716,17319547,43142.3,40.14516379516159
2009-06-01,1085450,500765,10364891,6908450,37670946,18549.5,14011.5,23972.8,23136.8,127173.2,5.85164020593547,3.5739571066623843,43.236046686244414,29.85914214584558,18811390,47502.59999999999,39.60075869531352
2009-07-01,1077617,525172,11336876,7333103,40621376,18763.4,14081.7,25671.1,25180.3,135695.8,5.743186202926974,3.7294644822713163,44.1620187681868,29.122381385448147,20348608,51999.3,39.13246524472444
2009-08-01,1053875,521486,11791445,6844619,40053038,19230.3,15060.5,25798.1,22371.8,131271.6,5.480283718922742,3.46260748315129,45.70664118675406,30.594851554188757,19841613,48810.90000000001,40.64996343029937
2009-09-01,1123762,598445,12358832,6290264,40565026,19912.7,16130,27893.9,23529,141004.5,5.643443631451285,3.710136391816491,44.30657598973252,26.734089846572317,20193723,53538.899999999994,37.71785187966134
2009-10-01,1137929,613192,12624254,7673381,43797820,21229.2,17289.9,29557.8,25691.6,147026.9,5.3602066964369834,3.5465329469806064,42.710397932187114,29.867275685438045,21749064,53258.39999999999,40.836870803478895
2009-11-01,1241031,570274,10815811,7743762,41403106,20395.5,17185.8,27541.7,25270.8,143324.3,6.084827535485768,3.318286026836109,39.2706731973698,30.643121705684027,21032228,52930.499999999985,39.735555114725926
2009-12-01,1316723,561275,10613632,8017806,41861942,21848.1,17087.5,26470.1,25372.4,146105.8,6.026716281965022,3.2847110460863203,40.09668267214707,31.60050290867241,21352506,55327.699999999975,38.59279529060491
2010-01-01,973070,604185,11136030,6463469,39933573,21653.8,16089.4,25215.9,21293.2,136725.4,4.493760910325209,3.7551742140788344,44.16273065803719,30.354615558018523,20756819,52473.09999999999,39.55706638258461
2010-02-01,902357,574197,10478260,6501567,38439962,21233.2,16459.3,23342.8,23124.6,133898.8,4.249745681291562,3.4885869994471213,44.88861661840054,28.115370644248983,19983581,49738.89999999999,40.17696611706331
2010-03-01,1353592,707581,10192582,8271404,43768366,24316.3,20089.5,24292.2,28264.1,157728.8,5.566603471745291,3.52214340824809,41.95824997324244,29.26469974278325,23243207,60766.700000000004,38.24990825567292
2010-04-01,1318232,604108,10946260,7939755,45326465,23657,18594.2,25920.2,24771.3,153165,5.572270363951473,3.2489055727054668,42.23061550450999,32.05223383512371,24518110,60222.3,40.7126762013407
2010-05-01,1207856,638201,12668407,8420199,46197611,23658.1,19419.2,29052.4,25738.8,156153.2,5.105464935899333,3.2864433138337312,43.60537167325246,32.714030957154186,23262948,58284.7,39.91261514599886
2010-06-01,1285388,665058,14206749,8606197,49564170,24693.6,20049.1,32843.1,27709.5,168323.6,5.205348754333106,3.317146405574315,43.256419156535166,31.058651365055308,24800778,63028.29999999999,39.34863862741023
2010-07-01,1522145,640838,15091603,9102769,52285785,21299.6,18213.8,33266.8,28484.6,163910,7.146354861124153,3.5184200990457786,45.365358255077126,31.956808240242097,25928430,62645.19999999999,41.38933230319323
2010-08-01,1514909,699527,16128503,8810941,53135493,23457,20252.2,35375.3,27552.8,171004.1,6.458238478918873,3.4540790630153766,45.592554692115684,31.978386951598388,25981613,64366.8,40.36492881423342
2010-09-01,1336603,676046,15551200,7703796,50074873,23041.4,19908,35196.7,26630.3,167120.3,5.8008758148376405,3.395850914205345,44.18368767526501,28.928686496209206,24807228,62343.899999999994,39.790946668398995
2010-10-01,1091509,626329,15350240,9091610,50532965,23444.5,21024,35083.3,28697.7,170320.1,4.6557145599181045,2.979114345509893,43.75369477785726,31.680622488910267,24373277,62070.600000000006,39.26702335727381
2010-11-01,1166976,656996,13599929,8985476,48995315,22909.2,20530.3,34564.3,28213.4,168989.2,5.093918600387617,3.200128590424884,39.346750838292685,31.84825650222944,24585938,62771.99999999999,39.167045816606134
2010-12-01,1427943,596065,12297231,9166016,47481223,24273,19356.7,30799.6,28783.6,166518.1,5.882845136571499,3.0793730336265996,39.926593202509125,31.844578162564797,23993968,63305.20000000002,37.90204912076732
2011-01-01,1843338,796419,13823762,8746614,49413634,24793.2,19606.4,31377.4,26134.3,167048.1,7.434853104883597,4.062035865839726,44.05642914964273,33.46794825191415,24203501,65136.8,37.157952186782275
2011-02-01,2020767,740598,12081707,8202009,46863230,23221.4,19053.6,27244.7,26833.4,156320.7,8.702175579422429,3.886919007431666,44.34516438059512,30.566417226292604,23818149,59967.60000000001,39.71836291597462
2011-03-01,2502856,876165,10472783,11242904,55292819,28305.6,23269.5,27599.7,33504.6,185977.7,8.84226442824035,3.7652936247018625,37.945278390707145,33.5562997319771,30198111,73298.30000000002,41.198924122387545
2011-04-01,1922450,734024,12693543,10329359,54521738,25936.4,21359.7,29580.3,31133.8,178293.5,7.412169769127558,3.4364902128775214,42.912150992383445,33.17731532932055,28842362,70283.3,41.03729050855608
2011-05-01,2210637,751071,14202603,10748674,58379023,26965.2,22970.2,32788.1,31676.9,188953.4,8.19811089849139,3.2697625619280632,43.31633427981493,33.932215589277995,30466038,74552.99999999997,40.8649390366585
2011-06-01,2500509,794619,14806379,11100524,59341263,26857.6,22714.8,34374.8,32344.6,191582.1,9.310247378768022,3.4982434359976757,43.07335315405471,34.31955875169271,30139232,75290.30000000002,40.03069718144302
2011-07-01,2329119,693987,15512769,10046627,60053144,25446.4,21091.3,35152.2,30174.7,187230.2,9.15303932972837,3.2903946176859655,44.130293409800814,33.294869543027765,31470642,75365.60000000003,41.75730306665108
2011-08-01,2580677,809013,16876285,10450982,61899278,27147.9,23152.5,37374.1,31368.8,196337.8,9.505991255308881,3.4942792355037255,45.15502714446636,33.316486445130195,31182321,77294.49999999999,40.342224867228595
2011-09-01,2264258,750979,16524475,9381892,59886646,27234.7,22303.5,36418.6,29529,189566.8,8.313871641692398,3.3670903669827603,45.37372386637597,31.771790443293035,30965042,74080.99999999997,41.79889850298999
2011-10-01,2044938,796653,15764072,10095492,59297283,26681.3,22853.7,37824.1,31525.2,191809.6,7.664311708949715,3.4858819359666047,41.67732213059928,32.0235621026988,30596128,72925.3,41.955436590593386
2011-11-01,2221589,817274,14423549,10361498,57736632,26177,23146.8,36764.9,31741.9,190317.8,8.486797570386216,3.530829315499335,39.23184613585241,32.64296718217876,29912722,72487.20000000001,41.26621251752033
2011-12-01,2339486,714974,13200183,10580131,55964895,26558.1,21351.7,32872.3,32496.8,184516.6,8.808935880202274,3.3485577260827006,40.155945887570994,32.55745488786588,29130121,71237.69999999998,40.89143950464432
2012-01-01,2491948,1010815,15468694,9388108,57465042,26787,21503.9,34417.5,29591.8,183533.2,9.302825997685444,4.70061244704449,44.944269630275294,31.72536986597639,29105477,71233.00000000001,40.85954122387095
2012-02-01,2718404,1014118,11827322,9566387,53911999,26230.6,22617.2,28105.2,28539.4,171831.1,10.363483869983913,4.483835311179103,42.082326402231615,33.51993034191329,28785768,66338.70000000001,43.39211953203785
2012-03-01,2619124,937220,12160939,11877348,60104488,29185,25115,31431.3,34910,197350.1,8.974212780537947,3.731714115070675,38.69053777603854,34.0227671154397,32509857,76708.8,42.38087025217446
2012-04-01,2726111,791564,14648568,10396107,58645435,27802.8,22757.4,33016.3,31285.8,189466.2,9.80516710547139,3.478270804221923,44.36768505253465,33.22947471376791,30083085,74603.90000000002,40.32374312871042
2012-05-01,2472849,893813,15229832,11148638,61430285,27612.8,24815,34937.8,33452.2,198409.6,8.955444576428324,3.6019061051783194,43.59127363485966,33.32706966955836,31685153,77591.80000000002,40.83569784435983
2012-06-01,2641409,892546,15611937,10598013,61088335,27330.9,23513.9,35949.4,31455,191786.7,9.664551844249548,3.7958228962443488,43.42753147479513,33.692618025751074,31344430,73537.50000000003,42.62373618901919
2012-07-01,2286599,781924,17071292,11657907,61082019,24973.7,22526.3,37930.8,33344,192838.7,9.156028141604969,3.4711603769815724,45.00641167599945,34.962532989443375,29284297,74063.90000000001,39.53923166346897
2012-08-01,2516579,892104,16888743,11811853,63938780,27027.6,23763.8,37280.6,33040.8,194941.5,9.311144903728042,3.7540460700729685,45.30169310579765,35.749294811263645,31829501,73828.7,43.11263912272599
2012-09-01,2189209,849888,16819404,10295760,57073056,26052,22151.1,37891.8,29522.7,185682.8,8.403228159066483,3.8367756003087887,44.38797840165945,34.87404607302177,26918795,70065.19999999998,38.41963628163483
2012-10-01,2389961,925294,16883227,11569870,60863752,27661.3,24817.6,40257.1,32520.8,198767.1,8.64008922212622,3.728378247695184,41.93850774149156,35.57683082826991,29095400,73510.3,39.58003164182434
2012-11-01,2370474,949559,14530619,11791241,58170453,27751.8,23731.3,39543.7,33649.2,194553.2,8.541694592783172,4.00129365015823,36.74572435052866,35.0416681525861,28528560,69877.20000000004,40.826707423880734
2012-12-01,2268516,717451,14135775,10838925,54908491,25847.7,20281.1,34857.6,30443.7,177106.9,8.776471407514014,3.537534946329342,40.552921027265214,35.60317898284374,26947824,65676.79999999997,41.0309637497564
2013-01-01,2686820,1247411,16337242,9505872,57393721,28055,21555.7,37193.7,28540.3,185168.6,9.576973801461415,5.7869194690963415,43.924756074281404,33.30683980196424,27616376,69823.9,39.551465902076515
2013-02-01,2350712,958139,14966486,10098393,53016425,25848.4,22070.2,32742.7,29134.5,170322.9,9.094226335092307,4.34132450091073,45.70938254939269,34.661288163517476,24642695,60527.100000000006,40.71349032086453
2013-03-01,2455374,947289,11103531,12167784,54206867,28342.4,23152.3,27294.1,33383.5,181850.7,8.66325364118776,4.0915546187635785,40.6810666041379,36.44849701199694,27532889,69678.40000000002,39.514238271831715
2013-04-01,2385300,981317,14485431,11341027,56734987,28527,24364.1,33131.9,33297.8,190555.3,8.361552213692292,4.027717009862872,43.720495957068565,34.05938830793625,27541912,71234.49999999999,38.663726143933076
2013-05-01,2783287,970895,15487664,12240923,60387997,28505.9,24484.3,36617.6,33145.7,196685.4,9.763898000063143,3.965377813537655,42.29568295027528,36.93065163807071,28905228,73931.90000000001,39.09709881661366
2013-06-01,2418736,875614,15726296,10827072,56912931,27099.1,22927.6,35886,30297.6,184930.5,8.925521511784524,3.8190390620911043,43.822928161399986,35.73574144486692,27065213,68720.19999999998,39.38465400275321
2013-07-01,2770917,911193,17711853,11820452,63087774,26192.3,23545.9,38800.4,34816.9,197311.7,10.579128217071428,3.869858446693479,45.648635065617874,33.950328719673486,29873359,73956.20000000004,40.39331252822615
2013-08-01,2778558,1000315,18119848,11223637,61977817,27775.1,23988.3,39161.3,31286.4,193050.7,10.003773163732985,4.170012047539843,46.26978164667669,35.87385253656541,28855459,70839.6,40.73351487021383
2013-09-01,2743164,886961,17886293,11022998,59625301,28168.8,23303.3,40144.4,31394.7,191940.9,9.738306211127206,3.806160500873267,44.554889349448494,35.1110155535807,27085885,68929.70000000003,39.29494107764866
2013-10-01,3095049,989778,17705226,13104732,64192226,29634.4,25314.9,41845.5,37074.1,205089.7,10.444108873471372,3.9098633611035396,42.31094382908556,35.34740425256446,29297441,71220.80000000002,41.13607401208634
2013-11-01,2496289,918753,15518172,12102547,58370716,27367.6,23723.3,40112.3,33064,188617.8,9.121329601426506,3.872787512698487,38.686816761940854,36.60339644326155,27334955,64350.59999999999,42.478166481742214
2013-12-01,2800463,812665,15071767,11528570,56836581,26987.5,22126.1,37500.2,32074.9,182462.7,10.37688930060213,3.6728795404522265,40.19116431379033,35.942652977873664,26623116,63774.00000000001,41.7460344340954
2014-01-01,3191627,1152827,17543266,10744079,60138552,27705.3,22021.4,38377.2,30584.3,186070.1,11.519914962119161,5.235030470360648,45.71273047538643,35.1293931853925,27506753,67381.90000000002,40.82216886137077
2014-02-01,2955175,1048771,14077850,10720125,53930970,26082.9,22445.2,30700.4,29793.7,170711.2,11.329932637858521,4.672584784274588,45.85559145809175,35.98118058515726,25129049,61689.000000000015,40.735056493053854
2014-03-01,3354812,1072033,13047938,13261293,59122314,30056.9,24943.7,31420.9,36796.9,194612.9,11.161536951581832,4.297810669628001,41.52630255657858,36.03915818995622,28386238,71394.5,39.759698576220856
2014-04-01,3614323,1000329,15361598,13445791,61131775,29284.3,24577.9,36450.2,37432.7,201243.8,12.342186769019577,4.0700344618539415,42.14407054007934,35.91990692629706,27709734,73498.70000000001,37.70098518749311
2014-05-01,3330507,991769,16475870,13378036,61701334,30211.8,25444.4,38188.1,37042,200859.9,11.023861537544933,3.8977889044347673,43.14398988166471,36.11585767507154,27525152,69973.6,39.33648118719059
2014-06-01,3407751,980205,17172497,13053482,60674078,30160.8,25134.5,39607.1,36075.8,198353,11.298609453330151,3.8998388668960993,43.35711778948724,36.18348588250295,26060143,67374.8,38.67936231350594
2014-07-01,3797967,998976,18424047,13296925,64461919,29285.9,25309,40319.6,37033.4,205134.2,12.968585565067148,3.9471176261408982,45.695014335459675,35.90522339293719,27944004,73186.30000000002,38.1820149399546
2014-08-01,3352357,990102,18655622,12241525,62800411,29082.4,24849,40093.8,34770,197312.1,11.527098863917695,3.9844742243148614,46.52994228534087,35.207146965775095,27560805,68516.90000000001,40.22482774322831
2014-09-01,3770465,997216,19377060,11237808,61350610,30813.1,25033.4,45102.8,34088.9,203729.7,12.236564967497591,3.98354198790416,42.96198905611182,32.9661796068515,25968061,68691.5,37.80389276693623
2014-10-01,3647047,1077169,19167085,13309906,65460885,30715.3,27565.6,45335.4,36883.1,211643.1,11.873714402919717,3.9076566445134517,42.278407160850016,36.08673349040618,28259678,71143.70000000001,39.721968354190174
2014-11-01,3064399,922747,16067764,12189696,56326840,27058.3,24382,42483.5,34267.1,190689.7,11.325171943544126,3.784541875153802,37.821187049089644,35.572592953591055,24082234,62498.800000000025,38.532314220433015
2014-12-01,3686008,886544,15760091,12465747,57840112,28829.1,24023.8,40395.9,35841,195996.5,12.785719984321398,3.6902738118032947,39.014085587893824,34.780689712898635,25041722,66906.70000000001,37.42782411925861
2015-01-01,2673192,1288488,16737738,10503359,56206574,25843.8,22261.1,38589.7,32112.7,181220.3,10.343649153762218,5.788069771934002,43.37358932564908,32.7078040775145,25003797,62413,40.06184128306602
2015-02-01,2684271,1177024,14186971,10578444,49643770,23265.8,22706.5,31564,31799,162949.7,11.53741113565835,5.183643450113403,44.946682929920165,33.26659328909714,21017060,53614.40000000002,39.2004013847026
2015-03-01,2910363,1233103,18003791,13100562,61823020,25778.4,25651.7,41136.9,37050.1,198235.3,11.28992877758123,4.80710050406016,43.76555112320082,35.359046264382556,26575201,68618.19999999998,38.729084994943044
2015-04-01,2900219,1126048,15326035,12457672,57702713,24763,24704.7,36121.4,37249.6,190066.4,11.711904858054357,4.55803146769643,42.4292386230877,33.44377389287402,25892739,67227.69999999998,38.514985638360386
2015-05-01,2676250,1086542,17175785,12449109,58264315,24283.2,24482.5,39082,36284.2,186571.1,11.020993938195954,4.438035331359134,43.94807072309503,34.30999994487959,24876629,62439.2,39.841364078976035
2015-06-01,3034523,1176136,18365770,12747042,60423352,27352.2,26919.2,41453.8,37574.9,197380.4,11.09425567230424,4.369134298196083,44.304189241999524,33.92435375742849,25099881,64080.29999999997,39.169418682496826
2015-07-01,3313333,1024538,19023161,13457107,63523509,24717.9,24804.8,41215.1,37142.5,193673.9,13.404589386638833,4.130402180223182,46.1558045473625,36.23102106751027,26705370,65793.6,40.58961661924563
2015-08-01,3221107,965982,20522772,12086088,61303325,24816.7,24693.8,44138.1,34863.3,189979.3,12.979594386038434,3.9118402190023405,46.49672731721574,34.66707970846133,24507376,61467.39999999998,39.87052649046488
2015-09-01,3313373,996443,19565415,11584585,58628274,25289.2,25331.3,45725,34704.9,191544.6,13.101928886639355,3.9336433582169095,42.78931656642975,33.380257542882994,23168458,60494.200000000004,38.29864350631961
2015-10-01,2605613,1042758,17898320,12703073,58136419,23669.2,27672.2,44309.9,37894.7,195248.9,11.008454024639615,3.7682511690432996,40.393501226588185,33.52203078530771,23886655,61702.89999999998,38.71237008309173
2015-11-01,2352291,925378,16100680,12154546,53898382,22912.6,24049.5,41884.8,35655.7,182176.2,10.26636435847525,3.8478055676833196,38.44038887615555,34.08864781788045,22365487,57673.600000000006,38.77941900626977
2015-12-01,2520620,909820,15623537,12916932,54553575,23613,23155.9,37981,35478.8,179765.3,10.674713081776986,3.9291066207748346,41.13513862194255,36.40746586694026,22582666,59536.59999999999,37.93072832509751
2016-01-01,2409024,1216125,17075120,9410449,50005319,22268.3,22337.7,37126.4,29270.9,165816.2,10.818176511004433,5.444271343961106,45.99185485261161,32.14950343173595,19894601,54812.900000000016,36.29547241616479
2016-02-01,2189429,1117575,16932129,10435424,50742724,21813,23121.7,36066.9,32396.3,168042.1,10.037266767523954,4.833446502636052,46.94644951465194,32.211777270861184,20068167,54644.2,36.72515472822367
2016-03-01,2189683,1064214,11975256,12903873,49655654,23179.4,24692.1,29812.3,37564,178405.4,9.446676790598547,4.309937186387549,40.16884306142096,34.3517010967948,21522628,63157.59999999999,34.077653362382364
2016-04-01,2041029,1099566,14466007,11191019,49469641,22220.3,24985.8,32920.2,34996.1,173964,9.185425039265898,4.400763633743967,43.942646156463205,31.97790325207666,20672020,58841.60000000001,35.131641559712854
2016-05-01,2270768,982732,16477576,12507444,53372897,23022,24761.1,37513.7,35520,183394.3,9.863469724611242,3.9688543723824874,43.924155708447856,35.212398648648644,21134377,62577.499999999985,33.77312452558828
2016-06-01,2822337,1094235,16828652,12082234,55709037,24231.1,24809.6,38539.2,36692.1,188539.3,11.647581001275222,4.410530601057655,43.66632415825964,32.92870672433576,22881579,64267.29999999998,35.60376583425787
2016-07-01,2350217,986444,17392729,11410050,54685179,21608.6,22944.6,39438.9,33882.4,181779.4,10.876303879011136,4.299242523295241,44.10044144233231,33.67544802021108,22545739,63904.89999999999,35.280141272422
2016-08-01,2904494,1109292,19400673,11672068,58737433,24217,25544.9,43221.8,35724.8,193986.7,11.993616054837512,4.342518467482746,44.88631431361026,32.67217171264779,23650906,65278.20000000001,36.230940804127556
2016-09-01,2981214,1029191,17507087,10973989,54917045,23749,25122.2,42020.9,33482,185985.6,12.553008547728325,4.096739139088138,41.66280826921841,32.77578699002449,22425564,61611.5,36.39834121876597
2016-10-01,2743728,1045841,17943960,11725879,57075891,23848.2,26358.9,43798.1,36040.9,191999.7,11.50496892847259,3.967695920542966,40.9697224308817,32.53492282379186,23616483,61953.6,38.11962985201829
2016-11-01,3192664,1068592,16388867,11667138,55754195,24409.7,25358.1,42602.6,35582.8,191156.7,13.079488891711083,4.214006569892855,38.46917089567303,32.78870128264217,23436934,63203.499999999985,37.0817027538032
2016-12-01,3084188,994188,16039013,11996805,56637434,23153.2,23463.9,39358.9,35179.2,183716.5,13.320785031874644,4.237096134913633,40.750663763469,34.10198355846637,24523240,62561.3,39.198737877889364
2017-01-01,3849231,1339244,18109558,10358783,57368947,24390.1,23458.6,41335.6,32652.3,185653.7,15.781940213447262,5.708968139616174,43.81104423305819,31.72451251519801,23712131,63817.09999999999,37.15639068525521
2017-02-01,3993848,1171387,14717566,10035107,51535453,23384.6,23806.9,32785,32380.3,169238.1,17.078966499320067,4.920367624512221,44.89115754155864,30.99139600312536,21617545,56881.3,38.00466058265194
2017-03-01,4246898,1343119,13446295,12046466,57143936,25997.9,27920.6,34162,36888.9,194066.1,16.33554248612388,4.810494760141258,39.360385808793396,32.65607269395401,26061158,69096.70000000001,37.71693583050999
2017-04-01,3854444,1172122,15696071,12174478,56412002,24153.7,25017.5,37441.9,35425.6,185868.2,15.957985733034691,4.685208354152094,41.92113915159219,34.36632830495461,23514887,63829.50000000001,36.84015541403269
2017-05-01,4176804,1278705,17605536,11961617,59582970,26288.6,27032.6,41756.8,36493.5,200330.9,15.888270961557483,4.730233125929433,42.162081385546784,32.7773904941976,24560308,68759.39999999998,35.71920057475779
2017-06-01,3925806,1225985,17681041,12401364,59067324,25891,27153.8,42258.1,36218.9,198174.4,15.162821057510332,4.514966597676937,41.840596240720714,34.240034898906366,23833128,66652.6,35.757236776959935
2017-07-01,3691935,1103116,18719434,11772715,59631299,22801,24514.7,43561.1,34958.4,191754.5,16.19198719354414,4.49981439707604,42.972822082087006,33.676355325186506,24344099,65919.29999999999,36.93015399131969
2017-08-01,4060927,1294596,19419581,12272821,62097495,24905.2,26924.4,45782.3,35760.8,201557.2,16.305538602380228,4.808263136782992,42.41722456058345,34.31920147200286,25049570,68184.5,36.73792430831054
2017-09-01,3876508,1244196,18620775,12011493,59110147,24211,25732,45405.1,35663.5,194517.3,16.01135021271323,4.83520907819058,41.01031602176848,33.68007346446647,23357175,63505.69999999998,36.779651275397335
2017-10-01,4196242,1231399,19013395,13244956,62600790,25655.1,28572.1,48133.1,39409.4,210605.9,16.356365790817424,4.309795219812334,39.50170464815273,33.60862129339701,24914798,68836.19999999998,36.19432507895556
2017-11-01,4488093,1240343,17514366,13337752,61110288,26131.4,27481.1,48104.8,38353.8,207578.7,17.175095861683644,4.5134401461368,36.4087700187923,34.775568522545356,24529734,67507.6,36.336255473457804
2017-12-01,4359505,1220728,17066939,13748190,60637517,25255.8,25052.6,44439.4,40660.5,200246.4,17.261401341474038,4.872659923520913,38.404971714289566,33.81215184269746,24242155,64838.100000000006,37.38874982456302
2018-01-01,5299780,1780051,19251722,11434542,63407034,26184.4,25788.2,45681.3,36862.7,203028.9,20.240219367256838,6.902579474333222,42.14355108107694,31.019274225707832,25640939,68512.29999999999,37.425307572508885
2018-02-01,4509694,1514374,17357670,11670641,59004826,23997.4,25777.1,38956.2,36937,186770.2,18.792427512980574,5.874881192996885,44.556886965361095,31.596071689633696,23952447,61102.500000000015,39.200436970664036
2018-03-01,4819046,1700933,15254376,13169851,61155732,26954.2,29754.1,38273.8,41791.1,207985.5,17.878645999510283,5.71663401010281,39.85592232806776,31.513530392834845,26211526,71212.29999999999,36.80758239798463
2018-04-01,4804857,1400900,15660866,13339444,61893427,26533.3,27895,38227.8,41408.9,205084.4,18.108780287412422,5.022046961821116,40.96721757464463,32.213954005056884,26687360,71019.4,37.57756331368613
2018-05-01,5674337,1357410,18841361,14338160,68328136,28163.9,29209.2,43866.6,40992.2,216026.5,20.147554138453838,4.647200197198143,42.951496126893815,34.977776259873835,28116868,73794.59999999999,38.101525043837896
2018-06-01,6873254,1592164,19458488,13419333,68348130,28040.4,29349.9,44524,39960.7,211252.7,24.51196844552859,5.42476805713137,43.70336896954452,33.58132615294527,27004891,69377.70000000003,38.92445411133547
2018-07-01,6808011,1621483,21285453,13771507,72542077,26834.6,27999.5,47009.8,41698.9,216854.2,25.370271962317307,5.791114127037983,45.278756769865005,33.02606783392367,29055623,73311.4,39.633158008167904
2018-08-01,7018484,1997756,22061241,14780136,76331673,27958.9,30885.9,47796.2,41143.8,221897,25.10286170056762,6.468181273655617,46.15689322582131,35.92311842853601,30474056,74112.20000000001,41.11881174759351
2018-09-01,5993365,1704073,22245398,12621837,69760766,26297.2,28984.8,49938,37658.4,211317.5,22.790886482211032,5.879195302365378,44.54603308102047,33.51665763813651,27196093,68439.1,39.73765435255577
2018-10-01,6450470,1959232,29440909,14669087,82868290,28054.9,31636.8,52081.1,45522.8,235857.7,22.99231150351632,6.192889293481009,56.52896924220111,32.22360443557953,30348592,78562.10000000002,38.63006716979306
2018-11-01,5504846,1971664,26534905,13535409,74957086,25626.6,29464.7,46344.6,42024.2,213493,21.48098460193705,6.691614033063292,57.25565653819431,32.20860599368935,27410262,70032.89999999998,39.139121755632004
2018-12-01,4573779,1828317,29099706,13750059,75464249,23929,26935.3,45814.9,40934,206577.7,19.11395795896193,6.787810048523685,63.5158125413348,33.59080226706405,26212388,68964.50000000003,38.00852322571756
2019-01-01,4636772,2600949,26026143,12803813,73925791,23348.3,27558,41302.5,39544.5,203980.7,19.859141779058863,9.438090572610495,63.01348102415108,32.37823970463655,27858114,72227.40000000002,38.57000805788384
2019-02-01,4608051,2210964,21373710,11677548,63885913,22814.8,27485.2,33027.8,37707,185267.5,20.197639251713802,8.044198332193325,64.71430128558366,30.9691781366855,24015640,64232.7,37.388495267986556
2019-03-01,6167084,2244278,18094244,14153015,68044496,27549.2,31111.8,31078.7,44754.6,207511,22.38570992987092,7.213590984771051,58.220723518036465,31.62359846809043,27385875,73016.70000000001,37.50631704801778
2019-04-01,6744374,2378131,20510895,14259036,70844287,26731.6,30229,34499.5,45164.6,208742.1,25.22996752906672,7.867051506831188,59.45273119900288,31.571265991506625,26951851,72117.4,37.372188958559235
2019-05-01,7211105,2513855,23260750,14846579,76049791,29196.4,31907.7,39023.9,45487.3,220207.6,24.698610102615387,7.878521485409477,59.6064206806598,32.638954169625364,28217502,74592.3,37.82897430431827
2019-06-01,5891265,2131474,21657171,12979634,69670800,27644.3,30193.4,38733,41412.2,206531.6,21.310957412558828,7.059403710744733,55.914003562853374,31.342536740380854,27011256,68548.70000000003,39.40447594192157
2019-07-01,6823381,2099691,24083447,14480236,76378324,26760.5,29953.5,41237.2,45997.9,218311.1,25.49795781095271,7.0098352446291745,58.402236330303715,31.480211053113294,28891569,74362,38.85259810118071
2019-08-01,5725037,2050461,23299181,12942873,72662481,26634.2,30887.2,40955.6,43173.4,215245.8,21.495058984313403,6.638546064389131,56.88887722313921,29.97881334340126,28644929,73595.39999999997,38.92217312495077
2019-09-01,5662708,1670994,24154853,12211478,70191509,26851.5,29273.8,39866.7,41520.7,206148.9,21.088981993557155,5.708155415422665,60.589045494109115,29.4105783380338,26491476,68636.20000000001,38.596944469536474
2019-10-01,6015701,1845319,22814502,13615612,72630016,28534.1,30933,39794.9,46720.3,218901.1,21.082497783353954,5.965535188956777,57.33021568090383,29.14281800416521,28338882,72918.8,38.86361541879461
2019-11-01,5051290,1596352,19872590,12356069,64649160,25240.1,29060.8,36172.9,41327,198974.6,20.012955574660957,5.493145405494687,54.93778491633239,29.898296513175403,25772859,67173.80000000002,38.367427479165976
2019-12-01,6072869,1556925,20102972,12556475,65984186,27283.7,27500.3,33418.1,42398.8,201877.4,22.258231105018748,5.661483692905168,60.15593944598886,29.615165995264014,25694945,71276.49999999999,36.049672753291766
2020-01-01,6312894,2460833,21428992,10755478,66972033,25286.8,28202.3,32944.7,39643.7,195796.2,24.96517550658842,8.725646489825298,65.04533961456623,27.130358669851706,26013836,69718.70000000004,37.312566069074705
2020-02-01,5389376,1948002,15774340,10582765,56899076,24339,28903.2,22576.6,32779.7,178108,22.142963967295287,6.739745080129536,69.87030819521097,32.284508400015866,23204593,69509.50000000001,33.38334040670699
2020-03-01,4874652,1847577,11233372,12026968,54331937,25080.4,29882.1,19638.1,41365.4,193922.8,19.43610149758377,6.182888752798498,57.20192890350899,29.074946694580493,24349368,77956.79999999999,31.23443753463457
2020-04-01,2892434,970338,17872457,8920670,49464079,14937,15772,30730.1,31662.8,165611.9,19.36422307022829,6.152282525995434,58.1594495299397,28.173977032985082,18808180,72509.99999999999,25.938739484209076
2020-05-01,2065166,956785,21640031,7421418,47767283,15842.7,14857.4,36318.7,27199.4,163494.1,13.03544219104067,6.439787580599567,59.58371582683301,27.285226880004704,15683883,69275.9,22.63973907231808
2020-06-01,2506269,1470398,21871380,9137578,51635193,20315.2,25672.1,37286.9,30290.1,179138.1,12.3369152161928,5.727610908340183,58.65700822540892,30.166879607528536,16649568,65573.79999999999,25.390579774239104
2020-07-01,3898923,2653705,24077183,10427453,61490872,22329.7,28878.2,40469.8,33967.9,199927.7,17.460704801228854,9.189301964803901,59.49419814281266,30.697961899322596,20433608,74282.09999999998,27.508118375759445
2020-08-01,4248205,2334534,24310162,11087621,65426610,23748.9,29555.6,40598.9,34380.7,203112,17.888007444555328,7.898787370244557,59.87886863929811,32.249549892817775,23446088,74827.90000000001,31.333350261065725
2020-09-01,4320794,2249078,24205527,11805851,66260956,24595.5,29788,41003.2,35639.7,206083.7,17.56741680388689,7.550281992748757,59.03326325750186,33.12556222414892,23679706,75057.30000000002,31.548838021085214
2020-10-01,4040771,2284806,23998851,12809212,69461398,24853.1,32785.5,44654.3,36919.6,218952.6,16.258619649057866,6.968952738253191,53.743650667460905,34.6948829348097,26327758,79740.1,33.016961353196194
2020-11-01,4000567,2236730,22713134,12832861,66918133,24064.9,29819.7,44700.4,36698.8,212453.3,16.624074897464773,7.500846755668232,50.81192562035238,34.96806707576269,25134841,77169.49999999999,32.57095225445287
2020-12-01,4257067,2281953,22702557,14304260,68597700,24632.3,29360.9,41626.2,39455.9,214876.8,17.282458398119545,7.772081237291772,54.5391051789498,36.253792208516344,25051863,79801.5,31.392721941316893
2021-01-01,4371038,2588853,23748684,11554901,66594417,24721,28976.5,38835.3,35615.7,204628.3,17.681477286517534,8.934319189688196,61.152312457995684,32.44327922798092,24330941,76479.79999999999,31.813552075188483
2021-02-01,4565031,2396448,21414594,11432491,62303356,25215.6,27201.8,33816.8,35817.6,193435.1,18.103995145862086,8.809887580968907,63.32531167940195,31.91864055659788,22494792,71383.30000000002,31.5126815375585
2021-03-01,5626156,2943739,25485714,14519134,78239210,29809.9,33313.9,39934,40606.7,236917.2,18.87344808268394,8.836368602895488,63.819587319076476,35.755513252739085,29664467,93252.70000000003,31.810839793378626
2021-04-01,5327911,2707330,23212173,14605391,74921769,27484.2,31991.8,37371.1,40380.2,226461.8,19.385359588418073,8.462574784788602,62.1126298128768,36.169684647426216,29068964,89234.49999999999,32.57592523071234
2021-05-01,5611330,2746500,24427794,14420249,77725623,29040.5,31108.9,38486.5,39932.1,230414,19.322429021538884,8.828663179990292,63.47107167448326,36.111922488424106,30519750,91846,33.22926420312262
2021-06-01,6619839,2538069,25251968,15014385,79529947,32160.9,32776.6,39779.3,43132.4,242322.1,20.583500461740808,7.74353959837201,63.48017184817228,34.80999202455695,30105686,94472.9,31.867007364016565
2021-07-01,6253049,3098595,25417282,14926735,81309683,29809.8,31818.1,40290.9,42205.9,237302.4,20.97648759803823,9.738466470342352,63.084423529878954,35.366465352000546,31614022,93177.70000000001,33.928742606868376
2021-08-01,6723521,2845634,28086469,14040694,83721172,30951.3,31957.1,42897.8,42277,245231.5,21.722903399857195,8.90454390417153,65.47298229746048,33.21118811646995,32024854,97148.29999999999,32.96491446582184
2021-09-01,6571672,2618703,28595897,13402815,81519479,29926.5,31829.5,47350.9,41216.4,244355.8,21.959373799141225,8.227282866523193,60.39145401671352,32.518160246892016,30330392,94032.5,32.25522239651185
2021-10-01,6705210,2567353,28088736,14119272,83303143,31577.1,34138.9,47873.5,42548.2,251211.9,21.234407212821953,7.520315534478264,58.672827347070935,33.184181704513946,31822572,95074.2,33.47130136251476
2021-11-01,7997270,2505717,27393532,15275132,84440292,33810.9,34470.2,48234.8,44426.1,259390.2,23.652934408726182,7.2692267523832195,56.79205055271297,34.383238681765896,31268641,98448.20000000004,31.76151620852386
2021-12-01,7788927,2584109,28303598,15202569,86427374,32767,32986.1,49375.3,42179.9,256845.2,23.77064424573504,7.833933080903775,57.323394490767654,36.04221204886687,32548171,99536.9,32.69960286084859
2022-01-01,7818504,2934893,29545296,13238215,84853617,31594.6,33154.7,47667.1,38422.9,247008.6,24.746330069062434,8.852117497670015,61.98257498358406,34.45397145972844,31316709,96169.29999999999,32.56414365083244
2022-02-01,7442232,2945029,26438303,12692362,79631458,31010.7,32506.5,42297.9,38255.8,233955.4,23.998916503013476,9.05981572916186,62.505001430331056,33.17761489761029,30113532,89884.49999999999,33.502474842714825
2022-03-01,9893415,3367372,29022451,16872929,97855331,40050.1,40012.9,47285.3,48125.5,295671.9,24.702597496635466,8.415715931612054,61.37732233907789,35.06026742579298,38699164,120198.10000000003,32.19615285100179
2022-04-01,9215252,3148635,26831224,15547610,91307465,38075.2,38516,41727.3,46539.3,272415.1,24.20276715552381,8.174875376466924,64.30136625183033,33.407485716373046,36564744,107557.29999999997,33.99559490615701
2022-05-01,10295267,3842598,27693518,17454248,96669957,40460.9,39444.5,43769.6,48982.9,285287.2,25.44497774394539,9.741784025656301,63.27112425062143,35.6333495975126,37384326,112629.30000000002,33.19236291089441
2022-06-01,10935502,3833730,28580502,18257324,97707680,41004,39121.5,48488.1,48552.4,285978,26.669354209345432,9.7995475633603,58.94333248776504,37.60333989668894,36100622,108812,33.17705951549462
2022-07-01,10595256,4019441,28570682,16790915,96652716,37900.3,37685.5,46565,43563.7,270391,27.955599296047783,10.66574942617187,61.35655964780414,38.54336293749154,36676422,104676.50000000001,35.03787574097338
2022-08-01,10728645,3848662,30463489,17021764,99664571,38931.7,39778.8,50383.1,45332.1,283273,27.557607296881464,9.675158627208463,60.46370509158826,37.54903037803234,37602011,108847.29999999999,34.545653406193814
2022-09-01,8622564,3876972,26618369,16317819,91111000,35912.5,39196.5,49270.3,45505.4,275053.1,24.009924121127742,9.891117829398032,54.02518149879339,35.85908265832187,35675276,105168.4,33.92204882835529
2022-10-01,7894873,3610204,24894559,18255144,90382421,34665.8,40143.5,44670.6,52787.6,281439.4,22.774241471421398,8.993246727365577,55.7291798184936,34.582257954519626,35727641,109171.90000000002,32.72604122489395
2022-11-01,7648892,3598096,22437809,17159176,83368434,33775.6,36638.8,36915.7,48348,255572,22.64620613697462,9.820452634911623,60.78120962083884,35.49097377347563,32524461,99893.89999999997,32.55900610547792
2022-12-01,7380827,3477440,21877870,17043161,82702303,34036.3,35815.8,37228.8,48672.3,253688.4,21.685162605806152,9.709234471936966,58.76598225030083,35.016140597424,32923005,97935.2,33.61713153187005
2023-01-01,7456559,3906568,23409176,16793910,83085321,34893.3,36720.6,38166.1,47298.4,254625.8,21.369601040887503,10.638627909130026,61.334996240118855,35.506296196065826,31519108,97547.4,32.31158185661535
2023-02-01,6599889,3604441,19943436,15299275,74370264,31574.1,35502.2,30569.8,43459.9,230169.8,20.902857088563096,10.152725746573452,65.2390136670832,35.20319881085782,28923223,89063.80000000002,32.47472373736579
2023-03-01,7154905,4569531,18455990,18152710,79268492,36432.3,42653.7,30791.6,50671,261243.9,19.63890558652624,10.71309405749091,59.93839228880604,35.824653154664404,30935356,100695.29999999996,30.721747688323102
2023-04-01,6767496,3886011,21077162,16984276,78410422,33927.9,37873.9,33071.4,46572.8,249869.2,19.946698734669695,10.260393041118025,63.7322943691528,36.46823038339975,29695477,98423.20000000003,30.171216745645324
2023-05-01,7845074,4231154,22569838,17693218,82833405,36540.1,41055.4,35881,48473.7,263244.8,21.469766092594163,10.305962187678114,62.901920236336785,36.50065499435777,30494121,101294.59999999999,30.10438957259321
2023-06-01,6893817,4327634,21441385,18058018,81426753,34880.6,40850.1,34312.8,49390,257210.7,19.764043623102815,10.593937346542603,62.4880073908279,36.56209354120267,30705899,97777.20000000001,31.403945909680374
2023-07-01,6680535,4799630,21895262,17624810,82378802,33038.5,38716.8,36108.1,49618,255333,20.22045492380102,12.396763162244813,60.63808951454106,35.521000443387486,31378565,97851.6,32.06750323959955
2023-08-01,8039313,4884953,22317637,18195056,85909951,36243.1,41475.4,36828.5,49999,265555.5,22.1816373323474,11.777952714138983,60.59882156482072,36.39083981679634,32472992,101009.5,32.148453363297506
2023-09-01,7286538,4692374,22130120,14996324,82195431,34898.9,39285.1,40247.9,44469.1,260862.5,20.87899045528655,11.944411494434275,54.98453335453526,33.723021154014816,33090075,101961.5,32.45349960524315
2023-10-01,8005891,4558025,22643438,17139490,84827616,36341.1,42736.5,41548.5,51097.7,276178.5,22.02985325155265,10.665414809355001,54.49880982466274,33.54258606551763,32480772,104454.7,31.09555817019244
2023-11-01,8372973,4534412,20329270,16878661,80388375,36179.3,39614.6,35537.4,46526.4,255461.3,23.142993369136494,11.446315247408785,57.20528232228581,36.277599384435504,30273059,97603.6,31.016334438483828
2023-12-01,6935111,4365455,21235334,17395609,80352501,33061.1,36423,34183.6,48507.6,247041.3,20.976649294790555,11.985435027317903,62.12140909675985,35.8616154994269,30420992,94865.99999999997,32.06732865304747
2024-01-01,7480631,4264226,23381217,15099461,81403085,33398.6,37960.1,35782.6,46462.6,253692.7,22.398037642296387,11.233442483028231,65.3424206178422,32.49809739446351,31177550,100088.79999999999,31.149888898657995
2024-02-01,6666082,4251017,21264251,15428527,76571796,33144.9,40187.1,31863.6,44435.8,242229,20.111938789979757,10.57806360747603,66.73524334977844,34.72093897263017,28961919,92597.59999999999,31.277181050048817
2024-03-01,7134472,4258131,19555696,16676302,78463111,34033.7,41530.6,29924.8,50598.8,259086.6,20.96296318061216,10.2529965856501,65.34946265305031,32.95790018735622,30838510,102998.70000000003,29.940678862937098
2024-04-01,8019775,4450427,20062609,18476678,84016036,34385.5,43033.1,31602.7,54508.3,270974.2,23.323130389262914,10.341869398207425,63.48384473478532,33.896999172603074,33006547,107444.59999999999,30.719595959219916
2024-05-01,8450421,4602533,22014763,17634340,86857277,35640.4,43886.9,34995.3,50305.3,274906.2,23.710230524909935,10.487259296054177,62.907770472034805,35.05463639020142,34155220,110078.30000000003,31.028113624574498
2024-06-01,7997270,4248645,22065944,16743534,82917920,34411.9,42213,34169.1,48798.4,266056.6,23.23983854422453,10.06477862269917,64.5786514716513,34.311645463785695,31862527,106464.19999999998,29.927926007052143
2024-07-01,8907759,4064861,25614972,17870865,91994594,35918.8,41908.9,40801.1,52800,288127.3,24.79971212846754,9.699278673503718,62.78010151687088,33.846335227272725,35536137,116698.5,30.451237162431394
2024-08-01,7822040,4255781,25103834,16743712,87673879,32864.7,43685,39811.2,52125.3,277306.3,23.800734526711032,9.741973217351493,63.05721505505989,32.122044381519146,33748512,108820.09999999996,31.01312349464852
2024-09-01,7847387,3970640,24864650,15092502,85478424,34551.9,44173.8,43018.2,51268.4,285963.2,22.711882703990227,8.988676545825806,57.80030312751347,29.43821535292695,33703245,112950.9,29.838845905610317
2024-10-01,7505753,4381490,23159656,16622015,86385776,34476.2,45483.3,41444.9,51582.7,288844,21.77082451082196,9.633184047771378,55.8805932696182,32.22401115102544,34716862,115856.90000000001,29.965295118374474
2024-11-01,6940528,4020370,22480651,17172504,83072183,33499.4,42242.7,37774.8,52717.7,274312.3,20.718365105046658,9.51731305053891,59.51229655749336,32.574456017618374,32458130,108077.70000000003,30.032217561994745
2024-12-01,7649711,3383498,23827730,17091291,85021118,35560.6,39218.6,37553.7,50059.8,284911.2,21.5117602065207,8.627278893178238,63.44975328662689,34.14174846883128,33068888,122518.49999999999,26.990934430310524
2025-01-01,8176327,4887135,26471726,14933199,88346309,38338.5,41678.6,41639.2,54401.6,317226.6,21.326674230864537,11.725765740691866,63.57405041403293,27.449926105114557,33877922,141168.69999999998,23.998182316618347
2025-02-01,7621390,4409714,25428080,14604591,82123937,34924.7,41638.7,31635.4,54259.2,288193.9,21.822349225619693,10.590421891173357,80.37856325508766,26.9163404547063,30060162,125735.90000000001,23.9073820603344
2025-03-01,4698959,7970897,25612202,19324450,95033089,35667.6,47981.8,29383.7,83721.9,342726.7,13.174306653657661,16.61233426007361,87.16465931792116,23.081714581250548,37426581,145971.70000000004,25.639614391008656
2025-04-01,3165159,7338521,22978167,22275671,104689500,29437.6,41868.8,25378.1,54429,276133.4,10.752095958909695,17.5274213734332,90.54329126293932,40.92610740597843,48931982,125019.9,39.139354614745336
2025-05-01,2693580,7971102,17690709,28243598,120305966,30168,46342,20493.9,56582,276402.9,8.92859984089101,17.200599887790773,86.3218274706132,49.91622424092468,63706977,122817.00000000003,51.87146486235618
2025-06-01,2442310,7230045,16261976,28233021,124781347,29687.7,44872.8,18948.7,45726,265517.9,8.226672999255584,16.112310798523826,85.82106424187411,61.743911560162715,70613995,126282.70000000001,55.91739406902132
2025-07-01,3329344,8519647,23593697,28412839,133690051,32172,45366,26411.4,46926.5,292215,10.34857640184011,18.779806462989907,89.33148943259349,60.54753497490757,69834524,141339.1,49.40920382257988
2025-08-01,3638353,7951270,21762983,23333824,118034477,29404,45146.3,25132.6,42278.7,262848.9,12.373666848047884,17.612229573630618,86.5926446129728,55.190495450427754,61348047,120887.30000000003,50.748132351371886
2025-09-01,4094494,7534841,21906922,22449492,118012468,31905.3,44578.4,23414.7,55397.5,276477.6,12.833272214961152,16.902448270911474,93.56054956928766,40.52437745385622,62026719,121181.69999999998,51.18488930259273
2025-10-01,3928032,8160487,22046821,23314342,118020259,31120.5,48524.2,23887.2,44195.7,274928.6,12.622008001156795,16.81735505170616,92.29554321979973,52.75251212222004,60570577,127200.99999999996,47.618003789278404
2025-11-01,3362464,7229128,18540469,22915594,107052028,28360.2,44515.7,20950.7,47338.8,260826.2,11.856277459256281,16.239502018389018,88.49570181425919,48.40763601950197,55004373,119660.79999999997,45.96691063405895
2025-12-01,3376109,7700171,18187200,24980856,113891914,31774.2,42360.3,21104.3,47922,282234.9,10.62531550755015,18.177800912646983,86.17769838374171,52.1281582571679,59647578,139074.10000000003,42.88906273705887
