date,jcdmvnm,jcdmvum,jcdmtm,jcdffm,jcdfkm,jcdfgm,jcdfosm,jcdrgtm,jcdrsm,jcdrsvm,jcdrbm,jcdftim,jcdojm,jcdoom,jcdebm,jcdolm,jcdotm,jcnfobm,jcnfolm,jcnfefm,jcnlffm,jcnlmfm,jcnlfim,jcnlom,jcngm,jcnofm,jcnodm,jcnrm,jcnolm,jcnopm,jcnotm,jcnmom,jctgm,jcgxfem,jcdm
1996-01-01,96.012,110.338,73.984,144.085,130.698,144.356,103.807,958.51,148.167,85.769,102.788,98.576,93.903,81.189,32.535,167.768,1538,64.684,72.246,70.109,118.862,112.068,115.317,95.962,47.245,37.938,52.596,142.02,103.357,92.016,26.817,71.605,92.76,112.862,155.633
1996-02-01,96.161,111.411,73.852,142.877,131.263,147.298,103.652,946.105,149.053,86.621,102.981,100.661,91.651,81.381,32.665,168.18,1544.117,64.906,72.709,69.978,117.505,112.369,117.598,97.006,47.283,37.547,52.683,144.052,103.453,92.24,26.868,71.771,92.863,112.896,155.464
1996-03-01,96.213,112.604,73.799,142.512,131.768,147.626,103.664,936.245,149.554,86.896,102.279,100.163,92.465,81.4,32.833,172.605,1552.059,65.199,73.077,69.964,117.636,112.776,117.669,98.264,48.556,38.54,52.764,145.371,103.354,92.12,26.986,71.593,93.263,113.097,155.61
1996-04-01,96.35,111.061,73.789,142.981,131.375,148.191,103.913,921.852,148.424,86.789,102.487,100.181,91.382,81.397,32.975,175.899,1558.807,65.491,73.079,69.102,117.414,112.537,118.395,97.059,50.727,40.472,52.902,145.645,103.637,92.131,26.936,71.545,93.525,112.846,155.047
1996-05-01,96.474,111.038,73.684,142.624,130.344,145.042,104.441,908.004,148.257,86.75,102.294,100.493,91.292,81.416,33.015,165.195,1560.7,65.456,73.234,69.783,117.137,112.608,115.549,97.451,51.156,39.893,52.843,145.157,103.4,92.773,27.247,71.693,93.435,112.615,154.374
1996-06-01,96.745,110.331,73.88,142.652,130.76,145.885,104.4,900.206,147.833,86.327,102.626,100.962,90.669,81.477,33.037,168.283,1561.717,65.876,73.432,71.085,116.051,112.081,114.468,97.537,49.476,38.331,52.994,144.282,102.9,91.585,27.206,71.696,93.155,112.318,154.21
1996-07-01,96.884,110.407,73.331,142.285,131.427,147.855,104.958,892.488,146.459,85.42,102.974,100.634,90.741,81.641,33.107,181.457,1565.038,66.138,73.672,72.682,115.644,111.872,110.911,97.042,49.271,37.954,53.199,144.415,102.92,91.933,27.271,71.937,93.205,112.308,154.198
1996-08-01,96.992,111.247,73.42,142.649,131.852,146.891,105.608,886.504,146.035,86.23,103.962,100.36,89.063,81.667,33.443,175.693,1580.922,66.391,73.773,73.412,113.202,111.703,110.621,95.607,48.805,38.185,53.232,144.073,103.341,92.373,27.271,72.07,93.09,112.065,154.147
1996-09-01,97.316,111.832,73.513,143.518,131.686,146.063,105.348,872.578,146.215,86.177,103.468,100.297,90.051,81.546,33.547,167.459,1585.821,66.535,74.034,75.096,115.147,111.239,117.179,96.639,48.74,39.19,53.285,145.094,103.189,92.447,27.345,72.046,93.292,112.313,154.076
1996-10-01,97.431,112.494,73.521,142.778,131.713,146.263,105.522,868.267,145.226,85.212,103.877,101.263,90.389,81.685,33.667,169.621,1591.525,66.885,74.127,75.854,114.714,112.057,113.992,96.284,49.535,41.989,53.613,144.444,102.971,91.854,27.466,72.261,93.53,112.283,154.033
1996-11-01,97.625,111.906,73.479,142.135,131.8,144.688,106.017,857.576,147.371,84.579,103.699,101.289,89.831,81.671,33.795,167.871,1597.576,67.01,74.028,76.27,114.985,113.099,112.436,96.176,50.335,42.658,53.362,144.844,103.189,91.912,27.59,72.606,93.633,112.209,153.575
1996-12-01,97.549,112.3,73.488,142.06,132.282,141.538,106.565,840.683,146.806,85.553,103.916,101.159,88.266,81.532,33.924,155.726,1603.659,66.987,74.297,76.842,115.689,112.615,112.826,96.003,51.544,43.365,53.404,146.603,103.109,91.644,27.366,72.661,93.667,111.975,152.811
1997-01-01,97.558,112.119,73.509,141.471,132.074,145.373,106.877,826.814,147.679,85.491,103.977,99.948,88.57,81.852,34.035,166.121,1608.877,66.874,74.364,76.179,115.968,113.426,113.167,95.902,51.874,42.992,53.516,145.002,103.574,92.003,27.647,72.779,93.714,112.052,152.749
1997-02-01,97.75,113.077,73.685,142.333,132.803,145.826,106.702,821,146.562,85.613,104.047,100.595,88.732,82.135,34.152,159.431,1614.443,67.141,74.479,76.128,116.097,111.968,111.002,96.008,51.864,42.232,53.721,144.974,103.48,91.91,27.778,73.042,93.804,112.089,152.939
1997-03-01,97.853,113.845,73.416,142.71,132.464,143.087,106.866,810.25,147.14,85.795,104.248,100.004,88.794,82.223,34.27,169.826,1620.017,66.966,74.489,76.105,116.041,111.667,113.184,96.135,50.813,40.895,53.917,145.484,102.971,92.044,27.899,73.481,93.64,112.162,152.957
1997-04-01,97.737,112.175,73.16,143.111,130.539,145.889,106.316,787.645,146.356,85.53,103.769,99.154,86.98,82.537,34.407,166.739,1626.505,67.024,74.561,75.971,117.304,113.748,116.893,96.35,49.597,40.04,53.917,145.523,103.745,92.655,28.472,73.473,93.481,112.147,151.8
1997-05-01,97.505,111.856,73.229,144.082,130.341,143.851,106.199,777.423,145.277,85.309,103.607,99.228,87.009,82.51,34.616,165.195,1636.345,67.082,74.666,76.591,118.011,113.976,117.404,96.553,47.66,39.849,54.027,144.874,103.782,92.468,28.556,73.549,93.202,112.062,151.37
1997-06-01,97.405,110.524,73.213,143.812,131.086,142.91,106.104,772.571,146.061,85.335,103.815,99.422,88.155,82.466,34.889,162.107,1649.288,67.182,74.577,76.967,117.835,113.061,116.387,95.543,47.128,39.664,54.095,144.104,103.221,92.205,28.22,73.656,92.956,111.712,151.054
1997-07-01,97.475,110.45,73.535,143.111,130.333,143.686,106.318,762.168,145.213,85.584,103.182,99.279,88.229,82.937,35.043,161.695,1656.545,67.261,74.585,77.012,116.932,113.294,114.731,95.835,47.054,39.086,54.065,143.493,104.209,91.848,28.266,73.71,92.863,111.54,150.718
1997-08-01,97.393,110.502,73.278,142.242,130.213,144.191,106.365,750.375,146.176,85.483,105.321,99.627,86.576,82.897,35.297,168.18,1668.571,67.413,74.758,77.19,114.746,113.241,111.024,96.152,49.29,38.725,53.877,143.077,103.334,91.799,28.391,73.551,92.936,111.102,150.314
1997-09-01,97.286,111.26,73.186,142.214,130.451,145.992,106.701,744.23,146.446,85.418,105.491,99.411,86.347,82.922,35.182,157.887,1663.108,67.453,74.749,77.774,115.17,113.667,110.554,96.365,50.111,38.437,53.88,142.444,103.084,91.969,28.662,73.715,93.053,111.117,150.149
1997-10-01,97.418,112.546,73.03,142.125,129.791,146.98,106.457,736.148,145.842,85.48,104.85,99.117,86.25,83.084,35.231,157.887,1665.445,67.501,74.75,76.67,114.404,113.171,110.302,96.878,49.92,38.409,53.898,142.958,102.851,92.493,29.021,73.566,93.042,111.119,150.112
1997-11-01,97.196,111.4,72.987,141.565,129.569,145.681,105.944,730.385,145.932,84.996,104.757,98.948,85.649,83.022,35.35,157.681,1671.08,67.6,74.525,77.023,115.046,113.064,110.023,95.884,48.837,38.311,53.975,142.661,102.68,93.326,28.988,73.657,92.794,110.896,149.44
1997-12-01,96.908,110.853,72.779,141.712,129.797,146.924,105.091,722.564,145.958,85.17,104.927,98.569,86.023,83.272,35.514,156.137,1678.822,67.552,74.643,77.556,114.655,113.688,110.134,96.264,48.402,38.202,54.252,142.08,101.955,92.781,28.938,74.003,92.641,110.746,149.112
1998-01-01,96.918,110.424,72.818,141.645,131.038,147.269,105.474,708.907,146.98,85.77,104.885,98.657,85.734,83.753,35.492,156.549,1677.75,67.861,74.735,74.403,114.127,113.219,108.508,96.351,46.508,36.938,54.29,143.776,102.299,93.461,29.12,74.265,92.456,110.715,148.816
1998-02-01,97.053,109.789,72.872,141.713,131.043,145.865,105.254,695.835,146.98,85.303,105.231,98.411,86.139,83.686,35.725,156.343,1655.852,67.738,74.572,72.102,113.169,112.032,107.914,94.992,44.935,36.165,54.387,143.649,103.636,93.852,29.86,74.611,92.123,110.569,148.346
1998-03-01,97.18,108.88,72.699,142.752,128.731,147.849,105.723,693.881,146.513,84.917,106.354,98.736,85.128,83.612,35.919,157.27,1632.269,67.852,74.606,70.9,112.483,112.52,107.949,94.142,43.032,36.068,54.434,142.077,103.516,93.813,28.911,74.717,91.737,110.258,148.204
1998-04-01,97.206,109.459,72.191,143.846,129.073,150.414,104.703,687.331,144.28,85.142,107.403,99.564,85.26,83.933,36.162,156.24,1640.691,67.913,74.784,69.561,112.28,111.662,108.73,94.037,41.981,35.752,54.845,142.787,104.238,93.658,29.903,74.99,91.778,110.519,148.278
1998-05-01,96.74,108.13,72.216,142.792,129.218,148.609,104.075,673.591,143.988,84.984,107.529,99.929,84.573,84.255,36.352,154.079,1613.739,68.01,74.789,70.613,113.33,111.229,109.889,95.045,42.792,35.917,55.144,141.658,104.207,93.99,30.551,74.949,91.779,110.297,147.173
1998-06-01,96.408,107.681,72.582,142.752,128.745,150.219,103.948,664.273,143.885,85.09,107.624,99.968,83.026,84.318,36.356,151.917,1607.001,68.037,74.943,70.525,113.122,111.544,108.546,95.597,43.429,35.685,55.227,141.408,102.98,93.915,30.054,74.91,91.659,109.942,146.592
1998-07-01,96.915,108.948,72.596,143.266,129.412,151.669,103.382,651.375,143.927,85.486,107.613,99.614,83.109,83.856,36.516,149.941,1605.317,68.158,74.884,67.858,113.143,111.849,108.447,95.152,43.361,35.716,55.33,141.473,103.756,93.703,30.757,75.192,91.802,110.147,146.692
1998-08-01,97.351,108.673,72.596,142.536,128.845,148.997,103.389,637.922,142.987,85.771,108.746,98.943,83.41,83.992,36.359,151.3,1585.103,68.374,74.966,67.974,115.35,112.773,110.638,95.587,42.36,35.439,55.587,140.961,104.054,93.356,30.628,75.271,91.777,110.214,146.196
1998-09-01,97.086,109.655,72.605,142.194,128.861,146.203,102.561,631.335,140.604,85.736,108.956,99.328,82.857,84.113,36.782,150.353,1585.103,68.265,75.178,65.787,112.593,112.107,109.625,95.402,42.081,34.499,55.876,139.251,104.323,93.904,31.649,75.609,91.56,109.961,145.777
1998-10-01,96.747,109.783,72.974,142.309,129.017,148.091,101.916,624.528,140.563,85.603,108.253,98.983,83.508,84.339,37.141,147.399,1549.729,68.606,75.339,66.706,112.312,112.568,112.707,94.116,42.462,34.035,55.998,138.857,103.973,93.876,31.724,75.918,91.644,109.871,145.561
1998-11-01,96.953,110.12,72.8,142.094,128.35,147.535,101.75,612.966,141.092,86.495,106.91,97.928,83.612,84.402,37.294,143.056,1544.675,68.71,75.432,65.145,112.262,112.923,113.502,94.559,41.918,33.595,56.003,139.004,103.81,93.341,31.275,75.752,91.489,109.676,145.208
1998-12-01,97.018,109.458,72.681,142.599,127.208,145.914,102.2,604.837,140.197,86.951,107.025,97.918,82.471,84.095,37.422,141.151,1521.093,68.667,75.593,59.89,111.653,111.477,112.447,94.033,40.98,32.754,56.214,137.998,103.802,93.295,36.445,75.856,91.515,109.934,144.633
1999-01-01,97.047,109.647,72.721,142.646,127.742,149.269,101.7,599.149,139.584,86.681,107.443,97.623,81.74,83.785,37.335,138.228,1524.462,68.963,75.656,64.67,110.996,111.221,113.231,93.905,40.712,32.289,56.325,138.297,104.261,93.937,38.875,75.839,91.705,110.177,144.458
1999-02-01,96.884,109.117,72.43,141.955,127.481,146.754,101.29,593.873,138.603,86.975,106.817,98.213,82.434,84.066,37.64,136.386,1510.986,68.957,76.019,64.403,109.925,111.733,110.62,92.933,39.941,31.959,56.491,138.659,104.216,93.939,38.171,75.644,91.394,109.791,143.91
1999-03-01,96.788,108.723,72.228,142.289,126.453,146.14,101.244,585.952,137.99,87.4,105.668,97.525,81.36,84.354,37.785,137.92,1475.611,68.888,75.804,64.175,109.862,111.221,108.531,93.111,41.151,32.259,56.708,138.474,103.52,94.46,36.671,75.876,91.271,109.379,143.374
1999-04-01,96.825,109.013,72.224,143.36,125.604,147.129,100.917,581.341,138.48,87.148,106.295,96.739,82.871,84.331,37.872,137.302,1467.189,69.019,76.074,62.947,110.951,112.33,110.097,93.494,46.295,33.163,57.108,138.441,104.454,94.593,38.095,75.659,92.237,109.891,143.556
1999-05-01,96.827,109.339,72.115,141.38,125.879,145.745,101.13,576.153,138.112,87.204,107.965,96.837,83.223,84.642,38.075,135.552,1438.553,69.129,76.308,63.411,111.437,112.159,110.184,92.578,45.532,33.875,57.287,138.157,104.399,94.601,37.512,75.828,92.081,109.695,143.196
1999-06-01,96.962,109.876,71.986,141.39,125.6,146.426,101.116,569.771,136.027,87.468,105.042,98.017,82.435,84.749,38.191,133.391,1418.339,69.122,76.395,64.474,111.563,112.5,110.881,92.463,45.12,34.545,57.538,138.36,104.762,95.585,37.158,76.056,92.025,109.661,142.841
1999-07-01,96.927,111.067,71.943,141.889,125.344,144.723,101.939,563.612,136.027,87.908,103.267,98.213,82.487,84.715,38.322,130.612,1413.285,69.174,76.659,63.477,110.735,111.903,113.318,93.033,47.002,35.673,57.853,136.396,105.23,95.242,38.433,76.027,92.306,109.696,142.757
1999-08-01,96.892,112.037,71.996,141.341,125.44,143.47,101.993,556.105,135.414,88.134,103.371,98.017,82.445,85.047,38.496,130.097,1386.334,69.277,76.76,66.522,111.059,110.624,113.579,92.09,49.453,36.712,58.166,135.657,105.006,95.397,37.686,76.273,92.5,109.47,142.527
1999-09-01,96.924,112.331,72.383,141.612,126.244,143.567,101.836,547.263,134.8,88.327,103.684,98.312,82.1,85.53,38.583,127.936,1379.596,69.481,76.977,67.071,111.113,111.733,114.014,91.665,51.152,38.44,58.287,133.727,105.302,95.649,40.118,76.576,92.908,109.688,142.329
1999-10-01,96.991,112.434,72.217,140.914,125.97,143.579,101.718,541.873,134.187,87.942,104.519,98.017,81.545,85.358,38.829,134.317,1369.489,69.543,76.979,67.968,111.599,111.989,113.84,91.418,51.28,39.14,58.485,134.031,104.895,95.796,39.943,76.215,92.905,109.614,142.068
1999-11-01,96.958,112.303,72.674,140.075,126.741,143.073,101.737,537.016,134.065,88.164,105.042,97.427,81.408,85.366,37.132,135.346,1342.537,69.712,77.368,68.777,111.14,111.306,113.666,91.653,50.701,39.982,58.773,132.829,104.808,95.858,39.447,76.014,92.75,109.349,141.745
1999-12-01,96.858,111.677,72.493,139.736,126.659,141.696,101.84,534.8,132.102,87.669,105.042,97.033,80.796,86.065,37.277,133.803,1340.852,69.783,77.683,67.269,111.167,112.5,115.407,91.26,53.244,41.761,58.946,133.296,104.98,95.262,39.25,76.103,93.013,109.223,141.259
2000-01-01,96.557,111.742,72.658,140.785,125.711,143.186,101.655,529.509,132.679,87.996,105.073,96.876,80.528,86.156,39.642,131.209,1341.863,69.838,77.796,67.574,110.06,112.245,116.277,91.185,54.097,44.42,59.032,132.774,104.882,95.661,39.756,76.209,93.129,109.169,141.202
2000-02-01,96.425,111.104,72.591,140.91,125.618,143.29,100.914,522.483,131.108,88.52,105.532,97.515,81.069,86.383,40.062,128.945,1341.021,70.041,77.991,68.399,109.538,111.818,116.364,91.196,55.917,57.454,58.999,133.268,104.464,95.615,40.467,76.289,93.448,109.015,140.81
2000-03-01,96.759,111.276,72.788,141.761,125.93,144.756,101.695,517.917,131.513,89.084,105.136,97.958,80.701,86.225,39.961,134.605,1327.376,70.207,78.402,68.359,109.781,111.392,115.494,91.533,61.992,50.312,59.249,134.628,104.962,96.235,40.798,76.146,94.259,109.309,141.084
2000-04-01,97.06,111.375,72.179,141.514,126.213,143.836,101.145,511.495,132.421,89.304,104.217,97.555,80.968,86.137,40.091,134.575,1322.66,70.229,78.546,70.766,109.178,110.539,114.101,91.663,58.59,48.397,59.448,135.108,106.783,96.054,42.465,76.573,93.969,109.459,140.871
2000-05-01,97.225,112.074,72.282,140.349,125.673,145.327,100.929,517.96,132.274,89.483,104.906,97.781,79.729,86.022,40.265,124.508,1311.374,70.651,78.462,69.225,108.917,111.051,114.101,91.713,57.411,48.469,59.58,135.121,106.884,95.753,41.2,76.425,93.87,109.342,140.885
2000-06-01,97.189,112.602,72.156,139.798,125.616,144.174,101.277,512.922,130.974,89.473,106.034,97.201,78.778,86.064,40.381,120.783,1300.256,70.637,78.839,69.346,108.7,110.795,114.71,91.473,62.667,49.365,59.727,134.719,106.875,96.152,40.547,76.297,94.302,109.075,140.446
2000-07-01,97.117,111.457,72.339,140.434,125.119,145.151,101.65,507.073,130.618,89.425,105.323,97.633,78.896,86.4,40.584,123.016,1292.171,71.04,79.019,69.305,108.953,110.368,114.188,90.185,62.003,50.52,59.885,134.385,108.094,96.309,41.691,76.554,94.389,109.136,140.188
2000-08-01,97.081,110.648,72.059,139.955,124.517,143.354,101.631,501.525,130.471,88.938,105.376,97.102,78.562,86.858,40.787,124.189,1249.385,71.282,79.194,67.423,109.025,110.795,112.186,89.983,58.663,50.833,60.115,134.238,108.547,96.694,40.884,76.256,93.938,108.879,139.611
2000-09-01,96.643,112.022,72.343,141.327,124.604,143.176,101.499,497.993,131.194,89.154,104.979,96.955,78.671,86.942,41.179,126.032,1251.406,71.318,79.053,67.915,109.475,110.539,111.403,91.814,62.383,56.396,60.226,133.118,108.452,96.638,42.206,76.117,94.564,109.136,139.818
2000-10-01,96.35,112.569,72.564,140.622,123.933,142.983,101.759,492.526,131.268,89.477,104.457,97.456,79.317,87.117,41.223,126.042,1237.93,71.318,79.273,68.671,110.33,108.918,112.012,90.824,61.715,57.307,60.386,133.474,108.259,96.202,40.913,76.448,94.348,108.872,139.555
2000-11-01,96.419,113.464,73.068,140.507,123.283,142.457,102.054,487.162,130.458,89.613,105.417,97.889,80.108,87.559,41.411,125.939,1220.411,71.344,79.498,69.53,109.619,109.601,111.577,91.015,61.361,57.808,60.52,133.04,109.127,96.565,42.264,76.373,94.448,109.067,139.588
2000-12-01,96.654,114.404,73.447,140.332,123.626,139.132,101.845,481.814,130.336,90.223,105.814,98.439,79.804,87.607,41.643,124.272,1192.954,71.779,79.69,71.238,109.259,109.515,111.055,91.331,60.737,58.866,60.835,132.667,108.769,97.494,40.671,76.503,94.405,108.897,139.463
2001-01-01,96.623,114.16,74.022,139.666,124.356,141.572,101.306,475.793,129.943,90.481,105.261,98.538,81.748,87.519,41.861,122.697,1188.406,71.828,79.799,72.099,109.844,109.259,111.49,91.069,60.816,57.568,61.135,132.856,109.444,97.334,41.339,76.735,94.511,109.058,139.368
2001-02-01,96.459,114.069,74.119,139.172,124.278,143.543,101.792,469.472,129.023,90.238,105.073,98.194,80.542,87.723,41.803,122.388,1199.018,72.332,79.83,72.569,110.384,108.918,112.796,91.426,60.151,55.001,61.491,133.049,108.792,97.344,41.652,76.864,94.491,108.986,138.902
2001-03-01,96.362,113.807,74.39,138.722,124.171,140.668,101.477,460.781,129.097,90.351,105.511,97.899,81.056,87.954,41.962,125.785,1195.986,72.473,79.823,75.063,110.906,107.639,113.057,91.413,58.583,52.567,61.827,132.139,107.832,97.565,41.439,77.053,94.181,108.744,138.459
2001-04-01,96.416,113.887,74.122,139.306,123.401,140.556,101.284,457.929,129.023,90.11,106.159,98.164,79.642,88.158,42.136,125.908,1176.615,72.527,79.96,75.759,109.295,107.468,113.318,90.302,59.691,52.044,62.03,132.996,108.995,97.542,42.978,77.039,94.328,108.775,138.267
2001-05-01,96.387,113.729,74.063,138.421,123.094,139.14,100.955,451.285,128.79,90.564,106.451,98.312,78.609,88.349,42.296,127.185,1176.783,72.65,80.087,75.463,107.224,108.065,113.144,90.494,64.987,51.966,62.3,132.917,108.517,96.224,42.279,76.954,94.642,108.311,137.725
2001-06-01,96.294,113.749,74.059,138.027,124.438,139.787,100.562,446.756,129.183,90.525,106.65,98.813,80.542,88.626,42.746,129.192,1164.655,72.955,80.28,77.147,107.476,107.724,112.186,90.158,63.549,52.624,62.628,132.962,109.152,96.953,42.361,77.074,94.672,108.456,137.777
2001-07-01,96.224,115.076,74.436,138.177,123.871,139.329,100.95,444.709,128.582,90.485,106.984,98.606,80.856,88.125,43.036,129.521,1143.767,73.187,80.493,76.542,106.99,107.127,112.012,91.238,57.192,51.451,62.876,132.425,109.378,97.281,44.236,77.52,94.221,108.725,137.864
2001-08-01,95.883,115.194,74.269,137.569,124.086,138.123,101.133,437.662,128.422,90.545,106.764,98.587,79.689,88.249,43.398,127.699,1124.227,73.432,80.639,76.605,105.982,106.445,111.925,90.945,55.986,51.142,63.096,132.584,109.256,96.985,42.413,77.692,93.825,108.188,137.203
2001-09-01,95.668,110.281,74.401,137.632,124.72,138.694,101.112,431.117,128.165,90.706,106.472,98.941,77.074,88.385,44.109,128.574,1123.217,73.371,80.931,75.567,105.973,106.018,112.534,90.374,60.815,52.062,63.347,132.753,109.686,97.395,44.175,77.838,94.165,107.912,135.968
2001-10-01,95.989,113.708,74.568,136.968,123.868,138.558,100.783,428.721,127.699,90.665,106.9,98.567,79.386,88.859,44.356,127.998,1122.037,73.734,81.009,71.478,105.01,106.445,112.273,90.607,54.659,49.428,63.527,133.023,109.691,97.293,42.602,77.467,93.627,107.986,136.562
2001-11-01,96.335,113.586,74.721,136.797,124.155,137.422,100.051,425.956,126.987,90.675,106.973,98.479,78.982,88.947,44.356,119.29,1104.013,73.679,81.064,68.47,104.776,106.104,112.708,89.916,48.799,47.519,63.698,132.704,110.769,97.292,44.083,77.57,93.025,108.037,136.32
2001-12-01,96.519,113.604,74.693,136.463,124.919,136.208,99.997,421.756,126.901,90.583,107.6,98.39,79.762,88.834,43.036,116.964,1094.075,73.562,80.919,66.978,104.758,105.08,111.403,89.247,46.576,44.468,64.007,132.065,110.049,97.378,42.415,77.694,92.531,107.718,136.126
2002-01-01,95.749,114.546,74.862,135.762,124.861,137.057,99.958,416.511,126.533,90.238,108.017,97.849,79.707,88.949,43.935,121.832,1083.463,73.877,81.291,68.945,104.544,105.165,110.446,87.967,47.191,43.125,64.214,132.903,109.957,97.339,42.328,77.701,92.575,107.557,135.755
2002-02-01,94.781,114.679,74.929,135.26,124.115,135.857,100.255,411.49,126.779,90.047,109.583,98.144,77.14,88.696,45.284,121.961,1079.242,74.072,81.555,69.714,105.175,104.909,110.881,89.123,46.793,42.336,64.501,132.681,109.43,97.524,43.942,77.992,92.534,107.473,134.926
2002-03-01,94.748,114.521,75.18,135.599,122.936,135.443,100.39,406.538,125.552,90.054,108.852,98.538,79.044,88.641,45.429,121.318,1070.294,74.245,81.281,68.536,104.994,105.421,111.229,90.231,50.487,43.188,64.677,132.355,109.111,97.258,42.387,77.907,92.842,107.29,134.743
2002-04-01,94.615,114.958,75.393,135.84,122.927,135.46,100.334,403.823,125.307,90.211,108.748,98.636,78.543,89.01,45.661,121.575,1038.669,74.484,81.571,64.852,105.084,104.995,110.881,90.109,54.124,44.686,64.874,132.101,110.521,97.449,45.125,78.172,93.485,107.593,134.641
2002-05-01,94.492,115.05,75.377,135.826,122.557,136.4,100.221,403.305,125.062,90.522,109.896,98.735,77.789,88.909,45.966,121.189,1024.055,73.904,81.816,61.524,104.634,103.971,110.097,90.614,54.457,45.193,65.155,130.921,109.836,97.074,43.912,78.105,93.236,107.335,134.569
2002-06-01,94.394,115.255,75.4,135.542,122.75,136.316,100.155,398.51,123.713,89.507,110.105,99.718,77.872,88.362,46.169,121.061,1016.362,73.801,81.921,61.513,104.094,103.63,110.097,89.784,54.587,45.428,65.376,129.852,109.352,97.496,45.712,78.223,93.181,107.253,134.177
2002-07-01,94.4,115.857,76.141,135.442,122.39,135.098,100.082,393.326,124.694,89.616,110.209,99.03,76.884,88.686,46.401,122.09,996.225,73.898,82.059,63.801,103.374,103.801,110.184,89.834,55.364,45.962,65.636,129.056,109.535,97.023,45.692,78.393,93.229,107.146,133.991
2002-08-01,94.304,116.153,76.321,135.058,121.998,132.313,100.033,392.819,125.062,89.823,109.374,98.636,76.721,88.285,46.488,120.546,989.462,73.859,82.241,62.404,105.084,103.971,110.184,89.543,55.921,46.48,65.717,128.166,109.089,96.84,46.768,78.114,93.319,107.198,133.748
2002-09-01,94.697,115.422,76.228,135.297,122.023,134.161,99.374,386.99,124.694,89.825,110,98.243,77.472,88.071,46.676,120.289,964.083,74.054,82.044,61.056,103.914,103.033,109.314,89.039,56.283,46.943,65.842,127.975,108.284,96.815,47.512,78.419,93.307,107.052,133.633
2002-10-01,94.829,114.811,75.908,135.192,123.08,133.399,98.53,383.853,124.449,90.483,110,98.144,77.447,88.081,46.618,120.031,961.408,73.935,82.44,60.236,103.464,102.521,109.053,89.241,58.72,48.213,66.053,127.331,108.1,96.937,46.025,78.655,93.384,106.784,133.411
2002-11-01,94.752,113.612,76.139,134.81,122.298,132.043,98.883,381.196,124.572,90.33,110.418,97.653,76.855,87.924,47.083,120.16,929.336,74.175,82.354,61.949,103.554,102.607,108.966,89.291,58.32,49.065,66.369,126.838,107.66,96.689,46.005,78.35,93.275,106.574,132.913
2002-12-01,94.57,113.134,75.837,134.206,121.662,129.315,98.479,378.965,124.572,90.078,109.27,97.259,76.6,88.543,47.054,120.546,919.783,74.169,82.522,62.568,103.193,102.095,109.14,89.199,58.145,50.194,66.516,126.398,106.866,96.181,46.211,78.768,93.092,106.281,132.379
2003-01-01,93.755,110.749,76.495,134.197,121.575,129.808,98.331,374.912,124.572,90.179,109.27,97.653,75.465,88.652,47.764,120.675,909.124,74.201,82.701,65.654,102.833,101.157,107.312,89.789,63.778,54.051,66.686,126.493,106.662,95.902,46.201,78.746,93.468,105.895,131.567
2003-02-01,93.492,109.773,76.693,134.245,120.991,130.519,98.45,370.781,124.326,89.984,109.165,97.554,75.761,88.452,47.967,120.675,897.155,74.59,82.601,65.445,102.653,100.986,106.442,89.064,69.089,61.007,66.583,126.333,105.758,96.039,46.23,78.625,93.985,105.616,131.153
2003-03-01,93.861,109.487,76.454,133.359,120.438,132.418,98.224,367.933,123.1,89.79,109.061,98.046,74.997,88.535,48.083,120.16,880.786,74.771,82.808,66.337,101.303,101.498,106.007,87.497,68.455,66.658,66.858,126.507,104.865,96.028,45.692,78.947,93.859,105.35,130.858
2003-04-01,93.553,109.021,76.366,133.796,119.095,132.174,97.862,364.762,122.61,89.846,108.957,98.243,75.252,88.436,48.141,119.645,873.824,74.799,82.775,68.066,101.122,100.815,105.833,86.962,62.233,57.68,66.896,126.173,106.469,96.535,45.761,78.65,93.081,105.229,130.489
2003-05-01,93.396,108.556,76.367,132.126,119.075,129.001,98.038,358.589,122.365,89.594,109.165,98.735,74.629,88.789,48.315,119.388,865.508,74.911,82.964,69.204,101.122,99.963,106.616,87.16,55.655,54.827,66.954,125.835,105.407,96.116,45.536,78.699,92.147,104.764,129.664
2003-06-01,93.199,107.701,76.239,131.932,119.184,126.774,97.709,353.4,123.468,89.651,108.017,98.636,75.074,89.08,48.548,119.259,842.202,75.442,83.03,71.869,101.663,99.792,106.355,88.124,56.044,53.62,66.973,125.915,105.897,96.115,45.331,78.628,92.205,104.614,129.144
2003-07-01,93.086,108.015,76.263,131.772,118.891,127.064,97.062,350.068,124.326,89.356,108.017,98.341,75.212,88.862,48.823,118.873,834.302,75.33,83.127,70.744,102.203,99.963,105.833,88.893,58.431,53.332,67.346,125.876,106.731,96.448,45.878,78.789,92.508,104.767,128.949
2003-08-01,93.375,105.032,76.443,130.794,118.535,127.498,97.047,346.248,124.326,89.364,108.33,97.358,75.493,88.517,49.099,118.873,825.05,75.812,83.243,73.81,102.203,99.536,107.138,88.115,63.705,53.335,67.567,125.818,105.933,96.068,46.142,78.483,92.945,104.474,128.375
2003-09-01,93.254,104.588,76.27,130.807,118.48,127.415,96.811,343.113,124.204,88.972,108.748,96.964,75.175,88.949,48.896,118.359,810.003,75.963,83.566,77.329,101.663,100.73,107.573,87.833,68.149,52.179,67.783,125.494,105.247,95.988,45.839,78.559,93.297,104.303,128.036
2003-10-01,92.97,102.398,76.399,130.633,117.571,129.691,96.938,342.941,124.817,87.931,108.539,96.768,74.801,89.108,49.215,115.529,799.674,76.289,83.579,79.28,102.023,100.901,106.79,88.068,63.778,51.523,67.812,124.654,104.581,96.063,45.917,78.416,92.814,104.092,127.584
2003-11-01,93.051,101.457,76.434,130.201,117.268,128.743,96.866,341.207,124.817,88.588,108.017,96.276,74.547,88.674,48.896,115.657,789.543,76.597,83.839,83.748,101.663,101.157,105.311,88.131,63.408,53.247,67.729,125.001,104.297,95.912,45.878,78.236,92.76,103.906,127.258
2003-12-01,92.967,101.558,76.347,130.002,117.109,127.598,96.595,338.327,125.307,88.658,108.748,95.883,73.63,89.47,50.071,114.757,776.64,77.038,84.189,79.198,101.122,100.986,104.179,87.647,64.941,54.559,68.074,125.234,103.933,96.03,46.005,78.26,92.967,103.803,126.999
2004-01-01,92.682,102.511,76.515,130.829,116.693,127.092,98.219,336.174,124.449,88.985,108.957,96.473,74.911,89.917,50.042,114.242,763.935,76.815,84.228,73.243,101.303,100.645,104.44,87.111,68.948,59.452,68.129,124.584,104.574,96.287,46.26,78.222,93.412,103.895,127.13
2004-02-01,92.905,102.699,76.486,131.236,116.422,128.043,98.551,333.952,123.959,89.963,108.017,96.374,75.135,89.567,50.274,113.599,764.588,76.935,84.077,74.619,101.032,100.815,104.092,87.155,70.178,58.991,68.326,125.827,104.72,96.69,46.221,78.265,93.629,104.026,127.197
2004-03-01,92.915,103.28,76.451,130.942,116.104,128.308,98.225,331.762,124.572,90.121,109.27,96.079,75.286,89.83,50.346,113.47,751.961,77.182,84.447,77.876,101.573,100.304,104.266,87.657,70.281,58.653,68.558,126.405,104.693,96.706,46.318,78.546,93.777,104.135,127.182
2004-04-01,92.931,103.718,76.451,130.566,115.643,128.613,98.713,331.274,123.468,90.357,109.479,96.374,75.997,90.239,50.636,113.213,746.699,77.28,84.993,81.293,101.933,100.048,103.396,87.905,68.433,58.288,68.856,126.733,104.402,96.739,46.289,78.575,93.692,104.212,127.217
2004-05-01,92.945,104.365,76.463,130.088,115.858,128.45,98.387,328.618,122.365,90.547,109.165,95.883,76.604,89.744,50.796,112.441,731.2,78.044,84.887,82.391,102.293,100.56,101.916,87.867,71.876,60.766,69.145,126.01,104.645,96.605,46.309,78.687,94.2,104.193,127.026
2004-06-01,93.075,103.834,76.569,130.988,115.25,128.412,98.074,325.664,122.732,91.137,109.27,95.489,76.38,89.986,50.955,111.926,718.683,78.189,85.12,83.276,102.473,101.242,102.526,87.835,74.474,62.426,69.233,125.378,104.523,96.135,46.553,78.984,94.507,104.197,126.945
2004-07-01,92.504,104.38,76.782,130.246,113.916,129.541,98.39,323.741,121.997,89.712,108.435,95.883,76.054,91.136,50.984,112.184,714.93,78.306,84.883,81.635,102.383,101.327,102.874,87.039,73.569,62.963,69.303,124.884,103.791,95.881,46.993,78.82,94.299,103.966,126.521
2004-08-01,91.971,104.171,76.819,129.037,113.949,129.889,98.201,321.485,121.997,88.87,108.122,96.178,75.09,90.438,51.216,112.441,705.359,78.307,85.129,82.099,101.753,100.048,101.916,87.862,73.302,64.872,69.399,124.326,104.159,95.469,47.101,79.123,94.081,103.617,125.863
2004-09-01,91.903,105.908,77.016,129.216,113.969,129.232,98.375,318.976,121.629,89.614,108.957,96.079,74.453,90.2,51.071,112.055,700.164,78.01,85.709,81.317,100.762,99.621,103.309,88.97,74.9,66.413,69.645,124.362,104.407,95.967,47.228,79.107,94.236,103.678,125.893
2004-10-01,92.134,107.058,77.179,131.036,114.084,129.592,98.813,316.95,121.506,88.647,109.061,96.571,74.185,90.096,51.245,112.698,697.849,78.562,85.644,83.185,102.293,98.768,102.787,88.284,80.212,71.631,69.858,124.774,104.893,96.246,47.169,79.951,95.093,103.983,126.202
2004-11-01,93.025,107.621,77.296,130.375,113.408,129.831,99.144,312.624,121.506,88.979,109.165,96.571,74.518,90.281,51.521,112.055,702.687,78.858,85.892,84.711,102.473,99.195,103.135,88.651,83.126,76.401,69.891,124.273,105.236,96.09,47.111,80.064,95.53,104.055,126.264
2004-12-01,93.518,107.61,77.256,129.915,113.361,129.453,99.421,310,120.403,89.328,108.748,97.456,76.254,91.194,51.869,111.669,691.738,78.764,86.038,81.671,100.132,99.536,103.483,89.023,81.695,74.563,69.924,123.223,105.058,95.933,47.414,79.787,95.276,103.911,126.329
2005-01-01,93.869,106.528,77.877,129.903,115.537,129.021,100.376,307.714,120.771,89.832,108.852,97.063,74.631,90.967,51.71,110.125,680.816,78.583,85.77,80.698,100.672,100.133,104.092,89.538,77.301,73.015,70.052,122.612,105.706,95.621,48.304,79.776,94.867,104.007,126.143
2005-02-01,93.877,106.979,78.017,129.376,117.295,128.998,100.58,303.367,121.874,89.674,108.122,96.866,74.508,90.825,51.898,111.412,676.888,78.363,85.887,81.466,100.132,100.048,102.787,89.703,80.929,76.389,70.233,122.214,105.626,96.181,48.519,79.833,95.146,103.937,125.965
2005-03-01,93.515,107.625,77.951,129.983,118.003,128.71,101.162,301.083,121.261,89.8,108.33,96.571,74.319,90.905,52.087,112.055,667.107,78.655,85.857,85.455,101.303,100.218,101.655,89.418,82.198,79.85,70.378,121.582,105.511,95.588,48.568,80.37,95.368,103.952,125.868
2005-04-01,93.523,108.239,77.952,129.744,117.687,130.208,101.563,299.599,121.139,90.382,107.809,96.473,73.451,91.158,52.391,111.412,658.55,79.524,86.06,87.956,100.132,99.877,103.918,89.608,83.913,81.852,70.421,120.861,105.667,95.801,48.607,80.829,95.672,103.84,125.794
2005-05-01,93.82,109.012,78.072,129.918,118.428,131.376,101.527,297.727,121.384,90.663,108.435,96.276,74.394,91.115,52.681,111.154,638.629,79.464,85.882,81.961,99.862,99.963,103.396,89.681,80.234,79.428,70.788,121.59,105.887,96.475,48.705,80.646,95.442,104.07,126.056
2005-06-01,93.693,108.838,78.214,128.941,119.06,129.49,101.591,295.096,120.967,91.128,109.364,96.374,72.874,91.655,52.899,111.154,632.183,79.32,85.92,79.762,99.592,99.195,102.787,90.169,80.616,80.234,71.052,121.967,104.911,96.414,48.685,80.525,95.304,103.833,125.591
2005-07-01,92.736,109.029,78.587,128.894,118.47,129.089,101.622,292.422,120.955,92.116,108.957,96.276,73.078,91.492,53.175,110.897,625.584,79.49,85.987,77.23,99.321,98.342,101.394,90.303,87.984,84.331,71.288,121.556,105.026,96.942,49.233,80.487,95.938,103.677,125.16
2005-08-01,92.005,108.513,78.863,128.592,118.429,127.599,101.575,289.414,121.506,92.22,108.644,95.391,75.081,90.784,52.797,110.125,624.333,79.428,86.195,77.794,99.412,98.683,100.785,90.797,96.754,87.515,71.494,121.469,104.727,96.961,49.536,80.373,96.673,103.556,124.73
2005-09-01,92.536,108.18,79.076,128.009,119.1,126.28,101.258,288.106,122.561,91.92,108.32,96.079,75.901,91.963,53.972,109.096,617.242,79.628,86.433,79.43,98.691,97.66,100.002,91.64,116.099,99.229,71.695,121.413,104.999,96.704,49.888,80.285,98.562,103.576,124.826
2005-10-01,92.851,109.108,79.134,127.754,118.593,127.137,101.986,284.981,121.703,92.658,108.445,95.293,74.483,92.877,54.088,109.353,609.298,79.734,86.38,79.608,98.871,98.001,99.131,91.21,109.724,100.629,72.019,122,105.252,96.779,49.82,80.326,98.05,103.624,124.719
2005-11-01,92.915,109.693,79.416,128.754,117.769,125.283,101.903,282.797,120.109,91.91,108.758,95.489,74.377,93.355,54.277,110.511,601.328,80.069,86.523,80.658,99.862,98.171,98.783,89.925,94.529,95.428,72.562,121.977,105.255,96.733,49.996,80.181,96.785,103.715,124.62
2005-12-01,92.704,110.332,79.725,129.613,119.087,124.431,101.393,279.911,119.863,91.608,107.423,95.588,74.479,92.907,54.407,111.283,592.794,80.186,86.342,85.595,99.051,97.83,100.611,89.387,93.036,93.787,72.764,121.961,105.11,97.028,50.182,81.04,96.632,103.672,124.506
2006-01-01,92.938,110.17,79.886,129.076,119.655,125.467,101.43,276.775,120.231,91.892,107.391,95.293,74.981,92.906,54.857,111.026,589.813,80.458,86.705,83.244,98.54,97.83,99.915,91.022,98.85,94.787,72.965,121.56,105.423,97.206,50.374,81.278,97.25,103.704,124.402
2006-02-01,92.982,109.843,80.076,128.297,119.763,125.304,102.344,274.978,120.194,92.082,108.383,95.784,73.991,93.228,55.176,111.026,577.966,80.242,87.054,80.793,97.409,96.807,101.22,90.609,97.565,95.333,73.156,121.274,105.947,97.08,50.453,80.915,96.965,103.49,124.121
2006-03-01,92.887,109.522,80.579,127.843,119.962,124.461,102.409,272.98,120.011,92.285,107.496,96.178,73.204,93.383,55.379,110.511,566.585,80.392,87.141,80.598,99.286,97.489,101.481,91.161,96.677,95.449,73.511,121.326,106.035,96.865,50.758,81.512,97.01,103.624,123.75
2006-04-01,92.777,109.186,80.971,128.07,120.188,124.568,102.593,269.352,121.629,93.177,107.569,95.784,74.754,93.516,55.582,110.511,557.839,80.217,87.172,79.009,99.934,97.83,101.046,91.086,103.826,98.754,73.715,121.181,106.326,96.789,50.667,81.693,97.689,103.73,123.763
2006-05-01,92.663,108.642,81.621,128.401,120.144,124.513,102.392,266.186,121.273,93.017,108.007,95.883,76.175,93.704,55.988,110.511,538.656,80.227,87.418,77.523,100.136,97.148,102.264,91.422,105.485,100.541,74.052,121.372,106.441,96.624,50.613,81.525,97.859,103.732,123.615
2006-06-01,92.624,108.027,81.75,128.479,119.95,123.193,102.407,262.59,120.293,92.834,107.485,96.276,76.351,93.608,56.366,110.897,530.042,80.505,87.587,79.713,100.796,97.233,101.481,90.932,105.888,100.216,74.148,121.877,106.299,96.96,50.999,81.674,97.906,103.65,123.165
2006-07-01,92.748,107.521,82.258,128.321,120.962,123.774,102.439,260.871,120.501,94.542,107.548,96.276,76.211,93.726,56.438,110.382,524.751,80.688,87.45,78.787,98.963,97.148,103.048,90.007,113.619,101.401,74.366,121.135,106.141,96.827,51.006,81.31,98.518,103.482,123.175
2006-08-01,92.658,107.395,82.472,128.544,120.918,123.64,102.519,259.098,119.802,95.07,107.997,96.866,77.432,93.971,56.656,111.412,511.283,80.918,87.39,82.094,100.202,97.233,102.526,90.103,116.953,102.98,74.582,120.658,106.301,96.807,50.962,81.478,98.946,103.596,123.169
2006-09-01,92.604,107.264,82.66,127.544,121.77,122.465,103.036,256.287,117.191,93.976,106.89,96.276,77.34,93.895,56.946,111.798,502.449,81.188,87.356,83.723,100.781,97.916,100.959,90.343,102.842,98.815,74.779,120.934,107.008,97.707,50.938,81.727,97.697,103.519,122.549
2006-10-01,92.404,107.106,82.802,128.114,123.512,122.752,102.331,253.082,117.546,94.73,108.09,96.374,77.151,94.076,57.526,111.798,503.606,81.426,87.6,80.139,100.208,97.404,101.655,90.47,91.815,94.355,74.755,120.776,106.556,97.814,50.962,81.838,96.699,103.416,122.484
2006-11-01,91.869,106.969,83.109,127.974,123.361,122.383,102.708,250.142,118.478,94.881,108.174,96.079,77.758,94.398,57.845,111.412,497.731,81.397,87.589,78.86,99.649,96.892,100.785,90.183,90.899,93.719,74.418,120.898,105.701,97.54,50.796,81.989,96.405,103.098,122.192
2006-12-01,91.724,106.688,83.144,127.741,122.684,121.273,103.094,248.67,118.686,93.187,108.09,95.391,78.122,94.512,58.048,111.798,494.921,81.241,87.268,81.089,100.082,97.148,100.089,90.617,98.249,96.512,74.135,120.379,105.549,99.203,51.568,81.875,96.985,103.049,121.861
2007-01-01,91.73,106.665,83.345,127.309,122.81,121.313,102.74,245.509,118.422,93.384,107.955,93.584,79.335,94.836,58.664,111.799,487.827,81.837,87.888,84.203,100.889,96.118,99.227,90.093,95.602,93.377,74.689,120.559,105.896,98.369,53.152,82.094,96.963,103.159,121.655
2007-02-01,91.5,106.696,83.474,127.719,123.827,121.139,103.186,244.003,117.985,92.942,108.436,93.906,80.72,94.7,58.965,111.718,482.039,82.53,88.286,85.533,101.431,95.569,99.984,90.1,96.99,95.606,74.358,121.039,105.714,98.665,53.682,82.155,97.288,103.187,121.647
2007-03-01,91.685,106.781,83.827,127.391,124.312,120.887,103.46,241.029,119.147,93.152,108.418,93.44,78.672,94.707,59.877,111.194,475.378,83.034,88.847,90.028,101.196,95.491,100.916,89.852,103.498,98.006,74.066,120.754,106.026,98.919,53.792,82.01,97.87,102.992,121.325
2007-04-01,91.75,106.694,83.877,126.55,126.038,121.613,102.959,238.499,119.731,92.97,107.995,93.83,78.114,94.672,60.159,111.31,469.123,83.25,88.881,90.196,100.888,95.601,98.702,89.188,106.495,99.662,74.398,120.468,105.471,98.943,53.562,82.374,98.084,102.831,121.035
2007-05-01,91.621,106.671,84.086,126.448,125.18,122.148,102.715,237.036,119.952,92.553,108.639,93.811,78.726,94.946,60.414,111.852,461.985,83.613,89.244,87.054,100.581,95.289,98.455,89.275,111.496,100.158,74.591,120.171,104.967,98.962,53.761,82.5,98.565,102.769,120.922
2007-06-01,91.471,106.624,84.16,126.734,124.899,122.748,103.172,235.273,118.426,92.62,108.972,93.5,81.08,95.149,60.672,112.636,449.533,84.048,89.758,87.094,98.788,95.437,98.505,89.203,111.813,100.354,74.589,120.092,105.048,99.044,54.017,82.397,98.645,102.673,120.929
2007-07-01,91.531,106.634,84.524,125.978,125.164,122.903,102.935,232.331,118.477,92.779,109.067,93.75,79.979,95.379,61.125,112.708,443.423,84.307,89.625,86.74,98.118,96.226,97.911,89.728,112.358,102.505,75.143,119.954,104.544,98.826,54.18,82.801,98.705,102.588,120.543
2007-08-01,91.695,106.58,84.62,125.535,125.52,121.394,102.155,228.452,117.361,92.701,108.879,94.082,79.293,95.549,61.899,112.01,439.985,84.636,89.934,89.063,97.669,95.482,97.772,89.755,109.74,102.543,75.452,120.166,104.02,98.404,54.301,83.028,98.402,102.329,119.998
2007-09-01,91.629,106.752,85.037,124.7,125.626,120.672,102.268,228.111,116.542,92.56,107.482,93.689,80.172,95.601,61.972,111.983,437.384,84.972,89.815,89.064,97.414,95.951,98.657,89.461,113.447,105.302,75.583,120.115,104.661,98.402,54.733,83.219,98.822,102.352,119.846
2007-10-01,91.328,106.87,85.678,124.102,126.021,122.164,102.398,227.386,116.451,92.602,109.441,92.809,80.924,95.545,62.263,112.572,431.862,85.32,90.085,92.093,97.73,96.148,99.721,89.6,114.202,108.748,75.852,120.748,104.628,98.837,54.83,83.12,99.101,102.504,119.849
2007-11-01,91.581,106.855,85.925,124.103,125.597,122.42,102.379,224.486,116.086,93.349,109.824,92.94,81.242,95.595,62.617,112.145,422.923,85.727,90.12,88.199,97.729,96.441,100.194,90.126,124.219,122.093,76.207,120.089,104.787,98.946,54.961,83.208,100.141,102.528,119.688
2007-12-01,91.602,106.269,86.336,123.415,125.798,121.691,102.022,222.834,116.516,92.846,108.858,93.442,81.099,95.885,63.093,112.267,414.911,85.816,90.142,87.819,99.21,96.361,99.593,89.803,125.645,125.319,76.449,120.289,105.363,98.776,55.423,83.047,100.33,102.563,119.337
2008-01-01,91.45,105.154,86.676,124.02,125.453,124.457,101.534,221.974,117.886,93.419,109.075,93.51,82.006,95.799,63.269,111.874,407.453,86.459,90.723,86.129,98.914,96.468,100.401,89.995,126.569,128.14,76.659,120.329,105.455,98.759,56.009,83.212,100.674,102.691,119.423
2008-02-01,91.116,103.744,87.168,124.074,124.524,124.475,101.78,220.524,117.531,93.19,110.098,94.025,83.482,96.375,63.504,112.468,408.825,86.901,91.147,84.773,97.032,97.006,100.444,90.331,128.336,129.023,76.606,121.121,105.649,98.393,56.258,83.465,100.859,102.561,119.236
2008-03-01,90.874,103.936,87.675,124.784,124.312,123.886,101.978,218.436,117.866,92.877,109.93,94.548,84.217,96.523,63.702,113.417,412.221,87.043,91.131,84.241,95.958,96.838,99.74,90.47,129.813,141.11,76.882,121.947,105.872,98.866,56.225,83.632,101.121,102.595,119.207
2008-04-01,90.667,102.844,87.523,123.456,124.662,122.826,102.336,215.859,118.596,93.163,109.972,95.042,84.939,96.773,64.264,114.341,406.632,88.269,91.722,84.968,96.075,96.957,99.575,91.019,128.648,146.776,76.767,121.892,106.472,99.575,56.368,83.929,101.283,102.478,118.722
2008-05-01,90.599,101.84,87.893,122.998,125.167,123.435,101.857,214.197,118.393,93.632,109.662,95.231,85.199,96.493,64.547,113.985,406.372,88.611,91.754,88.477,95.906,97.121,99.509,91.043,134.68,157.337,76.386,122.148,107.426,99.137,56.84,83.421,101.844,102.336,118.439
2008-06-01,90.601,100.618,88.429,123.11,126.527,123.356,100.489,212.573,121.023,93.465,111.303,94.308,85.706,96.302,64.828,113.394,400.143,89.278,91.732,89.643,95.761,96.464,98.578,91.14,149.259,169.994,76.59,122.218,107.36,99.048,57.693,83.661,103.299,102.36,118.371
2008-07-01,90.745,99.68,89.026,123.626,126.852,122.743,101.308,211.146,121.815,94.141,110.265,94.663,86.487,96.337,64.916,114.11,401.298,90.404,92.099,90.642,96.672,96.019,98.153,91.661,154.776,172.419,76.516,122.376,107.178,99.213,58.366,83.977,104.112,102.483,118.412
2008-08-01,90.196,99.018,89.763,123.899,127.523,122.595,101.534,209.87,121.363,93.599,110.478,94.958,86.77,95.781,66.428,113.806,397.329,90.929,92.32,91.207,98.391,96.255,96.915,90.991,148.039,157.87,76.619,123.316,106.98,99.448,58.422,84.923,103.647,102.558,118.154
2008-09-01,89.598,98.199,90.269,124.311,127.26,123.795,101.957,207.844,122.073,93.91,110.87,94.889,86.603,94.919,66.623,113.929,388.593,91.515,92.849,90.745,98.15,96.093,98.331,90.9,148.925,148.692,76.793,124.198,107.997,99.562,58.444,85.104,103.806,102.51,117.826
2008-10-01,89.199,96.947,90.752,124.07,127.822,123.995,102.43,206.439,123.613,94.865,111.777,95.132,86.777,95.465,66.919,115.639,384.225,91.894,93.275,88.193,96.402,96.164,98.625,91.004,129.85,133.516,76.957,124.186,108.515,99.664,58.655,85.578,102.146,102.399,117.719
2008-11-01,88.937,96.159,91.606,123.745,128.548,122.407,101.771,204.206,124.111,95.157,111.72,95.359,86.257,95.845,67.086,114.813,376.972,92.071,93.636,83.322,96.435,96.119,98.927,91.378,90.973,115.02,77.388,123.682,108.111,100.351,58.663,85.766,98.613,102.289,117.29
2008-12-01,88.539,95.938,91.682,122.934,128.099,122.568,102.436,202.494,123.944,94.311,110.939,95.076,86.43,96.241,67.444,113.745,375.327,91.956,94.116,80.572,95.452,95.443,98.598,91.147,73.896,101.86,77.724,123.179,108.672,100.541,58.939,85.609,96.891,102.071,116.852
2009-01-01,88.986,95.479,91.823,123.065,128.631,124.121,101.902,200.598,124.63,93.63,111.565,95.21,86.117,96.725,67.687,113.368,367.753,91.856,94.297,80.794,94.717,96.519,98.885,90.835,76.418,96.958,77.789,123.86,109.04,101.212,59.404,85.464,97.092,102.138,116.767
2009-02-01,89.554,94.118,92.182,123.339,129.573,125.413,102.211,198.607,125.819,93.7,111.877,95.154,86.445,97.099,68.015,113.918,365.716,91.541,94.247,75.483,96.594,98.843,98.758,91.751,81.995,94.826,78.095,123.775,109.351,101.05,59.81,86.681,97.732,102.52,116.772
2009-03-01,90,92.217,92.548,124.065,129.291,125.902,102.325,196.147,124.353,94.194,111.954,95.132,86.856,96.528,68.418,114.173,361.891,91.227,94.397,76.122,96.78,99.33,99.498,92.233,78.37,89.97,78.278,123.552,109.28,101.303,66.414,86.819,97.573,102.933,116.432
2009-04-01,90.371,92.549,92.722,124.287,129.295,123.707,103.311,195.588,123.393,94.771,111.229,95.199,87.021,96.935,68.741,115.096,359.056,90.816,94.204,79.537,97.171,97.696,100.581,92.466,79.026,90.946,78.607,123.789,108.992,102.133,72.611,87.272,97.886,103.469,116.481
2009-05-01,90.806,92.919,92.627,123.94,129.299,123.038,104.302,193.846,122.699,94.83,110.7,96.07,86.891,97.503,68.916,114.198,355.399,90.397,94.554,76.156,96.994,97.727,99.471,92.576,82.776,90.343,79.005,123.244,109.932,101.634,72.403,87.453,98.113,103.443,116.319
2009-06-01,91.286,93.779,92.734,123.689,128.767,123.862,104.422,191.949,122.845,95.235,110.522,95.702,86.631,97.069,69.765,114.03,349.132,90.442,94.868,76.524,97.907,96.802,100.747,92.605,99.067,94.77,79.184,123.096,110.013,101.086,72.987,88.036,99.642,103.517,116.256
2009-07-01,91.083,94.21,92.433,123.028,127.982,122.824,103.739,188.67,122.074,94.726,111.558,95.041,86.985,96.84,70.324,113.887,341.463,89.98,95.016,75.027,97.829,95.799,99.608,93.01,98.507,94.311,79.219,123.526,109.619,101.293,74.613,88.148,99.387,103.361,115.67
2009-08-01,90.83,95.708,92.41,121.463,126.523,121.892,101.168,186.618,122.672,94.572,112.033,95.945,86.212,96.881,70.839,113.653,337.203,89.947,95.359,74.448,97.888,96.478,100.196,93.44,103.986,98.477,79.598,122.724,109.634,101.16,74.684,88.073,99.818,103.249,115.202
2009-09-01,91.709,97.282,92.365,121.718,125.366,124.251,100.929,183.179,124.058,94.873,112.12,96.084,87.204,97.342,71.112,114.367,340.104,89.68,95.129,74.787,98.652,96.247,100.513,93.617,105.191,98.23,80.111,122.607,109.906,101.11,75.413,88.273,100.076,103.599,115.508
2009-10-01,92.63,99.932,92.465,121.092,124.518,123.769,100.999,182.152,123.852,95.536,111.821,96.438,87.639,97.653,71.357,114.16,351.383,89.757,95.348,78.82,98.106,95.976,99.861,93.825,106.287,100.509,80.359,122.064,109.408,100.952,75.674,88.799,100.306,103.745,115.895
2009-11-01,93.485,101.37,92.84,120.264,124.931,122.683,100.562,181.745,121.548,95.257,112.078,96.592,88.236,97.506,71.839,113.57,346.198,89.731,95.867,84.809,97.078,95.714,99.136,94.177,110.784,107.511,80.47,121.053,109.207,100.478,76.435,88.675,100.716,103.678,115.964
2009-12-01,93.42,102.961,93.196,120.428,124.515,121.359,100.133,179.757,121.248,94.927,111.141,96.051,87.778,96.855,72.092,114.337,334.264,89.968,95.426,86.173,97.992,95.673,98.205,94.456,110.124,107.752,80.551,120.574,108.861,100.922,76.656,88.649,100.671,103.637,115.703
2010-01-01,93.086,104.459,93.622,120.147,124.039,121.804,100.014,178.704,120.36,95.319,110.81,97.182,87.024,97.014,72.27,114.328,328.701,90.164,95.015,85.491,97.244,95.495,99.594,94.421,112.413,114.282,80.777,120.5,109.514,100.651,76.743,88.815,100.904,103.579,115.555
2010-02-01,93.019,104.91,93.693,119.074,123.86,120.856,99.87,177.347,120.305,95.406,110.202,96.808,86.316,97.008,72.795,114.305,322.537,90.284,94.901,84.713,97.86,95.566,99.89,94.411,109.743,111.855,81.104,120.206,109.431,101.016,76.787,89.048,100.638,103.516,115.146
2010-03-01,92.937,104.612,93.528,118.548,123.36,121.638,100.038,176.366,120.729,95.251,110.7,96.128,87.788,96.649,72.796,113.742,317.369,90.574,94.848,87.791,97.792,95.667,100.069,93.976,108.52,112.362,81.457,119.867,109.339,101.214,77.207,88.894,100.588,103.495,114.98
2010-04-01,92.767,104.107,93.71,117.479,122.502,123.133,99.96,174.861,119.982,94.644,111.581,96.479,88.286,96.338,72.979,112.389,315.686,90.68,94.937,86.292,96.775,95.214,99.909,94.106,108.407,114.646,81.668,119.677,108.441,100.729,77.591,88.493,100.415,103.179,114.54
2010-05-01,92.631,103.805,93.994,117.501,122.281,122.096,99.685,172.532,120.543,94.165,109.908,96.208,89.594,96.287,73.321,111.407,316.166,90.692,95.04,86.002,96.671,95.293,99.978,93.61,106.337,112.99,82.011,118.982,107.77,99.84,78.581,88.121,100.127,103.015,114.227
2010-06-01,92.605,105.085,94.238,116.52,121.474,120.036,99.902,169.859,120.266,95.16,110.275,95.941,88.843,95.99,73.849,112.958,315.552,90.585,95.104,83.842,96.303,96.017,99.857,93.751,104.159,109.764,82.136,118.313,108.339,99.399,79.066,88.624,99.813,102.886,113.84
2010-07-01,92.744,104.033,94.569,116.026,121.814,119.107,99.235,167.953,120.221,95.159,110.323,95.66,87.427,95.984,73.729,112.705,315.512,90.556,95.61,85.661,96.451,95.318,100.793,93.526,106.847,108.173,82.04,117.964,107.918,100.209,79.709,88.485,99.9,102.665,113.337
2010-08-01,92.976,104.192,94.819,115.399,122.432,119.07,98.619,167.803,119.775,94.767,110.454,95.403,89.419,95.992,72.905,113.468,311.591,90.623,95.516,87.839,95.369,95.59,99.542,93.453,108.467,109.113,82.295,118.39,107.804,100.317,80.162,88.417,100.09,102.719,113.422
2010-09-01,93.221,104.624,94.643,114.483,121.615,121.413,98.523,167.114,118.712,95.171,110.329,96.09,89.535,96.678,73.282,112.373,305.431,90.88,95.603,89.659,95.788,95.543,98.621,93.83,109.897,110.143,82.563,118.102,107.722,100.215,80.211,88.066,100.286,102.729,113.305
2010-10-01,93.321,104.547,94.805,114.727,120.378,121.139,98.893,166.156,118.42,95.025,110.159,95.24,88.801,96.678,73.636,111.623,309.833,90.916,95.681,90.127,95.335,95.406,97.951,94.255,116.271,114.886,82.727,118.03,107.636,99.442,80.239,87.959,100.798,102.619,113.132
2010-11-01,93.48,105.317,95.028,114.503,119.05,116.603,98.839,164.638,118.901,95.439,110.348,94.568,90.967,96.97,73.856,112.324,309.101,91.146,95.42,93.337,95.624,94.962,98.269,93.453,119.262,119.245,82.978,118.143,107.785,99.624,80.379,87.808,101.146,102.662,113.094
2010-12-01,93.618,105.793,95.195,114.067,119.055,117.256,98.938,161.718,117.062,95.153,109.685,94.852,91.959,96.99,74.601,112.209,308.81,91.268,95.467,94.473,95.845,95.128,97.794,93.283,125.877,124.432,83.169,117.585,106.818,99.877,80.796,88.376,101.689,102.55,112.774
2011-01-01,93.814,106.619,96.067,114.447,118.359,119.812,99.301,160.907,115.593,95.926,109.894,95.083,92.849,97.163,75.258,111.524,307.695,91.99,95.454,97.043,96.376,95.505,96.836,93.982,128.022,131.658,83.317,117.585,107.334,100.088,80.743,88.321,102.218,102.77,112.994
2011-02-01,94.313,106.432,96.417,114.648,117.686,119.25,99.66,160.313,116.044,96.291,110.847,94.245,93.643,97.218,75.347,111.094,308.598,92.633,95.688,102.479,96.481,95.407,96.565,94.064,130.082,138.393,83.595,117.616,107.466,100.196,81.139,88.293,102.681,102.923,113.135
2011-03-01,94.741,105.963,96.228,114.272,117.139,118.16,99.985,159.176,115.825,96.154,109.189,94.332,94.075,97.168,75.776,111.302,306.869,93.571,95.615,104.224,96.078,95.366,96.579,94.216,136.967,146.245,83.99,117.327,107.651,99.838,81.511,88.198,103.469,102.874,112.914
2011-04-01,95.042,106.912,96.647,114.396,118.729,118.437,99.994,158.192,115.231,96.334,108.416,94.407,96.1,97.219,76.041,111.327,305.955,93.915,95.925,105.231,96.416,95.405,96.563,93.614,143.798,150.837,84.505,117.576,107.819,100.108,81.419,88.593,104.318,103.142,113.18
2011-05-01,95.74,107.476,97.682,114.746,119.08,119.458,100.527,156.336,114.515,96.875,107.834,93.796,96.528,96.557,76.299,111.678,304.081,94.441,95.754,103.046,97.34,96.444,97.257,94.428,145.928,150.373,84.834,117.828,108.031,98.937,81.276,88.836,104.745,103.362,113.29
2011-06-01,96.147,108.655,98.372,115.215,119.246,119.433,100.664,154.972,114.184,97.725,107.267,93.442,96.344,97.175,76.658,111.14,300.937,94.657,95.85,103.75,97.923,97.336,97.243,94.524,141.324,147.615,84.748,117.864,107.917,99.257,81.351,88.718,104.496,103.503,113.426
2011-07-01,96.258,108.835,98.262,114.66,120.376,119.528,100.898,154.493,113.779,97.935,107.537,92.738,96.801,96.899,76.878,111.078,298.98,95.123,95.579,105.224,98.682,98.503,98.886,94.288,141.643,145.493,84.943,117.695,107.928,98.895,81.052,88.451,104.649,103.569,113.373
2011-08-01,96.258,109.429,98.432,114.483,122.413,118.985,101.699,152.828,113.527,97.566,105.997,92.89,97.579,96.524,76.993,111.349,295.193,95.756,95.617,105.932,99.688,99.011,100.519,94.671,142.298,144.841,84.999,117.932,107.927,98.516,81.582,89.096,104.909,103.673,113.24
2011-09-01,96.186,109.137,98.694,113.46,122.23,117.894,101.554,151.407,112.842,97.631,106.329,93.982,95.757,97.281,77.646,111.211,293.482,96.36,95.66,103.112,99.25,99.283,100.58,94.813,143.62,143.848,85.243,117.428,109.045,99.213,82.106,89.153,105.076,103.567,112.741
2011-10-01,96.328,109.318,98.532,113.71,122.834,116.992,101.349,149.96,112.28,97.76,106.644,93.76,98.056,97.935,77.965,110.771,290.404,96.455,95.871,102.488,99.564,99.965,100.957,94.332,142.163,143.146,85.505,116.79,109.52,99.457,82.308,89.245,105.049,103.671,112.773
2011-11-01,96.351,109.706,98.93,113.95,122.071,114.664,101.209,149.742,111.832,97.756,106.687,93.639,97.95,97.558,78.344,111.064,284.902,96.386,95.755,104.601,100.793,100.852,101.529,94.443,143.473,146.537,85.764,116.683,109.399,100.014,82.598,89.798,105.264,103.837,112.656
2011-12-01,96.389,109.423,99.484,113.951,122.393,113.891,101.149,149.13,111.736,98.162,106.943,93.691,98.143,97.235,78.461,111.066,279.778,96.617,95.715,105.271,100.85,100.688,102.371,94.689,140.016,145.022,86.04,116.96,109.047,99.535,82.675,90.02,105.024,103.837,112.558
2012-01-01,96.713,108.788,99.698,113.874,124.09,115.405,101.474,148.088,112.571,98.031,106.473,93.748,99.127,97.504,78.9,111.458,278.529,96.968,96.427,103.284,101.228,101.118,104.01,94.724,142.413,146.71,86.284,116.657,109.068,99.789,82.897,90.789,105.449,104.022,112.684
2012-02-01,97.012,106.905,99.83,114.197,125.784,115.167,102.162,146.675,112.645,98.701,106.246,93.498,98.758,97.858,79.355,111.298,277.345,96.885,96.433,103.506,101.144,100.285,103.884,94.844,147.11,150.235,86.558,117.034,109.317,99.484,82.911,90.331,105.798,103.978,112.548
2012-03-01,97.076,108.08,99.947,113.693,125.762,113.748,101.966,145.016,112.339,98.372,106.614,93.265,98.892,97.66,79.809,110.904,274.182,97.118,96.412,105.575,101.525,101.639,103.908,95.424,148.363,153.763,86.94,116.687,109.648,100.779,82.889,90.804,106.046,104.102,112.29
2012-04-01,97.035,108.305,99.834,113.657,125.826,114.245,102.084,143.308,113.906,97.91,106.61,93.454,97.176,98.025,80.155,110.569,268.558,97.192,96.358,104.056,102.388,102.085,103.22,96.251,148.415,152.029,86.994,115.896,109.132,101.056,83.213,90.856,106.021,104.046,112.001
2012-05-01,97.052,108.735,100.18,113.76,125.853,112.982,102.162,142.931,113.116,97.781,106.48,93.506,96.44,99.284,80.738,110.25,265.462,97.083,96.451,103.209,102.909,101.766,104.063,96.531,141.422,147.898,87.178,115.922,108.186,100.029,83.269,91.337,105.393,104.008,111.94
2012-06-01,97.169,107.831,100.164,113.59,125.836,113.102,102.013,141.254,112.594,98.7,105.449,94.013,96.66,98.9,81.17,110.565,259.094,97.248,96.66,104.384,102.062,100.949,104.557,97.391,135.918,136.955,87.415,116.272,108.317,100.287,83.342,91.909,104.858,103.888,111.596
2012-07-01,97.199,107.983,100.719,114.265,126.158,113.626,102.158,140.458,112.32,99.118,105.889,93.98,94.157,98.352,81.782,110.397,254.189,97.265,96.638,106.02,101.47,102.467,104.323,96.843,134.139,136.222,87.879,115.822,108.033,100.618,83.618,91.839,104.714,103.881,111.429
2012-08-01,97.359,107.396,100.623,113.969,125.402,112.686,101.907,138.826,112.493,98.547,105.669,94.353,96.339,98.055,82.818,111.389,250.157,97.343,96.379,109.095,99.392,102.961,104.399,97.09,144.381,141.947,88.052,115.21,107.669,100.935,83.596,92.146,105.43,103.667,111.212
2012-09-01,97.436,107.073,100.68,113.648,124.014,111.608,101.688,137.575,112.728,99.075,105.446,94.532,97.606,97.885,83.302,110.446,246.333,97.279,96.512,110.555,101.424,102.317,104.509,97.249,152.028,147.203,88.088,114.925,108.213,101.069,83.746,92.101,106.086,103.714,110.967
2012-10-01,97.525,107.511,100.835,113.288,125.158,112.043,101.936,136.589,112.415,99.186,104.335,94.97,97.391,98.131,83.294,110.372,244.145,97.603,96.292,112.04,102.838,102.023,105.687,97.91,154.449,148.604,88.155,115.144,108.146,100.755,83.825,92.217,106.405,103.808,110.867
2012-11-01,97.828,107.353,100.751,113.196,126.943,112.194,102.043,136.231,112.339,99.57,104.568,95.018,96.475,98.235,83.765,110.482,238.47,97.76,96.41,114.603,102.347,102.83,103.684,98.442,146.781,148.298,87.809,115.443,108.176,100.561,84.066,92.744,105.814,103.78,110.849
2012-12-01,98.028,108.394,100.931,112.507,126.314,112.154,101.996,135.451,112.052,99.492,104.711,94.395,96.71,98.209,83.894,110.435,235.418,97.964,96.692,113.509,102.116,103.002,103.451,98.912,142.772,148.253,87.531,114.467,107.496,99.786,84.247,93.179,105.43,103.594,110.753
2013-01-01,98.266,108.695,100.566,112.338,125.544,114.616,101.96,134.838,111.287,99.618,104.904,94.894,96.556,98.442,84.533,110.516,235.834,98.099,96.783,116.129,102.917,103.81,103.597,99.308,142.912,147.055,87.555,114.322,107.622,99.392,84.54,94.586,105.544,103.707,110.738
2013-02-01,97.946,108.746,100.433,112.722,124.596,114.635,102.628,134.47,111.062,98.963,105.394,94.913,96.941,98.675,84.862,110.142,236.31,98.121,97.126,113.623,103.196,103.058,104.264,99.569,152.927,148.339,87.155,114.274,107.166,99.515,84.657,94.341,106.264,103.572,110.647
2013-03-01,97.99,108.124,100.885,111.91,124.376,113.38,102.545,133.101,110.387,98.952,106.328,95.588,96.924,98.726,85.378,109.78,232.918,98.185,97.403,112.589,101.784,102.801,101.98,98.942,144.429,145.536,87.448,114.52,106.708,100.702,84.659,94.455,105.459,103.348,110.248
2013-04-01,98.143,107.911,100.441,111.443,123.953,113.74,103.224,131.169,109.256,99.627,106.357,95.677,97.176,99.037,85.718,110.354,228.819,98.292,97.515,110.622,100.921,103.974,101.176,99.245,137.68,140.802,87.61,114.831,106.765,100.249,85.368,94.699,104.862,103.251,109.912
2013-05-01,98.151,107.852,100.488,111.336,123.461,113.384,103.22,130.591,110.323,99.271,105.815,96.391,97.531,98.691,86.149,109.854,225.306,97.995,97.566,113.513,100.661,103.986,101.954,99.397,136.656,138,87.265,114.532,107.554,99.686,85.54,94.802,104.625,103.133,109.788
2013-06-01,98.454,108.05,100.284,111.253,123.462,112.854,103.036,129.874,110.013,99.455,105.788,97.437,98.146,98.687,86.479,109.505,221.731,98.214,97.81,112.955,100.39,103.953,101.707,100.177,138.843,140.73,87.549,113.58,107.86,100.194,85.276,94.943,104.873,103.141,109.735
2013-07-01,98.606,108.289,100.353,110.939,122.285,110.218,102.975,128.818,109.887,100.112,105.909,97.262,98.586,98.631,87.055,109.195,216.613,98.274,98.063,112.278,102.178,103.853,100.934,99.278,139.111,143.126,87.772,113.648,106.763,99.843,85.879,95.004,104.911,103.118,109.489
2013-08-01,98.644,108.628,100.166,110.595,121.914,109.28,103.209,128.081,109.499,98.965,105.35,96.928,97.689,98.44,85.731,107.607,213.727,98.347,97.998,111.396,102.207,103.85,99.809,99.147,141.274,146.809,88.048,113.74,106.164,100.512,86.33,94.735,105.04,103.009,109.112
2013-09-01,98.901,109.277,100.164,110.214,121.169,109.643,103.403,127.94,108.782,98.233,104.855,97.207,97.483,98.99,86.48,107.662,208.005,98.313,97.809,112.257,102.488,103.317,99.56,98.738,138.601,147.366,88.304,112.889,105.955,100.666,86.505,94.428,104.784,102.959,109.037
2013-10-01,98.801,109.86,100.074,109.841,121.337,109.989,103.051,127.298,108.827,98.657,105.227,97.131,97.22,99.024,87.172,108.283,200.37,98.394,97.772,113.047,101.532,104.281,99.882,98.378,137.845,145.729,88.594,112.722,106.088,100.455,86.661,95.068,104.704,102.916,108.882
2013-11-01,98.796,110.432,100.052,109.165,121.518,110.434,102.809,126.397,109.522,99.036,104.675,95.993,96.905,98.241,87.489,108.213,201.3,98.217,97.753,113.008,102.289,103.696,100.642,98.442,138.524,146.443,88.628,112.485,105.811,100.461,86.72,95.793,104.697,102.88,108.72
2013-12-01,98.725,110.694,100.145,108.772,120.207,109.093,102.123,125.348,109.125,98.724,104.418,95.815,96.674,98.166,87.939,108.157,195.016,98.322,98.121,114.842,104.521,104.137,101.618,97.923,141.259,148.262,87.961,111.965,105.212,100.575,86.914,95.685,104.822,102.682,108.308
2014-01-01,98.544,109.95,100.103,108.65,119.862,110.328,102.244,124.981,108.493,98.894,105.192,95.91,95.38,98.557,86.763,108.095,192.428,98.48,98.16,117.834,104.235,103.049,101.568,97.724,143.591,154.051,88.501,111.295,106.017,100.828,87.363,95.607,105.026,102.618,108.041
2014-02-01,98.612,109.326,100.072,108.201,119.991,109.468,103.128,123.986,108.111,99.422,104.788,95.962,94.787,98.838,87.719,108.174,184.421,98.84,97.922,121.345,103.173,102.973,101.289,98.047,142.121,157.711,88.965,111.519,105.658,100.958,87.588,95.514,104.915,102.489,107.698
2014-03-01,98.543,108.486,99.933,107.466,118.757,109.697,102.689,123.388,107.781,99.69,104.956,96.597,94.947,98.941,87.579,108.598,182.773,99.352,97.948,124.95,103.152,103.342,102.673,97.97,139.959,152.173,88.866,111.186,105.751,101.109,87.807,96.491,104.747,102.37,107.377
2014-04-01,98.817,108.224,100.176,107.81,116.975,106.91,101.969,123.43,107.725,100.33,105.633,96.927,94.272,99.11,88.214,108.476,179.697,99.709,97.9,127.998,103.254,103.289,103.781,98.054,142.281,148.711,89.318,110.455,105.315,101.039,88.045,97.48,104.995,102.393,107.286
2014-05-01,98.922,108.126,99.791,107.932,115.518,105.223,101.679,122.404,107.45,98.55,105.319,96.818,93.931,99.836,88.651,108.442,174.375,100.302,98.221,125.725,103.792,103.045,103.37,98.526,140.467,146.955,89.84,110.577,105.451,100.589,88.37,98.093,104.961,102.36,106.893
2014-06-01,98.733,108.101,99.85,108.032,114.683,106.698,101.582,122.054,108.133,98.588,104.343,96.595,94.184,99.586,88.78,108.834,167.503,100.334,98.075,124.855,103.574,103.541,102.897,99.099,140.957,146.881,90.312,110.878,105.604,100.668,88.792,97.607,105.049,102.435,106.762
2014-07-01,99.03,108.325,99.986,107.572,115.592,107.374,101.485,121.471,106.924,98.804,103.82,96.871,94.694,99.497,89.101,109.167,166.931,100.603,98.113,126.392,102.568,104.385,102.611,99.917,139.787,146.063,90.631,110.563,105.577,101.207,88.121,97.909,105.026,102.455,106.748
2014-08-01,99.235,108.526,100.022,107.29,114.624,106.763,101.831,121.024,106.613,98.767,103.372,96.14,94.233,99.397,90.014,108.927,165.874,100.813,98.751,124.092,102.716,102.233,101.72,100.071,137.624,146.534,90.47,110.099,104.565,101.547,88.221,97.576,104.769,102.219,106.601
2014-09-01,99.367,108.841,99.973,106.736,114.206,107.865,102.696,119.726,106.984,98.87,103.534,97.365,94.683,99.435,90.479,108.723,161.285,101.037,98.712,125.194,102.924,102.712,101.314,100.756,134.042,142.226,91,110.106,104.521,101.829,88.399,97.526,104.577,102.3,106.441
2014-10-01,99.563,108.111,99.815,107.024,114.06,107.899,102.878,119.521,106.867,98.637,104.412,98.157,93.71,99.595,91.045,108.332,159.021,101.121,98.391,126.213,103.074,102.247,102.02,100.908,130.173,136.543,91.183,109.947,104.823,101.681,88.883,98.545,104.275,102.315,106.328
2014-11-01,99.622,106.992,99.831,106.912,113.335,105.443,102.427,118.533,106.288,98.252,104.343,98.254,93.039,99.956,91.075,107.438,154.166,101.279,99.05,124.628,102.414,102.196,101.958,100.544,122.847,133.429,91.792,109.657,104.041,100.932,89.08,97.835,103.554,102.02,105.817
2014-12-01,99.564,105.804,100.161,106.259,112.5,103.648,102.766,116.93,105.474,98.037,103.459,98.146,92.859,99.978,91.718,107.818,153.787,101.613,98.73,120.753,101.384,101.673,102.365,100.759,112.162,122.529,92.686,110.181,102.999,100.723,89.449,98.417,102.609,101.825,105.262
2015-01-01,99.063,105.095,100.091,105.964,111.527,104.558,102.694,116.532,105.252,98.454,104.228,96.964,92.717,98.872,92.744,107.582,154.164,101.656,98.322,117.345,101.296,100.749,102.882,100.106,94.565,110.707,92.439,109.171,103.281,101.923,89.517,97.868,101.015,101.56,104.93
2015-02-01,99.363,106.896,100.537,105.62,111.967,105.2,102.912,116.451,105.312,99.007,104.129,95.822,92.051,99.203,92.843,107.045,153.193,101.738,98.421,109.779,100.515,102.305,100.343,99.994,97.777,110.105,92.837,108.354,103.569,101.973,89.879,97.548,101.363,101.694,105.164
2015-03-01,99.538,107.219,100.121,105.69,111.146,105.631,102.786,116.121,104.749,98.581,104.118,96.522,92.177,98.945,93.479,106.587,150.011,101.413,98.415,111.228,100.568,103.502,102.766,100.501,101.281,117.315,93.126,108.375,103.574,101.723,90.045,97.132,101.65,101.761,105.051
2015-04-01,99.754,107.74,100.013,106.903,111.218,105.719,102.746,115.718,103.996,100.068,104.715,96.534,91.802,99.068,93.539,105.862,146.888,101.171,98.302,111.521,100.808,102.604,103.351,100.305,99.908,109.715,93.459,108.41,103.753,101.291,90.094,97.074,101.523,101.87,105.212
2015-05-01,99.919,108.379,100.386,106.033,110.536,105.766,102.758,115.914,102.498,100.226,104.517,97,91.175,99.564,93.782,106.032,145.965,101.109,98.604,112.583,100.248,102.203,102.83,100.129,106.048,109.929,93.747,108.249,103.492,101.168,90.476,98.489,101.975,101.844,105.137
2015-06-01,100.153,108.536,100.09,105.739,110.443,104.822,102.427,114.909,103.329,99.858,104.858,97.13,91.777,99.543,93.276,105.319,142.283,101.456,98.359,112.552,99.562,101.994,104.09,100.016,108.521,109.424,93.682,108.082,103.65,100.722,90.885,97.426,102.114,101.683,104.971
2015-07-01,100.025,108.23,100.1,105.37,109.511,104.953,101.885,113.813,103.821,98.438,104.265,98.932,93.003,99.051,93.623,104.614,142.456,101.638,98.507,109.22,99.967,101.338,104.197,100.347,108.878,105.523,93.728,107.425,103.407,100.627,91.256,98.072,102.066,101.54,104.672
2015-08-01,100.003,107.642,99.915,104.073,109.458,106.135,101.691,113.918,103.52,98.553,104.423,98.34,91.549,98.859,94.155,104.813,138.652,101.819,98.533,112.301,100.59,101.09,107.374,100.817,106.117,99.945,93.698,106.949,102.789,100.219,91.623,98.071,101.752,101.374,104.311
2015-09-01,100.121,107.119,100.532,104.417,109.833,106.381,101.68,114.263,103.924,98.046,105.92,97.874,92.291,99.012,94.664,104.371,134.581,101.943,98.361,107.777,100.029,102.007,107.104,100.275,95.354,96.511,93.849,107.506,103.092,100.545,91.77,98.049,101.018,101.502,104.428
2015-10-01,100.06,106.264,99.514,104.484,108.731,105.881,101.967,113.912,104.107,96.918,104.915,98.724,92.237,99.211,95.031,104.408,135.344,102.023,98.926,105.28,99.45,101.419,105.362,100.048,94.066,95.361,93.963,107.469,102.617,101.097,91.948,98.303,100.825,101.318,104.143
2015-11-01,100.165,105.15,100.171,103.841,108.651,104.179,101.044,112.928,103.981,100.435,105.966,98.265,90.987,98.791,95.319,103.644,131.516,101.69,98.75,105.129,99.635,102.094,107.265,100.202,93.937,95.377,94.273,106.826,102.897,100.896,92.315,97.896,100.689,101.24,103.808
2015-12-01,99.992,104.555,100.292,104.331,108.017,102.746,100.591,111.776,104.497,99.75,107.33,97.245,92.602,98.852,95.772,103.116,127.085,101.314,98.703,101.951,99.67,103.388,102.838,100.029,90.231,87.594,94.249,106.041,103.247,100.788,92.654,97.523,100.204,101.109,103.573
2016-01-01,99.671,104.991,100.548,104.843,107.184,104.478,100.697,110.549,103.879,99.302,106.132,98.536,94.992,99.524,96.232,102.667,124.047,101.29,99.18,102.522,98.635,101.201,102.826,100.33,85.96,82.455,94.542,105.876,103.102,100.962,93.159,97.358,99.794,101.007,103.528
2016-02-01,100.114,104.447,100.538,103.995,106.582,103.294,100.914,109.834,103.729,98.976,107.197,98.982,97.495,99.691,95.739,103.22,121.289,101.366,99.59,100.396,99.321,100.902,103.712,101.055,77.452,80.437,95.231,105.351,103.458,101.314,93.033,97.979,99.256,101.136,103.402
2016-03-01,100.196,104.181,100.237,104.175,106.632,103.494,101.267,108.663,103.956,100.067,101.984,98.831,94.881,99.476,95.554,103.986,120.283,100.866,99.381,98.021,100.536,100.1,102.628,100.768,83.064,81.345,95.628,104.975,102.419,101.185,93.254,98.58,99.505,101.028,103.078
2016-04-01,100.072,105.487,100.554,104.212,106.059,103.406,100.557,108.982,104.766,101.828,101.916,99.278,96.123,99.712,96.681,104.176,121.167,100.874,99.524,97.916,99.84,101.257,100.452,100.934,87.406,82.64,96.239,104.746,102.086,101.178,93.124,97.95,100.001,101.251,103.45
2016-05-01,100.032,106.133,100.168,103.777,105.795,103.482,100.384,106.497,104.444,99.784,101.144,99.297,99.528,100.213,96.646,103.121,120.411,100.384,99.398,98.154,100.708,101.909,100.496,100.838,88.756,87.054,95.698,104.582,101.569,100.873,93.279,98.548,99.889,101.054,103.112
2016-06-01,99.972,105,100.28,102.987,105.537,102.594,100.92,105.777,102.801,98.879,100.951,99.265,98.091,100.143,97.915,102.186,117.47,100.123,99.332,96.698,101.167,101.804,98.412,99.175,92.765,89.651,96.6,104.133,101.111,100.49,94.166,98.141,99.99,100.824,102.49
2016-07-01,100.104,103.853,100.094,102.615,103.973,102.483,100.687,105.374,102.995,101.051,99.899,100.196,97.247,100.113,98.345,99.984,114.033,99.963,99.345,96.31,100.127,102.282,100.936,98.907,87.777,88.885,97.159,102.924,101.933,100.75,94.146,97.671,99.484,100.681,102.153
2016-08-01,100.096,103.534,100.122,101.797,103.285,102.434,100.162,104.17,102.517,100.872,105.224,100.175,99.719,99.852,99.711,98.476,112.636,99.884,99.253,95.318,99.517,102.469,101.358,100,87.088,86.652,98.225,103.48,101.69,100.945,94.769,96.757,99.467,100.778,101.912
2016-09-01,100.252,105.03,99.555,101.816,103.074,101.683,100.334,103.586,101.726,100.96,103.494,100.569,97.783,99.547,100.605,100.912,110.921,99.767,99.318,92.589,99.937,101.629,99.72,100.17,89.8,88.339,99.109,103.225,101.963,100.9,94.957,99.096,99.747,100.91,101.825
2016-10-01,100.501,103.09,99.738,102.517,102.517,102.512,100.28,102.315,101.393,101.445,102.583,100.33,98.948,99.466,100.861,101.404,109.022,99.729,99.58,89.246,100.656,101.473,99.272,101.287,93.407,92.644,99.223,102.429,101.894,100.598,95.212,97.796,99.964,100.804,101.603
2016-11-01,100.432,101.463,99.071,101.556,101.581,100.49,100.089,100.8,100.634,101.073,103.311,100.436,98.175,99.653,101.594,102.715,108.839,99.542,99.295,90.896,101.273,100.986,100.329,100.926,94.026,91.838,98.75,102.424,100.795,100.33,95.366,99.034,99.657,100.362,100.88
2016-12-01,100.353,101.106,99.553,101.647,101.772,98.099,99.667,100.037,99.725,101.423,103.823,98.764,97.772,99.725,101.589,101.916,108.121,99.333,99.411,96.488,100.323,100.737,100.509,101.305,97.246,96.701,98.918,102.13,99.616,100.473,96.165,100.541,99.771,100.2,100.611
2017-01-01,100.796,100.616,99.831,102.425,102.203,102.292,99.938,101.738,99.481,101.094,103.894,99.206,98.182,99.968,100.145,100.723,106.715,99.481,99.903,97.647,100.218,101.021,100.387,100.557,102.478,99.886,99.215,101.946,100.567,100.409,96.306,99.283,100.396,100.468,101.088
2017-02-01,100.718,100.602,99.915,101.971,102.189,102.284,99.971,101.288,100.541,100.69,101.279,100.518,100.4,100.397,101.007,100.857,105.55,99.698,99.846,100.974,100.055,101.411,100.732,99.709,100.569,99.92,99.743,101.643,101.066,100.632,96.31,100.101,100.355,100.548,101.059
2017-03-01,100.579,101.005,100.099,101.794,101.904,101.329,99.887,100.268,100.468,100.047,101.482,98.566,99.445,99.994,101.277,99.262,104.068,99.988,100.02,99.684,101.404,100.107,98.995,100.681,99.273,99.261,99.822,101.38,101.368,100.134,96.618,100.106,100.242,100.43,100.709
2017-04-01,100.59,100.553,100.232,100.944,100.571,102.383,100.059,99.913,100.596,100.157,100.349,99.23,102.432,100.143,99.874,99.015,102.462,100.041,100.269,99.414,100.733,99.378,100.042,101.077,98.653,99.134,98.915,101.013,101.5,100.107,100.34,100.296,100.135,100.313,100.574
2017-05-01,100.448,100.531,100.192,100.642,100.273,101.332,100.679,100.378,99.853,100.143,99.078,99.769,99.936,100.475,98.954,100.121,100.748,100.09,99.695,99.41,99.715,100.026,98.693,100.706,93.516,96.878,98.998,100.676,100.052,99.641,100.356,101.015,99.581,100.082,100.377
2017-06-01,100.073,99.802,100.356,100.845,98.914,99.542,100.556,100.767,99.597,100.203,97.205,98.895,99.613,99.513,98.97,100.071,101.016,99.912,99.423,100.861,99.757,99.528,98.552,100.93,92.595,93.911,99.731,100.327,99.349,100.026,100.615,100.883,99.419,100.031,100.109
2017-07-01,99.533,99.193,100.412,99.225,98.684,100.505,100.241,101.373,100.056,100.184,98.566,100.528,98.24,99.052,100.328,100.318,98.944,100.078,99.614,100.791,100.373,99.349,98.418,99.872,90.844,92.529,100.888,99.87,99.544,99.971,100.806,100.316,99.319,100.017,99.759
2017-08-01,99.551,99.217,100.146,98.657,99.372,100.879,99.961,100.266,100.007,98.924,98.853,100.046,99.462,99.864,100.089,98.845,97.629,100.118,99.823,99.894,100.294,99.832,97.798,99.336,96.184,94.88,101.134,99.418,99.208,99.28,100.698,99.263,99.604,99.829,99.514
2017-09-01,99.33,97.904,100.322,98.415,99.067,98.839,99.815,99.185,100.394,99.352,99.61,100.757,100.75,99.991,99.024,99.461,96.938,100.1,100.326,100.156,99.875,99.893,104.191,99.636,107.275,101.508,100.266,98.795,100.095,99.934,100.92,100.621,100.309,99.631,99.171
2017-10-01,99.147,99.985,99.794,98.253,99.275,98.655,100,99.844,99.954,99.599,99.858,100.982,101.085,100.023,99.58,101.567,95.543,100.207,100.512,99.547,100.416,100.285,101.843,99.556,103.214,103.486,100.032,98.739,100.3,100.049,102.488,98.953,100.176,99.806,99.471
2017-11-01,99.32,100.347,99.221,98.539,98.167,97.127,99.77,98.206,99.899,99.451,99.624,100.289,100.835,100.469,101.053,100.375,95.356,100.086,100.418,100.932,99.232,99.646,100.108,99.15,107.693,107.975,100.382,98.184,98.012,100.155,102.517,100.047,100.261,99.484,99.185
2017-12-01,99.915,100.246,99.482,98.289,99.383,94.833,99.123,96.774,99.209,100.157,100.495,101.111,99.62,100.112,99.742,99.455,97.185,100.201,100.151,100.896,98.046,99.605,100.524,98.791,107.707,110.632,100.877,98.009,98.939,99.662,102.376,99.117,100.202,99.361,98.985
2018-01-01,99.742,100.551,99.958,98.884,100.046,95.108,100.047,97.946,99.307,100.284,100.738,100.196,97.334,100.783,99.549,100.547,98.885,100.523,100.229,100.011,99.669,100.193,101.431,98.045,110.69,119.777,101.119,97.125,100.331,100.077,102.698,99.007,100.764,99.708,99.324
2018-02-01,99.499,100.597,100.056,99.186,98.007,96.495,100.664,95.886,98.467,101.109,100.331,98.959,99.268,101.145,100.602,99.73,98.388,100.272,100.575,100.502,100.525,100.218,101.727,98.995,112.654,117.836,101.41,97.468,100.239,100.258,102.626,99.061,100.857,99.722,99.039
2018-03-01,99.628,100.265,100.722,98.661,98.539,96.363,100.709,95.161,98.549,102.399,99.411,98.668,100.594,100.018,100.875,99.144,96.338,100.311,100.63,104.146,100.278,100.222,103.921,101.036,108.845,116.515,101.364,97.765,99.999,100.204,102.344,101.343,100.623,99.761,98.908
2018-04-01,99.196,100.028,100.11,99.395,101.742,98.198,100.958,95.34,98.464,102.537,101.297,98.214,100.466,99.909,100.266,99.632,95.554,100.412,100.786,100.2,101.356,101.398,104.818,100.838,112.292,118.351,101.01,97.51,100.258,100.055,103.363,101.319,101.02,99.937,99.09
2018-05-01,99.421,100.537,100.708,98.407,102.992,99.211,100.404,94.63,97.353,101.043,101.44,97.139,100.151,100.795,103.256,98.952,93.996,100.145,100.498,99.912,102.224,100.828,106.133,100.38,113.986,117.828,101.879,97.006,99.67,99.923,103.635,101.081,101.077,99.946,98.91
2018-06-01,99.639,100.118,100.927,98.041,103.424,93.658,100.346,94.183,97.395,101.612,100.628,97.284,97.674,100.93,101.722,97.957,93.47,100.195,100.699,99.776,100.629,100.662,106.594,100.234,114.41,118.345,102.256,96.364,99.913,99.643,103.676,101.363,100.94,99.673,98.532
2018-07-01,99.634,99.85,101.34,97.552,105.557,92.976,100.593,94.152,96.505,103.381,100.947,98.301,98.292,100.969,102.24,97.313,94.39,100.363,100.67,97.822,99.03,100.661,105.579,100.672,113.598,119.341,101.389,96.526,100.099,99.735,103.952,103.236,100.849,99.564,98.613
2018-08-01,99.697,100.197,101.351,96.955,105.57,92.172,100.12,93.867,96.918,101.883,100.934,99.914,97.686,100.651,101.13,95.586,92.9,100.447,100.794,95.274,97.132,98.078,102.555,99.823,115.803,119.56,101.498,95.972,100.1,99.842,104.07,103.019,100.746,99.159,98.351
2018-09-01,99.545,99.319,101.229,97.218,105.967,92.334,100.299,93.869,96.792,100.891,99.404,99.76,96.832,101.142,100.818,95.593,90.32,100.596,101.361,95.017,98.941,100.638,105.277,99.275,117.66,121.545,101.05,95.685,100.024,99.976,104.16,101.668,100.923,99.142,98.124
2018-10-01,99.309,100.288,101.51,97.99,106.841,94.043,99.971,93.95,95.973,99.433,99.47,100.013,97.122,101.414,100.244,91.252,88.075,100.455,101.52,97.268,98.679,103.132,106.148,99.077,118.862,125.872,100.715,95.267,100.951,99.766,105.741,101.931,101.082,99.255,98.174
2018-11-01,99.385,101.385,101.755,98.222,107.358,92.221,100.07,93.407,96.257,99.814,99.102,99.69,96.992,101.705,100.131,92.344,86.965,100.69,101.625,98.431,98.186,101.761,105.872,98.838,112.212,122.128,100.97,94.794,101.395,99.557,105.968,102.833,100.672,99.261,98.271
2018-12-01,99.441,101.657,101.687,97.581,107.942,91.462,101.827,92.184,96.495,105.125,99.758,98.555,96.73,101.713,100.784,90.204,85.67,100.974,101.668,100.22,97.009,101.241,106.633,99.044,106.323,112.312,100.313,95.153,101.712,99.549,105.845,102.632,100.178,99.105,98.259
2019-01-01,99.641,103.145,102.229,98.483,108.907,92.752,102.026,91.776,96.305,104.904,101.671,97.32,96.689,102.041,99.533,91.193,84.52,101.193,102.017,99.425,97.377,100.717,103.995,100.088,98.843,106.941,100.881,95.182,101.502,99.986,106.212,104.711,99.946,99.467,98.627
2019-02-01,99.782,103.237,102.236,99.481,108.105,92.271,102.52,91.399,95.264,103.519,100.496,97.814,95.814,101.871,100.441,94.306,83.508,101.483,102.823,96.678,96.285,102.532,106.376,100.386,102.419,111.397,100.448,95.006,100.53,99.638,106.427,102.706,100.183,99.288,98.562
2019-03-01,100.31,102.485,102.288,99.566,106.528,90.346,101.664,90.776,95.138,104.849,99.86,98.419,93.219,101.106,100.013,94.512,81.984,101.648,102.362,98.78,95.946,101.174,106.409,99.674,108.32,113.568,100.833,94.589,101.653,99.266,107.898,103.11,100.516,99.141,98.197
2019-04-01,100.358,101.525,102.69,98.7,106.989,90.495,101.125,88.867,95.827,104.2,100.334,97.89,96.744,102.025,99.9,94.041,81.818,101.111,101.978,98.13,96.701,100.226,106.007,99.309,115.111,116.734,101.247,94.415,101.218,99.717,108.089,103.938,100.807,99.053,97.869
2019-05-01,100.255,100.557,103.263,98.921,107.009,92.674,101.705,88.517,96.874,102.263,99.095,100.317,97.102,103.072,99.08,95.231,81.01,101.315,102.324,93.878,96.647,100.119,105.32,99.177,113.823,118.507,101.046,94.547,101.572,99.616,108.392,105.448,100.771,99.048,97.832
2019-06-01,100.057,100.309,103.172,99.207,106.373,95.709,101.989,89.124,96.368,103.115,97.491,100.043,101.456,103.385,99.539,94.475,80.367,101.203,102.528,95.787,97.13,100.711,103.12,100.138,109.022,115.118,100.535,94.83,100.74,99.301,108.471,106.135,100.503,99.176,98.148
2019-07-01,99.876,100.225,102.229,99.3,104.792,94.709,102.203,87.595,94.753,102.779,98.73,100.91,99.268,102.455,99.158,94.694,79.437,101.09,102.845,95.206,97.311,100.996,103.231,100.224,110.741,115.52,100.827,94.763,101.009,99.876,109.544,106.752,100.474,98.991,97.475
2019-08-01,99.795,100.636,102.798,98.633,104.621,93.294,102.181,87.128,94.904,103.1,99.18,100.508,97.232,102.479,100.702,97.107,79.189,101.062,103.096,95.328,96.941,100.806,103.537,100.927,108.323,114.556,101.307,94.578,100.853,99.81,109.936,108.55,100.31,98.998,97.304
2019-09-01,99.656,100.655,103.365,98.921,106.198,93.428,102.085,86.831,94.627,105.556,97.968,98.877,96.315,101.925,98.901,97.359,77.796,101.316,102.84,92.814,96.066,103.334,103.014,101.144,107.735,113.577,100.558,94.321,100.611,99.528,110.33,107.545,100.217,98.879,97.33
2019-10-01,99.451,101.383,103.369,98.864,104.202,92.468,102.119,86.191,95.084,105.967,100.675,101.59,97.85,102.57,98.192,98.535,75.546,101.528,102.584,97.447,93.803,102.968,101.567,100.809,109.505,111.405,101.687,94.122,100.299,99.896,110.96,110.143,100.372,98.92,97.295
2019-11-01,99.469,101.286,103.932,98.733,104.184,90.899,101.173,84.644,94.997,107.036,100.41,103.577,98.562,103.168,98.669,98.201,74.952,101.755,101.959,100.032,94.964,100.493,101.838,100.864,111.679,113.016,101.471,93.74,100.808,100.014,111.772,110.484,100.429,98.771,97.018
2019-12-01,99.794,101.663,104.012,98.492,102.165,90.567,100.706,83.719,94.338,106.772,99.784,100.927,95.982,102.688,98.799,98.121,73.19,101.771,101.922,100.289,94.841,99.263,102.183,100.68,115.477,115.741,102.924,93.435,101.078,98.973,111.649,109.898,100.59,98.65,96.572
2020-01-01,100.003,101.178,104.987,99.028,102.964,93.106,101.057,82.835,94.34,107.331,99.734,101.334,95.866,102.212,96.449,99.191,72.761,102.172,102.781,104.625,93.903,100.084,102.023,100.697,115.083,112.669,102.866,93.079,101.363,98.995,111.947,111.513,100.657,98.676,96.613
2020-02-01,100.365,102.021,104.889,99.617,105.038,91.231,101.218,83.278,95.535,106.434,102.715,102.33,96.607,102.047,97.242,98.267,71.758,102.496,103.199,96.538,94.382,99.934,101.465,101.348,110.076,104.617,102.433,92.358,101.909,100.087,112.349,110.191,100.462,98.836,97.008
2020-03-01,100.073,102.792,104.914,98.976,104.681,91.393,101.604,83.13,95.056,104.668,101.272,103.471,94.721,101.964,97.334,98.276,71.296,102.852,103.806,98.594,93.543,99.929,97.732,99.115,98.244,92.86,102.176,92.328,101.541,99.903,113.709,110.545,99.534,98.497,96.707
2020-04-01,100.088,100.899,104.424,98.586,106.316,90.307,102.072,81.534,94.161,104.053,99.993,104.692,94.025,101.624,98.218,98.898,70.336,105.369,104.453,85.6,89.616,95.468,94.173,96.561,79.909,82.312,102.083,92.09,103.545,99.809,113.434,110.923,98.661,97.809,96.01
2020-05-01,100.239,100.122,105.646,98.81,106.828,90.118,102.254,81.35,93.228,104.152,101.6,103.11,93.04,102.723,98.225,98.282,71.218,106.278,104.61,86.846,86.745,93.41,93.233,94.742,77.705,79.594,102.015,91.737,103.86,99.547,113.075,111.717,98.516,97.528,96.02
2020-06-01,100.118,97.124,105.429,99.012,107.776,90.523,102.821,80.349,93.185,106.048,103.59,102.633,93.467,102.783,97.879,100.013,68.949,106.807,104.459,91.95,87.39,95.243,97.695,95.276,85.76,85.272,101.988,91.364,105.168,99.018,114.012,112.83,99.019,97.516,95.685
2020-07-01,100.554,98.964,105.116,98.375,109.871,90.274,103.355,81.583,93.443,108.055,102.663,104.073,94.512,102.755,98.339,96.608,67.77,105.717,104.432,92.163,87.845,95.668,99.487,96.825,88.826,87.758,101.906,91.521,107.006,99.585,115.214,112.343,99.345,98.047,96.266
2020-08-01,100.546,104.273,104.725,100.096,115.346,91.625,103.522,81.253,94.893,107.912,103.233,103.65,95.35,102.052,99.384,93.561,66.529,105.741,104.22,91.863,88.149,95.927,100.17,97.419,90.129,89.968,102.127,91.618,106.347,99.699,115.458,112.023,99.808,98.593,97.195
2020-09-01,100.724,110.787,105.655,100.231,113.801,91.349,103.789,78.198,96.039,106.765,102.027,104.43,96.7,101.498,99.087,95.396,66.392,105.454,104.239,95.419,89.064,95.903,97.194,96.719,92.253,87.306,101.631,91.793,104.452,99.528,115.793,110.865,99.774,98.475,97.259
2020-10-01,101.078,113.056,104.51,99.763,117.142,89.306,104.308,78.337,94.694,108.233,104.269,104.264,97.153,100.765,99.087,95.031,66.524,105.672,104.8,100.609,89.06,95.208,94.183,97.809,91.365,85.816,100.979,91.783,103.697,99.344,116.004,111.72,99.782,98.467,97.497
2020-11-01,101.068,112.275,104.339,100.106,119.695,89.67,103.813,79.464,95.354,108.645,103.206,103.428,95.962,97.965,98.859,96.522,63.583,105.603,105.29,103.232,88.787,95.181,97.948,98.619,91.486,87.89,100.668,91.763,105.108,99.284,116.638,113.282,99.916,98.615,97.619
2020-12-01,101.567,111.89,104.573,99.839,117.692,88.225,103.875,80.4,98.434,107.909,104.48,100.934,96.48,97.826,99.511,97.722,61.43,105.99,105.038,98.702,89.283,95.941,97.384,98.343,99.279,95.639,100.556,92.119,104.022,98.662,117.313,113.15,100.52,98.745,97.888
2021-01-01,101.239,111.265,105.135,99.913,117.232,89.66,103.307,79.84,99.706,108.172,104.021,100.23,99.099,99.283,99.295,95.477,59.775,105.981,105.212,99.346,90.681,97.363,96.175,98.428,105.141,98.897,100.593,92.434,104.736,99.216,119.409,115.17,101.07,99.047,97.88
2021-02-01,101.257,111.275,104.725,99.962,117.281,90.609,103.747,79.722,100.517,109.902,102.723,100.654,97.96,99.77,100.57,95.172,58.933,106.131,105.245,101.008,90.082,95.903,94.386,98.567,110.903,107.463,99.872,92.474,104.648,99.479,120.173,114.871,101.351,98.908,97.935
2021-03-01,101.246,111.847,105.783,100.695,117.966,90.868,104.887,80.047,99.362,108.617,101.274,104.368,101.262,99.53,98.212,95.853,58.499,106.215,105.568,102.692,89.228,97.032,93.485,98.909,118.55,111.178,99.795,92.757,104.029,99.342,120.916,115.01,101.904,99.059,98.248
2021-04-01,101.709,120.784,106.473,101.99,118.076,91.878,104.473,80.333,100.429,109.714,102.946,103.898,103.061,99.283,99.578,97.272,58.124,106.582,105.526,108.45,89.623,97.287,95.726,100.727,116.439,109.942,100.378,93.817,105.17,99.571,121.111,116.519,102.684,100.191,99.729
2021-05-01,103.166,128.397,107.104,103.647,119.038,91.952,105.378,80.902,99.955,112.24,103.184,105.487,105.153,100.25,100.247,97.022,57.628,106.922,105.928,109.884,90.9,97.359,96.194,101.601,118.128,114.589,100.16,93.53,105.452,99.312,121.281,115.493,103.525,101.096,101.369
2021-06-01,104.969,139.955,107.303,104.021,120.768,91.374,106.416,80.234,99.303,112.663,102.046,104.38,103.88,99.389,100.345,98.162,56.707,107.653,106.383,111.092,91.978,97.262,97.195,101.63,121.856,118.724,99.73,92.96,106.204,99.047,122.014,114.584,104.349,101.716,102.595
2021-07-01,106.53,139.649,108.123,103.547,121.735,90.918,106.654,80.414,100.138,112.104,102.77,104.078,103.468,99.586,100.86,99.775,56.498,108.295,106.517,111.164,91.699,98.447,98.271,101.227,123.632,118.862,99.742,93.557,106.125,99.086,122.572,115.823,104.775,101.99,102.93
2021-08-01,107.857,137.303,109.455,105.419,123.28,89.461,108.116,80.98,101.63,114.642,102.752,106.967,105.932,100.479,99.745,100.869,56.556,108.773,106.696,115.363,90.98,99.577,98.639,101.623,126.481,118.075,99.55,93.829,105.313,99.489,122.69,117.264,105.366,102.457,103.814
2021-09-01,109.274,137.567,110.455,106.752,124.081,90.909,108.306,79.495,101.243,114.331,102.909,107.054,102.796,100.925,99.359,100.514,56.775,109.932,106.896,117.832,89.532,100.229,100.15,102.261,128.97,122.134,100.013,93.273,107.753,99.32,123.575,117.249,105.832,102.565,103.839
2021-10-01,110.789,142.419,111.945,107.607,124.62,90.228,109.06,80.688,102.255,116.063,102.11,106.997,103.409,101.138,99.481,101.637,56.449,111.083,106.727,120.934,91.116,101.443,101.584,102.502,134.562,132.623,100.545,93.725,107.476,99.563,125.876,117.955,107.14,103.596,105.188
2021-11-01,112.044,146.915,113.461,108.597,125.936,90.291,110.1,79.802,101.765,116.772,103.432,106.384,101.77,101.018,99.055,102.226,56.259,112.1,106.881,118.806,92.11,102.988,102.51,102.994,142.028,135.749,100.66,94.4,107.247,99.19,127.019,118.447,108.154,104.129,105.807
2021-12-01,113.256,152.987,115.413,109.95,127.157,91.104,110.429,79.532,102.471,114.535,101.817,106.856,103.59,101.553,99.159,103.421,56.172,112.729,106.681,122.665,93.283,103.449,102.003,104.239,146.159,133.206,100.818,94.873,108.449,99.035,127.925,117.775,109.037,104.898,106.855
2022-01-01,114.236,155.98,116.314,112.398,128.421,92.801,112.662,79.629,104.413,117.222,102.756,109.299,104.467,102.287,101.871,104.171,55.524,113.731,106.917,127.696,93.963,103.587,104.513,104.484,146.283,139.312,101.985,95.303,108.494,99.851,127.817,118.443,109.959,105.883,108.135
2022-02-01,114.441,157.122,118.304,113.131,129.319,93.922,113.139,79.523,106.08,117.03,103.956,110.415,102.186,102.094,101.417,106.636,54.443,115.221,108.065,130.94,94.393,104.151,105.963,105.104,151.699,147.268,102.376,96.157,109.843,100.558,128.592,123.817,111.044,106.487,108.485
2022-03-01,114.612,151.864,118.155,114.435,131.046,96.248,114.309,78.965,105.991,115.764,102.398,111.294,103.635,101.958,101.947,106.23,53.236,116.86,108.496,138.604,94.761,104.445,105.543,105.305,172.743,175.82,102.356,96.935,110.57,101.622,129.285,120.881,112.67,106.469,108.208
2022-04-01,115.277,149.383,119.22,115.881,131.613,96.651,115.43,77.931,107.273,116.354,103.435,110.835,103.027,102.217,101.802,105.974,51.541,118.161,108.795,142.247,94.425,103.964,104.253,105.347,165.759,183.928,102.389,97.006,111.514,102.189,129.809,123.401,112.61,106.555,108.19
2022-05-01,116.144,150.515,121.56,114.876,130.055,97.187,116.722,78.201,107.097,115.567,102.995,110.337,104.033,103.254,104.005,108.55,50.022,119.804,108.972,143.949,94.604,104.388,106.071,105.975,174.054,215.375,102.366,97.511,111.834,102.461,130.913,124.01,113.723,106.881,108.528
2022-06-01,116.876,151.316,121.429,115.343,129.727,97.753,117.327,79.362,107.251,114.986,104.65,110.22,104.402,103.915,104.035,109.43,49.374,121.178,109.552,144.286,94.785,105.021,106.83,107.239,192.693,215.345,102.641,98.041,113.409,103.325,131.645,127.719,115.52,107.534,109.107
2022-07-01,117.558,149.865,121.811,116.416,127.737,97.791,117.581,78.231,106.114,115.549,102.861,110.235,104.22,103.917,104,108.85,49.306,122.845,109.955,145.929,95.182,104.457,106.291,107.469,176.07,193.269,103.015,98.638,114.578,104.451,131.996,127.137,114.88,107.603,108.835
2022-08-01,118.475,148.633,123.046,117.743,126.133,98.292,119.046,78.722,106.858,116.422,104.141,110.77,105.105,104.092,104.331,109.591,48.761,123.896,110.279,142.328,95.558,104.798,106.904,106.736,157.902,185.299,103.28,99.64,115.173,105.837,133.474,129.75,114.458,108.192,109.369
2022-09-01,119.206,147.985,124.503,117.745,124.436,98.694,120.872,79.574,107.795,113.955,104.41,111.305,106.244,106.247,103.892,111.143,47.315,124.677,110.026,145.995,96.32,103.985,106.948,106.36,152.79,180.769,103.311,100.07,115.441,106.223,133.738,128.004,114.463,108.442,109.774
2022-10-01,119.976,145.975,124.725,116.669,125.233,96.421,122.953,78.714,108.104,116.271,102.102,112.01,105.763,105.943,104.112,111.561,46.492,125.425,110.765,151.73,97.09,104.33,104.205,105.529,158.749,203.473,103.291,100.546,116.862,106.743,134.169,128.921,115.05,108.453,109.469
2022-11-01,120.462,142.681,126.126,115.709,125.262,94.449,123.357,77.007,107.157,116.145,103.454,113.972,107.317,105.514,104.268,113.294,46.195,125.943,111.956,155.407,97.595,104.638,106.623,105.445,157.998,204.987,103.313,100.299,117.97,107.042,135.058,127.751,114.986,108.222,108.821
2022-12-01,121.017,139.991,125.498,115.291,126.817,95.505,124.687,76.059,106.907,115.548,103.308,112.747,108.566,106.934,104.528,114.11,46.068,126.42,112.473,159.813,97.325,105.823,107.218,105.388,145.678,177.072,103.441,100.965,118.105,107.095,134.925,128.544,114.306,108.227,108.584
2023-01-01,121.296,138.055,126.498,116.548,124.631,97.629,125.392,76.45,106.596,118.554,102.4,113.288,109.252,106.37,104.078,114.763,45.844,126.904,112.899,141.689,97.595,106.705,109.684,105.338,149.702,171.991,105.167,100.65,118.078,107.241,135.825,128.627,114.972,108.715,108.888
2023-02-01,121.544,136.065,125.362,116.552,123.352,98.369,126.631,76.93,106.257,119.07,102.86,115.393,111.337,106.654,104.102,115.791,44.515,127.293,113.001,138.078,98.381,106.374,109.809,105.876,149.296,160.007,105.286,101.436,117.788,107.813,137.198,128.78,115.134,108.918,108.922
2023-03-01,121.922,135.261,126.172,116.851,122.263,96.273,127.143,76.722,105.842,118.349,103,117.451,111.145,107.358,102.668,114.987,44.154,127.091,112.9,138.243,98.524,107.426,109.654,105.606,143.308,156.123,105.59,102.382,118.769,108.82,138.23,129.814,114.9,109.143,108.793
2023-04-01,121.828,139.652,127.121,116.465,120.246,94.979,126.397,75.763,106.197,117.677,104.46,117.381,111.379,107.83,102.131,114.149,44.495,127.195,112.918,140.544,98.364,107.449,109.799,106.069,146,153.729,105.958,102.334,118.795,109.46,138.38,128.137,115.122,109.223,108.833
2023-05-01,121.813,144.151,126.516,115.796,119.551,94.087,126.028,75.851,105.474,116.422,103.949,118.352,111.064,109.394,102.673,113.013,44.539,127.375,113.329,134.703,98.899,107.84,109.879,106.131,140.793,147.823,106.263,102.38,118.851,110.672,139.179,131.331,115.096,109.554,108.994
2023-06-01,121.788,143.3,126.322,115.396,118.037,95.093,125.691,75.1,105.177,116.175,101.406,121.51,110.662,109.78,101.233,113.636,44.505,127.366,113.311,134.793,98.674,108.551,110.89,106.08,142.739,147.567,106.364,102.029,118.547,110.914,139.297,131.69,115.064,109.361,108.586
2023-07-01,121.744,141.194,125.087,115.066,117.289,95.285,125.361,73.606,105.006,116.238,102.414,120.937,110.89,109.595,100.863,113.959,43.482,127.657,113.206,134.911,99.026,108.903,112.261,105.738,141.202,148.672,106.598,100.183,118.211,111.413,139.982,128.768,114.681,108.876,107.864
2023-08-01,122.008,138.535,125.325,115.232,117.474,94.586,126.435,72.75,104.806,116.609,102.25,120.114,110.904,110.047,100.745,112.366,42.898,127.974,113.234,136.49,99.011,108.64,110.188,106.71,151.981,161.178,107.146,100.589,118.78,111.776,140.889,126.29,115.322,108.798,107.471
2023-09-01,122.264,136.032,124.29,114.366,116.295,94.923,126.836,74.009,105.149,116.144,104.542,120.154,106.569,110.572,101.309,114.255,42.528,128.036,113.609,136.677,97.983,109.127,109.064,107.042,156.925,172.26,106.787,100.947,118.157,112.211,141.196,127.706,115.58,108.693,107.342
2023-10-01,122.235,135.457,123.465,115.246,115.047,93.501,126.403,73.394,105.416,116.632,103.988,120.05,109.386,109.691,100.744,113.98,42.431,128.449,114.05,135.073,98.474,109.992,108.969,106.785,150.254,166.752,107.508,101.069,116.748,112.595,143.867,130.23,115.408,108.866,107.206
2023-11-01,122.056,137.339,125.506,113.598,113.537,90.991,126.689,72.204,105.344,115.755,103.711,118.501,109.462,109.892,99.268,112.91,41.048,128.319,113.858,133.918,97.933,107.825,108.497,106.615,144.167,162.742,108,100.928,115.093,111.999,145.507,129.605,114.732,108.465,106.659
2023-12-01,122.166,138.186,124.335,112.986,115.275,91.869,125.996,70.612,104.351,114.514,102.186,117.124,110.703,110.464,100.749,112.786,41.023,128.389,113.916,130.075,98.124,107.363,108.723,106.582,142.536,155.33,107.803,100.59,116.417,111.054,145.42,129.962,114.43,108.186,106.196
2024-01-01,122.099,133.068,125.878,114.031,116.281,91.745,124.483,71.882,104.943,117.001,103.549,116.64,109.993,109.674,99.915,112.505,40.965,128.831,114.347,132.503,96.815,108.477,107.787,105.762,140.501,152.214,107.245,100.643,116.452,111.691,145.874,128.521,114.373,108.146,106.401
2024-02-01,121.983,134.609,126.043,113.724,114.567,92.224,123.938,73.582,105.196,116.06,99.706,118.132,107.484,110.166,100.494,111.693,40.838,128.942,115.182,136.094,96.994,109.142,112.729,106.935,143.198,153.046,107.243,100.527,116.168,112.634,146.992,131.231,114.822,108.486,106.666
2024-03-01,121.777,133.921,125.12,114.056,114.569,92.026,124.039,74.045,105.444,114.572,104.216,119.091,109.088,110.525,99.601,111.109,40.293,128.877,114.985,136.546,98.435,108.517,111.894,107.294,144.057,150.634,107.362,100.056,116.029,112.886,147.598,130.725,114.925,108.598,106.76
2024-04-01,121.384,131.975,125.499,114.056,113.437,88.637,124.248,74.153,105.381,115.88,102.931,117.241,110.31,110.834,101.329,111.072,39.826,128.746,114.945,133.529,99.647,109.759,110.871,107.402,146.91,152.235,107.729,100.19,116.062,112.707,147.668,130.746,115.106,108.658,106.529
2024-05-01,120.883,130.883,126.37,112.681,112.62,86.917,124.419,72.475,104.617,115.87,101.747,117.579,109.985,111.152,102.084,110.676,39.008,128.765,115.218,135.258,98.999,110.518,109.028,107.271,143.348,151.906,109.44,100.303,116.011,112.412,150.032,129.59,114.759,108.435,105.603
2024-06-01,120.703,128.723,125.877,112.524,113.652,86.216,123.529,72.537,104.025,114.952,104.609,119.942,113.273,112.113,100.802,110.991,39.193,128.854,115.435,141.405,99.312,109.291,107.523,106.867,139.248,148.255,109.493,101.503,115.255,112.244,150.756,131.509,114.585,108.491,105.548
2024-07-01,120.514,126.862,126.761,111.733,113.919,86.383,123.863,72.973,103.934,113.86,103.523,119.519,111.556,112.462,99.182,111.34,39.003,128.979,115.624,141.478,99.064,109.152,107.784,106.769,138.031,148.551,109.517,101.269,115.339,112.598,150.987,134.245,114.5,108.425,105.314
2024-08-01,120.56,126.689,126.856,111.801,113.832,87.096,123.066,72.87,103.293,114.178,103.723,119.093,110.487,111.883,99.72,110.705,38.511,129.083,115.545,144.605,99.961,109.16,109.081,105.849,136.416,145.053,109.317,100.836,115.393,112.028,152.769,132.195,114.313,108.285,105.164
2024-09-01,120.721,127.343,127.66,112.317,113.691,89.545,121.471,72.462,103.1,113.819,105.952,118.991,112.833,111.935,103.284,111.039,38.092,129.435,115.629,141.871,100.751,109.848,108.365,106.928,133.411,140.789,108.791,100.586,115.2,112.516,152.8,128.974,114.234,108.33,105.385
2024-10-01,120.712,128.933,128.329,112.274,114.065,89.064,122.17,72.146,102.992,113.276,102.964,119.492,112.542,112.683,103.279,111.167,38.331,129.711,115.482,145.885,98.481,109.964,107.961,107.473,132.13,138.089,108.824,100.002,115.031,112.797,153.657,137.363,114.248,108.395,105.427
2024-11-01,121.274,130.64,126.604,112.439,113.116,87.864,123.389,71.87,102.273,113.219,98.811,120.048,113.096,112.635,109.767,110.258,37.659,130.148,115.266,148.805,98.456,110.322,107.942,107.343,132.44,136.498,108.561,99.84,116.282,112.877,155.136,131.498,114.233,108.264,105.364
2024-12-01,121.719,131.629,126.233,111.808,110.063,87.062,123.58,70.336,102.197,112.781,101.686,122.107,112.82,112.157,108.892,111.121,37.04,130.531,115.246,151.373,98.792,110.389,108.505,107.239,137.553,138.808,108.69,99.586,117.08,111.687,155.102,129.987,114.36,107.966,104.852
2025-01-01,121.768,134.49,127.575,112.819,108.97,85.399,123.455,70.99,102.298,112.937,104.69,120.963,108.811,111.823,109.829,109.86,36.826,130.987,115.408,157.827,96.822,109.837,108.308,106.695,139.994,146.075,110.832,100.067,116.648,112.027,155.74,131.677,114.921,108.397,105.175
2025-02-01,121.676,135.679,126.898,112.959,110.264,85.345,123.686,72.248,102.209,109.24,103.434,120.748,111.711,111.97,109.9,111.432,36.48,130.895,115.757,162.297,97.215,110.61,108.246,106.688,138.777,146.861,110.944,100.319,117.33,113.285,156.669,133.302,115.184,108.844,105.602
2025-03-01,121.79,134.759,125.137,113.59,108.59,84.963,123.662,72.244,102.119,108.308,103.302,122.443,114.043,112.09,111.9,111.835,36.656,131.524,116.117,153.179,97.819,111.075,107.231,106.49,130.379,141.385,109.066,99.284,116.557,113.207,157.679,137.473,114.627,108.558,105.55
2025-04-01,121.803,134.016,126.478,114.153,109.858,83.847,124.703,73.827,101.494,109.889,103.993,122.755,111.93,112.098,111.621,113.204,36.612,131.107,116.062,148.723,98.156,110.949,105.999,105.941,130.184,138.573,109.475,99.764,116.347,113.194,158.123,134.815,114.762,108.87,106.066
2025-05-01,121.445,133.27,127.972,113.931,113.785,83.402,125.975,73.917,101.664,110.354,99.778,123.206,110.294,112.816,111.671,112.685,36.393,131.469,115.6,149.801,97.963,110.667,103.952,105.185,126.968,140.584,110.034,100.648,116.701,113.209,159.428,139.955,114.844,109.139,106.088
2025-06-01,121.037,132.341,128.044,115.152,115.938,84.964,127.209,74.259,103.538,111.229,103.615,123.485,110.304,113.372,111.211,113.43,36.076,131.907,115.454,151.022,98.477,110.929,104.403,105.756,128.137,142.323,110.227,101.559,119.615,112.931,160.275,134.912,115.3,109.569,106.59
2025-07-01,121.002,132.998,128.841,115.255,113.77,86.687,128.99,73.186,103.131,112.147,101.686,123.531,111.151,114.075,111.3,114.387,35.56,131.718,115.566,152.858,98.258,109.445,107.851,107.301,125.655,144.215,109.96,102.148,120.108,112.967,160.752,136.03,115.147,109.568,106.46
2025-08-01,121.339,134.457,130.516,115.196,112.926,86.453,129.545,70.984,102.515,112.71,105.144,124.931,117.748,114.78,110.627,112.292,35.667,132.328,116.123,151.441,98.429,109.846,108.885,107.093,127.896,143.845,109.665,102.321,117.808,113.454,162.403,134.726,115.299,109.445,106.374
2025-09-01,121.611,133.897,131.376,115.684,113.409,88.151,128.349,70.315,103.009,114.02,104.124,126.194,115.608,114.594,109.898,113.839,35.161,133.008,116.22,151.037,98.85,111.474,108.588,108.108,132.827,144.346,109.965,102.061,118.198,114.383,163.37,135.465,115.825,109.638,106.306
2025-10-01,121.692,134.807,131.054,115.669,113.531,87.696,128.852,70.157,102.611,113.584,104.963,126.297,117.498,115.05,109.936,112.787,35.335,132.931,116.491,152.842,98.489,110.994,109.397,107.702,131.173,145.641,110.016,101.998,118.366,114.162,164.62,134.879,115.738,109.636,106.384
2025-11-01,121.912,134.948,130.733,115.653,113.66,87.248,129.357,69.997,102.214,113.14,105.81,126.399,119.403,115.509,109.975,111.744,35.51,132.854,116.764,151.405,98.13,110.517,110.211,107.295,134.665,146.956,110.066,101.936,118.528,113.941,165.879,134.298,115.903,109.614,106.421
2025-12-01,121.933,133.769,130.74,116.482,112.325,91.14,129.866,72.239,101.851,113.633,102.508,127.29,117.281,114.724,109.778,114.277,34.573,133.579,116.42,145.074,98.61,110.543,111.83,108.182,134.318,145.944,110.417,102.336,118.084,113.714,165.577,136.892,116.345,110.088,107.002
