date,cdmvnm,cdmvum,cdmtm,cdffm,cdfkm,cdfgm,cdfosm,cdrgtm,cdrsm,cdrsvm,cdrbm,cdftim,cdojm,cdoom,cdebm,cdolm,cdotm,cnfobm,cnfolm,cnfefm,cnlffm,cnlmfm,cnlfim,cnlom,cngm,cnofm,cnodm,cnrm,cnolm,cnopm,cnotm,cnmom
1996-01-01,148142,75725,36658,82938,26036,23459,13141,87627,27546,23663,17312,2982,38809,21151,6917,10641,3094,393775,57577,460,107483,72907,8884,42093,122998,14488,88816,69841,71566,50699,50428,46435
1996-02-01,153041,82607,37288,85472,26515,24093,13296,88668,27647,22945,16838,3065,39123,21771,6689,10964,3197,394948,57152,457,110450,74944,9006,42617,120544,14949,89770,71020,72634,51842,50588,46681
1996-03-01,159407,77025,37396,86947,26797,24318,13329,89788,28141,22301,17352,3121,41062,22398,6853,10936,3247,397297,58001,455,109872,74837,9059,42820,129591,14717,90797,71612,72974,52652,50869,46765
1996-04-01,150945,90757,37346,88216,27198,24635,13455,90611,28527,23067,17825,3113,39951,22554,7000,10995,3312,400508,58482,453,111340,75602,9115,43650,133473,14647,91425,72322,73557,52906,50830,47566
1996-05-01,157941,80075,37587,88357,27015,25139,13592,91470,28911,23628,18156,3121,40558,22886,7088,11168,3402,400185,58147,451,111215,75593,9117,43340,134976,13950,91964,70377,73943,53524,51468,48115
1996-06-01,149079,78833,37706,88693,26651,24888,13741,91283,28983,24204,18028,3142,39567,22964,6998,11244,3390,402504,59143,449,112901,75370,9089,42991,133156,13303,92685,72794,74183,53349,51439,48059
1996-07-01,147813,83789,37865,89219,25996,25038,13753,91317,28779,23387,18164,3091,39819,23354,7009,11030,3434,403820,59336,447,110781,75619,9196,43225,131558,13523,93598,72908,74528,53691,51607,48643
1996-08-01,151255,87007,37260,88447,26621,24719,13776,91716,28797,25718,18482,2971,39843,23418,7090,11120,3412,404339,59420,444,111327,76096,9175,43433,130578,13413,94431,72564,74944,53542,51646,49005
1996-09-01,151124,87459,37729,89646,27112,24971,13860,92798,28605,24395,17871,2897,40220,23373,6816,11293,3469,405872,58730,441,112696,77235,9228,43258,126854,14455,94991,73575,75471,53907,51819,48587
1996-10-01,155317,84553,38353,90204,27174,25214,13946,93029,28784,24309,19088,2874,40412,23689,7237,11134,3525,409043,59125,436,113279,77321,9272,43630,131957,14480,96407,74629,76157,54746,52073,49081
1996-11-01,156030,86637,38223,90627,27106,25474,14009,92584,28841,25337,18864,3032,39601,24050,7110,11122,3587,409814,59371,433,112384,76870,9206,43434,134296,14264,96558,75161,76246,55089,52333,49470
1996-12-01,155554,79944,38350,91102,27351,25315,13822,92528,28786,25961,19413,3675,39733,24448,7274,11000,3591,410970,59627,432,113195,77657,9238,43447,135950,14821,97452,77197,76256,55438,51931,49900
1997-01-01,157840,97217,38589,90770,26228,24844,13973,91363,28760,25330,20063,3069,39409,23801,7473,10999,3557,411565,59751,434,112397,78121,9255,43238,135840,14573,97738,73643,76585,54983,52432,49470
1997-02-01,154530,92818,38804,92497,26835,25431,14155,93749,28858,25698,19266,3126,39730,24636,7176,11019,3659,412361,60631,433,112717,78206,9267,43754,141051,12804,98710,75253,77066,55903,52644,50019
1997-03-01,159568,94722,38956,92241,26545,25738,14305,94666,29046,26127,19445,3153,39552,25260,7243,11215,3718,412836,62074,429,112704,78360,9209,43836,139300,12919,99903,76342,77258,56411,52845,50971
1997-04-01,149667,92115,38830,92180,26470,25364,14286,95336,28768,25895,19218,3171,39422,24972,7158,10958,3674,411696,60796,422,112040,78116,9120,43393,134424,13238,100598,75481,77393,55872,53909,49488
1997-05-01,156094,82530,38030,92835,26293,25120,14288,94673,28923,24937,19337,3261,38572,23523,7203,10957,3649,409577,60721,418,111840,78933,9214,43722,128420,13505,101709,75732,77288,55664,54059,49517
1997-06-01,149564,92733,38881,93182,26610,25588,14462,95929,29776,25318,19566,3138,39579,25669,7288,11041,3726,409656,61672,413,113575,79685,9259,44315,130052,13338,102904,76298,77555,56517,53426,50110
1997-07-01,162828,89361,39226,93836,26888,25859,14630,97133,29695,25749,19719,2976,39907,25685,7345,11115,3774,413728,61929,410,114257,80760,9392,44608,129965,13196,104056,76914,78510,57080,53530,49838
1997-08-01,173324,94851,39715,94592,26444,25863,14659,96896,29709,26949,19206,3232,39579,25739,7154,10918,3781,413630,61959,407,115337,81320,9476,44617,133549,13318,104921,77061,78538,56939,53792,49879
1997-09-01,163427,88139,39777,95098,26481,26055,14737,98148,29875,26481,19775,3352,40655,25781,7366,11041,3815,414545,62166,404,115088,80885,9463,44446,136435,12975,106298,77243,78426,56935,54343,50541
1997-10-01,166276,90619,39422,95317,26495,25947,14796,97901,29938,25942,19938,3483,40350,25853,7426,11149,3805,414525,62408,404,114966,81426,9519,44711,134894,12870,107291,77131,78552,56699,55062,50599
1997-11-01,173637,93753,39975,96179,26683,26127,14774,98621,30368,27060,20534,3249,41146,25939,7648,11232,3832,415986,62747,401,116037,81921,9566,45138,135682,13309,109053,77579,78810,57161,55069,51407
1997-12-01,179746,92035,39392,96759,26412,26245,14764,99664,30549,26918,20232,3329,40999,26277,7536,11365,3846,413069,62327,398,116103,81749,9597,45295,133521,12757,110870,77493,78405,56703,55069,50626
1998-01-01,163620,89303,39729,97708,27209,27292,14972,100773,30365,27328,20196,3531,41941,26154,7421,11539,3941,414431,62871,392,116766,81748,9652,45278,129829,11041,113346,78403,79091,57797,55081,50787
1998-02-01,167080,88031,39547,98430,27561,27256,15123,101862,31044,27679,20643,3428,41560,26655,7767,11762,3978,414536,63560,389,117050,82228,9827,46309,123800,11632,111288,78679,78979,57999,56138,51172
1998-03-01,166218,89368,39775,98622,27673,27388,15176,102341,31073,27551,20446,3395,41381,26554,7669,12032,4017,416815,63387,388,117019,82067,9814,46106,120132,12052,113211,77960,78843,58007,54017,51450
1998-04-01,177615,89523,39456,99592,27992,27713,15339,103354,31859,27758,20626,3471,42046,27669,7730,12308,4042,417824,63928,388,119180,83213,9936,46387,117945,12260,114956,79844,79296,58985,55516,51355
1998-05-01,190954,93654,39935,99612,28527,27762,15327,104373,32136,28799,20486,3480,42105,27227,7658,12148,4113,419274,64412,386,118634,82117,9943,46448,119709,11789,115986,80147,79355,59205,56361,51371
1998-06-01,188865,85626,39486,100801,28689,28164,15309,105440,32322,27725,20634,3522,42792,27451,7770,12515,4214,422448,64296,385,118359,82229,10028,46531,121509,12076,122083,80251,79526,59676,55091,51302
1998-07-01,167660,99464,39092,101689,28974,28389,15362,107842,32335,29480,20751,3444,42156,27999,7646,12881,4234,423307,64907,383,119903,82284,9955,46949,121546,12067,120560,81172,79450,60224,56014,52446
1998-08-01,170686,111048,38673,101547,29263,28494,15382,109011,32309,28438,21059,3450,42895,28768,7960,11494,4398,423489,65633,381,119113,81905,9969,46592,120295,11538,122410,81521,79381,60667,55421,51788
1998-09-01,185403,110897,39106,102202,29084,28783,15619,109048,32604,29318,21333,3539,41955,28253,8155,11290,4273,425519,65808,378,118298,81071,10004,46301,119553,11169,123208,82246,79881,60893,56900,52766
1998-10-01,192128,116632,39713,103260,29500,29256,15643,109517,32943,30567,21299,3788,43308,28684,8044,10921,4235,426581,66103,375,120343,82295,10121,47633,120011,11242,123465,82578,80286,61196,56686,52705
1998-11-01,182788,122476,39402,105158,29498,29567,15732,110533,32934,28927,21358,3277,43837,28986,8083,11009,4317,428505,66758,372,121541,82716,10204,47626,118495,11321,128986,83406,80813,61901,55515,52557
1998-12-01,199473,120227,39805,105699,29687,29847,16077,111013,33047,30294,21774,3445,44705,29371,8354,11060,4368,432315,67950,369,121406,82448,10163,47955,116618,10627,128004,84506,81308,62402,64251,52961
1999-01-01,187126,102878,40162,105265,30046,30307,16222,111358,33296,28463,21672,3597,44416,28602,8168,12398,4389,434295,67622,367,123106,83481,10416,48495,115157,10774,132274,84767,81999,62643,67988,53218
1999-02-01,192446,102085,40294,107587,30402,30630,16436,113038,33841,32060,22277,3795,44609,29110,8568,12461,4482,437069,67862,364,124237,83808,10504,48569,114181,10842,133193,84814,82748,63195,66331,53677
1999-03-01,192756,103040,40117,108546,30964,31157,16198,113594,34199,30626,22458,3786,45396,28633,8619,12686,4582,437681,67971,361,126110,84314,10640,48837,115770,12237,133679,85082,83122,63526,63358,54063
1999-04-01,192994,115847,40711,107981,30879,30907,16120,114418,34333,31426,22485,3682,45111,28624,8601,12593,4609,440129,69502,357,125896,84717,10568,48454,132672,11910,136071,85452,82761,63425,65500,53727
1999-05-01,202471,113909,40738,109411,31095,31400,16160,115924,34737,32332,22543,3743,45961,28869,8543,12802,4729,442475,69598,354,126930,84846,10689,49245,131333,12573,138017,86073,83302,63760,64192,54183
1999-06-01,205762,118909,40683,110737,31749,31732,16219,117020,35185,31335,22681,3812,46302,29273,8621,12923,4782,441391,69188,351,127151,85290,10771,49807,131525,12453,137298,85943,83617,64063,63310,54314
1999-07-01,201004,118158,41073,110182,32471,31332,16236,117834,35223,31429,23043,3971,46907,29723,8948,12833,4871,443342,69948,348,126700,84463,10723,49278,136973,12661,132601,84905,83438,63878,65224,53738
1999-08-01,203421,118115,41032,113078,31794,32292,16376,118692,35573,33243,22009,3902,46892,29575,7914,13088,4934,446056,70485,346,127214,84899,10824,49357,140586,12496,140535,86733,84203,64135,63734,53981
1999-09-01,203111,115217,41958,115409,32332,32883,16351,120680,36149,32141,22608,4125,46865,29970,8289,13298,5020,450593,71492,342,127508,84940,10960,49633,144506,12985,142440,87635,84926,65086,67643,54694
1999-10-01,204875,100347,41734,115172,32393,32988,16547,120810,36484,33048,23245,4071,47906,30503,8799,13969,5086,446925,71783,339,127820,84870,10952,49305,149008,13057,145006,87974,84610,65213,67172,54690
1999-11-01,201644,106037,42325,115291,32317,33371,16739,119896,36732,32252,23303,4410,48045,30802,8797,14241,4999,450827,72174,336,127329,84720,11003,49250,142045,12798,153086,88708,84986,65797,66206,55107
1999-12-01,213090,100687,42007,116720,32952,33910,16933,123207,37557,33527,23961,4217,50054,32760,8895,14146,5189,468562,75194,334,128234,85105,11156,50039,156526,13471,156294,91765,87156,68661,65779,56353
2000-01-01,217055,113886,42327,117667,33028,33871,16927,124046,37318,38629,22809,4185,47806,31237,8246,14269,5323,445466,72894,333,126385,84588,10984,49591,150563,14225,143412,89956,84627,65979,66582,54633
2000-02-01,223295,123869,42166,119413,33400,34301,16885,125397,38341,35419,24070,4369,48421,32320,9102,14487,5420,451992,74227,330,128985,85303,11081,50039,155873,16764,141294,90660,85255,66750,67708,55702
2000-03-01,216525,115911,42715,121050,33639,34772,17555,127226,38757,36503,24275,4891,47842,32329,9076,14825,5431,458882,75898,327,132529,86120,11264,50948,173364,13881,150523,91396,86629,67556,68192,56500
2000-04-01,211122,100102,41300,121824,33547,34926,16836,128695,38328,34022,24480,4836,48489,32557,9328,14665,5546,460457,75250,324,131560,85531,11270,50465,165470,14703,157008,90801,86315,67461,70901,57000
2000-05-01,212066,103790,41652,122322,34506,34903,16946,127028,38806,34094,24612,4732,49503,32554,9409,14615,5430,460187,76125,321,133330,86430,11380,50921,164406,15225,158787,90923,86609,68064,68712,56857
2000-06-01,205459,103380,41794,121627,33834,34958,16895,126563,38910,34710,24612,4767,49210,32373,9335,14333,5465,465180,77415,318,132293,85183,11272,50615,175252,15703,157850,91053,86710,68419,67546,56552
2000-07-01,205705,101697,41278,122885,33430,35370,17005,127620,39354,32888,24893,4683,49484,31477,9433,14550,5536,464831,77750,316,131753,84998,11259,50425,174788,15614,159875,91444,86785,68574,69372,56347
2000-08-01,209876,104774,41349,123177,34211,35536,17052,128262,39169,34108,24145,4984,49499,31707,8726,14275,5586,465822,78123,313,133650,85651,11481,51079,167431,15836,163432,92155,86951,68734,67944,56561
2000-09-01,221200,107626,42918,123652,34726,36224,17099,130394,40159,35248,24809,5000,50472,32269,9076,14768,5610,467823,78592,311,136527,87225,11680,51839,177761,16632,165419,93695,87473,70042,70044,57225
2000-10-01,210645,112764,41357,123987,34810,36237,17186,129390,39572,34018,24794,4978,49698,31627,9056,14848,5599,470958,79607,309,134990,86207,11694,51246,174052,16496,167483,93206,87617,70089,67770,57574
2000-11-01,200094,117910,40904,123009,34862,36245,17047,128550,39899,34774,24881,4764,49054,32075,9023,14704,5598,470077,80233,307,135568,86775,11925,51399,170120,16833,167886,93643,87410,70201,69921,56892
2000-12-01,195456,123063,41701,119506,34940,35947,17493,128971,40495,34585,24697,4790,49579,33503,8708,14437,5637,475823,79513,305,135081,86473,11852,51133,174225,18970,175030,93490,88037,70222,67216,56957
2001-01-01,210277,107448,40593,124637,35575,37226,17491,128188,41258,36096,23561,4591,49222,31599,8104,14872,5712,475579,80913,311,134965,86913,11910,51580,172256,18048,168687,93264,89254,70703,68357,55789
2001-02-01,222561,121345,40909,122982,35147,36434,17630,127097,40016,33702,24956,4917,48905,32344,9455,14909,5588,475320,80306,303,134275,85423,11788,50519,169003,17226,171024,93750,87772,70012,68788,55794
2001-03-01,218927,114578,40791,122652,34615,36322,17264,127220,39452,33196,25234,4809,48629,32071,9553,14152,5621,474628,79917,296,130382,82825,11540,49802,164975,16061,171427,93812,87255,69370,68321,55959
2001-04-01,210961,100956,41427,123259,35100,36711,17785,126329,41392,36290,24702,5005,48121,31770,9101,13807,5629,480746,80957,291,133412,84347,11865,51315,168924,16372,170108,94705,88799,70512,70675,55375
2001-05-01,209181,112343,41412,123115,35132,36902,17850,126491,41529,35014,24703,5020,47411,31593,9145,13502,5639,482419,82203,286,131854,83748,11824,51099,181940,15533,178907,94703,88807,70936,69369,55651
2001-06-01,225802,113580,41415,124110,35219,36766,17661,127821,40881,35109,24470,4916,46390,31117,8980,14108,5766,481274,81907,282,130899,82729,11753,50349,172856,15365,177781,94523,88448,70389,69342,55145
2001-07-01,211040,113294,41228,125090,35504,37095,17689,129246,41402,36538,24615,5061,47305,30940,9049,14036,5865,482292,81542,279,131832,82825,11946,51232,165485,15034,183253,95127,89091,70999,72235,55033
2001-08-01,212163,127450,41428,125051,36351,37588,17578,129368,41566,35339,25258,4940,47629,31442,9583,13924,5885,484348,81671,277,133301,83289,11980,51414,156259,15430,188485,94547,89396,71297,69082,55538
2001-09-01,212404,107550,40335,122343,35438,36221,17353,125556,40511,33424,24373,4753,44997,31155,9287,12581,5843,486633,82123,276,127397,79866,11700,49087,171652,15592,185589,93673,88436,70442,71761,53831
2001-10-01,314800,117853,43100,124476,36370,37346,17596,129179,41915,35405,24859,4883,47007,31539,9337,13397,5989,487408,81877,275,131906,81976,11950,50128,153884,14710,194272,95304,89535,71906,69044,54057
2001-11-01,273249,110286,41523,127072,37006,38133,17675,132320,43160,37537,25018,4963,47836,32077,9499,13410,6217,486130,82190,275,132131,82047,12046,50914,140793,13870,191395,97120,90044,72625,71217,53959
2001-12-01,238849,97454,40961,128999,37414,38638,17670,134502,42108,36874,25233,5326,47473,34347,9667,13783,6315,489958,82264,276,133255,82444,12249,50390,131798,12764,191146,96028,90616,73308,68275,54376
2002-01-01,246426,102576,41104,129472,37329,39123,17887,133628,42498,37610,26131,5197,48220,32477,10286,14546,6188,486396,82515,278,133369,81983,12240,50933,131897,12698,198016,97805,90391,73261,68056,54672
2002-02-01,249524,109652,41301,130216,37410,39317,18067,133693,43476,38895,25169,5082,48736,32799,9433,14158,6246,487573,83273,279,133522,82160,12387,51148,134135,12496,196253,98376,90481,73523,70323,54400
2002-03-01,239397,114404,40756,130363,37806,39487,17861,133389,42781,35870,25502,5090,49969,32212,9622,14153,6212,489740,83706,280,134153,82670,12235,50754,142654,12920,197235,97522,90618,73424,67486,54263
2002-04-01,243025,130903,41731,130878,38077,39642,18185,134127,43155,37228,26013,5134,49190,33590,9835,14562,6244,486965,84140,281,134259,83043,12319,51208,151682,13911,196070,98244,90830,73864,71498,54816
2002-05-01,221461,115406,41072,131263,37680,39965,18082,134723,42379,35905,26058,5304,49200,34084,9803,14039,6256,488628,84459,281,131912,81528,12147,50425,155068,14341,193435,98588,90549,73010,69172,54832
2002-06-01,220619,123000,41675,130013,37722,39901,18109,134751,42422,35673,25587,5333,48983,34421,9348,14167,6270,489016,84677,282,133348,82520,12313,50985,157174,14090,201610,98657,90665,73135,71542,54528
2002-07-01,252743,126578,42284,129011,37740,39956,18072,133778,42344,35593,25861,5352,47663,34659,9489,14334,6179,491389,84970,282,132106,82093,12246,50381,156576,14375,201698,98135,90477,72842,71011,54766
2002-08-01,267390,126359,42617,129658,37199,40198,18068,133712,42892,36627,25664,5211,49435,34914,9337,14231,6152,489595,84327,282,132231,82034,12330,50638,160432,14630,197582,97894,90586,72717,72149,54671
2002-09-01,242697,116140,41923,129441,37160,39980,18040,133121,43665,36761,26341,5121,48331,34606,10078,14257,6198,488810,84443,283,129947,80752,12011,49750,159534,14600,203213,98370,90304,72645,72706,54749
2002-10-01,232477,110975,41769,129843,37647,40590,18157,134478,43634,34662,25996,5144,49379,34975,9690,14189,6335,492432,84399,282,135199,84090,12443,51271,163836,15126,202525,98862,91334,73606,69828,55173
2002-11-01,237103,111088,41786,131587,37635,40583,18309,134230,43831,36456,26331,5236,49412,34585,9883,14223,6248,497661,85121,282,133827,83082,12167,51042,165031,16047,207582,99573,91580,72957,69153,55350
2002-12-01,269749,106376,42070,130808,37860,40935,18087,135190,43826,37287,26175,4958,50814,35193,9616,14514,6391,496556,86462,282,135794,83382,12245,51396,165311,16233,206766,98259,91392,72918,68776,55398
2003-01-01,242948,109790,42349,130109,37603,40673,18449,134193,42574,37764,26697,5185,50128,33347,9842,14462,6481,500948,85562,275,134641,83086,12189,50747,178998,16718,212187,98109,91789,73760,68094,54917
2003-02-01,230371,106603,41901,126510,36487,39711,17761,134448,41864,35680,26168,4927,49443,33802,9674,14461,6564,503914,85203,271,131209,80273,12151,50468,194300,18657,213134,98091,91597,74191,73246,54869
2003-03-01,240516,109538,42824,132096,37403,40156,18518,134894,44334,38388,25732,5011,49073,35023,9536,14825,6764,504987,85275,268,133736,81637,12541,51315,193483,17959,214695,98778,92221,75186,71999,54627
2003-04-01,254855,108833,43131,132528,37483,40833,18154,136669,43993,38682,26328,4877,50080,35580,9778,15029,7019,506392,85100,266,133532,81657,12698,50897,175266,16994,214388,99018,92721,75809,71205,54618
2003-05-01,251184,106700,43512,135288,38253,41213,18409,138030,43685,39470,26351,4908,50460,35552,9803,15558,7349,503998,83955,266,135443,82533,12946,51734,156204,16405,209695,99594,92978,75988,70862,54659
2003-06-01,249681,105681,44068,136443,38769,41493,18817,140639,44101,39760,27350,4878,51830,36964,10189,15666,7548,510871,84526,267,136682,83455,13146,52624,158657,16486,222027,100549,94036,77318,69552,55183
2003-07-01,250353,107716,44522,137489,39744,41447,19009,142305,45030,41656,26599,4869,52546,37905,9916,16047,7774,515259,85430,269,139136,83711,13398,53391,162108,17111,220428,101412,94567,78661,70994,55301
2003-08-01,274216,106869,45163,138817,40177,41830,19083,145409,46745,43133,26990,5199,52848,38378,10065,16376,8004,520986,86339,272,138535,83807,13470,54183,183996,17543,224474,102700,95551,79617,70757,55360
2003-09-01,257451,104201,45525,139180,40197,42384,19237,146069,46380,43087,27086,5103,53153,37382,10099,16539,8024,521965,86595,276,139557,83780,13514,53901,194004,17299,224173,101925,95758,79281,70700,55465
2003-10-01,251822,99836,45219,140494,40225,41854,19278,147455,47260,44827,26351,5175,53658,37817,9818,16918,8159,522679,86930,281,138254,82811,13459,53304,182221,17879,225126,102314,95231,79482,69337,55461
2003-11-01,258492,102173,45950,142245,40590,42398,19298,149179,47797,45508,26430,5315,54961,38035,9837,17052,8282,526228,86568,287,139685,83551,13679,54150,183423,17287,232316,103329,96006,80127,68743,55463
2003-12-01,257391,101544,45290,142483,40341,41867,19103,151985,47071,44605,26085,5313,54973,38063,9693,17197,8512,524708,87248,296,141181,83743,13785,54220,185061,18879,229444,103720,95535,80661,70016,55584
2004-01-01,254761,100488,45305,143261,40711,42128,19186,152200,45902,42289,26887,5281,54805,39323,9972,17239,8352,532856,87750,303,141089,83886,14051,54308,198668,19582,228598,103458,96334,80891,71345,56537
2004-02-01,258392,101995,46138,144195,41096,42425,19227,152978,48651,45967,26979,5352,56404,39735,9987,17292,8353,529455,87311,311,142598,84255,13882,54671,197970,19527,221160,103036,96064,81085,70908,56716
2004-03-01,258087,105367,46828,147316,42257,43473,20501,153985,49439,47327,26954,5239,56671,40199,9959,17352,8476,535006,88109,319,145408,85914,14139,55501,204603,16362,231579,104558,97663,82659,72278,56825
2004-04-01,249087,102686,46026,146720,41572,42843,20250,155732,47970,45957,26846,5270,56200,39891,9902,17235,8603,536342,88745,326,141163,83495,13777,54599,196399,18257,234486,105210,96659,82060,74050,56614
2004-05-01,264840,111847,47099,145877,42430,42685,20284,157128,48860,46621,27032,5338,56182,39460,9954,17250,8628,538894,89415,333,143474,84484,14037,54803,208544,18212,236430,104699,97195,82636,73874,57088
2004-06-01,224736,104948,46037,148281,41982,42850,20321,158083,47854,45522,26929,5305,55787,39073,9901,17237,8767,539761,89131,340,142353,83195,13892,54271,213739,18759,235414,104925,96679,82278,73648,56587
2004-07-01,243956,109220,46969,151845,41711,43445,20322,159640,49062,46810,26941,5442,56163,39547,9891,17166,8761,541877,89299,347,142763,84148,13930,54874,208758,19575,237865,105393,97449,82814,73311,56770
2004-08-01,246272,111941,47123,149964,41989,43288,20320,160447,47937,45809,27058,5418,55856,39688,9921,17187,8752,544897,89476,352,143338,84286,13986,54544,210965,20202,239217,106092,97496,83034,74607,56791
2004-09-01,263166,112224,47882,149456,42300,43566,20456,162258,47602,45712,26838,5419,57026,39703,9827,17096,8746,549865,90143,357,144081,84073,14064,55415,213710,19258,242106,107253,98203,83389,74046,56895
2004-10-01,251249,118904,48296,152290,42471,43569,20217,162893,47605,46258,26741,5257,57565,39400,9780,17382,8746,551886,90823,361,146189,85173,14314,55694,232428,20449,243667,107623,98650,83606,74435,56989
2004-11-01,253344,118042,48311,152331,42890,43529,20242,163962,47191,44905,26489,5243,57575,40165,9676,17296,8727,555630,90609,366,145816,85558,14462,55519,240044,21503,242822,107633,99026,84224,74954,56753
2004-12-01,261279,119417,49468,155566,43552,43957,20577,164688,48425,48107,26722,5352,58636,40733,9752,17611,8765,559472,90417,369,146439,85627,14492,56524,234682,20595,242572,108873,99750,84762,76513,56918
2005-01-01,238918,115670,50224,154275,44096,44245,20849,166817,48553,44953,26670,5385,58185,41053,9723,17964,8861,563086,89843,369,146961,85460,14744,56496,229701,21520,243621,108600,100137,85907,75982,57738
2005-02-01,240275,118059,49743,155923,44355,44296,20628,169294,50199,48951,26782,5530,59680,41847,9755,18944,8979,563052,91986,370,148906,87217,15151,58824,233951,21903,241049,109155,100601,86611,75291,57167
2005-03-01,252666,112993,49049,155635,44191,44179,20760,170505,50394,50161,27005,5100,58508,42005,9825,18324,8913,565366,91065,371,147030,85940,15001,56422,235961,22127,241061,110226,100233,86469,72472,57125
2005-04-01,268135,106512,50457,158584,45195,44943,21138,171402,52870,51862,26787,5313,60424,41875,9735,18668,8868,572047,91733,373,150450,87140,15249,58711,246141,22401,238494,111816,101824,86934,75460,57952
2005-05-01,248664,108869,49731,157525,44776,44144,20832,172031,50581,48889,26744,5253,58533,42196,9709,19073,8856,570243,91341,376,148622,86197,15226,58701,233367,21327,249707,111439,101020,87053,75360,57676
2005-06-01,272262,110179,51441,160826,45402,44803,20992,173547,51989,50955,26664,5310,60029,42467,9669,19159,8887,574320,91986,380,151021,87143,15584,59221,230237,21843,248184,112763,102018,87613,76462,58163
2005-07-01,320812,111795,52402,160604,44728,44097,20791,174544,50660,49868,27544,5356,58228,42908,9978,18866,8992,574039,91904,383,148226,85701,15397,58963,258277,21227,249211,112545,101335,87651,78265,58130
2005-08-01,253272,111472,50644,162315,44837,44649,20831,175702,51683,49811,27225,5333,60269,43081,9850,19322,9206,577588,92795,387,150118,86330,15488,58985,284052,22647,248880,113584,102400,88030,78415,58507
2005-09-01,232864,107461,49645,164109,45264,44218,21206,176808,50227,48938,26564,5193,58605,44367,9597,19208,9490,581363,93708,391,147114,83767,15408,59198,325558,24013,249554,112692,102295,88853,78522,57794
2005-10-01,206390,106835,49791,165358,46274,45372,21574,179923,51415,48156,27210,5749,61096,45456,9818,19558,9670,586238,94348,395,152657,87070,16019,61462,318573,22857,260661,115271,104126,90134,77463,58526
2005-11-01,219379,108992,51917,165859,46050,45244,21407,179295,51099,49456,27113,5056,60869,45519,9770,19582,9792,587184,94690,400,152261,87118,16056,61412,271633,22627,256564,116989,104131,90314,77436,58586
2005-12-01,233096,106574,52262,165697,46001,44973,21233,179453,50747,47548,27402,5235,62595,45486,9862,20257,9772,588855,95209,406,152368,86505,15978,61095,269707,23589,255529,116690,103907,90463,78982,58704
2006-01-01,239301,108511,53896,169830,47761,46720,22431,187031,55330,53281,27667,6091,62204,46088,9943,21126,10660,588573,95928,427,152892,86536,16396,62554,289950,19330,265288,119735,105735,92075,80380,59390
2006-02-01,226499,104260,52569,169276,47376,46172,22413,184034,54153,51344,27450,5809,64907,46138,9849,20892,10368,593498,97941,439,152025,86501,16231,62268,282766,22248,267743,119287,105824,92567,82348,59473
2006-03-01,231572,107432,52715,169717,47541,46100,22283,186254,53149,49420,27655,5858,64118,45979,9906,20729,10576,592781,96489,450,152776,86520,16256,61266,275887,22885,268633,117778,105662,92504,81571,60421
2006-04-01,230725,109239,52862,168777,47236,45705,21801,186047,53229,51859,27553,5563,62721,46093,9851,21063,10722,594810,97568,457,153910,87314,16559,62763,301464,23472,270521,119095,105912,92859,80166,59193
2006-05-01,229289,109509,52084,167423,46574,45456,21276,185688,53294,50930,27390,5531,64351,46616,9775,21137,10870,598595,98095,464,151921,85730,16535,61885,303697,24807,271909,118362,105733,93343,80236,58941
2006-06-01,231269,109379,52711,169913,46156,45194,20977,186203,52833,49553,27873,5119,63733,46394,9928,21159,11115,598342,98022,471,153186,86301,16636,62342,303932,25309,275471,118145,105476,93442,80396,58771
2006-07-01,251025,107289,53707,169539,46894,45177,20933,185751,53866,50425,26983,5190,63815,46438,9591,20869,11204,600998,98253,476,153990,85970,16659,62326,335500,25521,276048,116995,105664,93539,79753,58414
2006-08-01,227095,106826,53477,170750,47157,44986,20924,187516,53334,49180,26460,5304,64299,46550,9388,21440,11304,604424,98477,479,152647,85675,16618,62551,336316,25818,277144,118360,105623,93975,79118,58790
2006-09-01,233445,108846,54046,170956,47062,45495,20480,189524,56596,52378,26653,5529,65144,47735,9439,21969,11612,603001,98637,481,155198,87985,16935,65321,299895,24550,282404,119148,106090,94652,78975,58774
2006-10-01,234642,111722,54155,170716,46836,45257,20689,188684,55945,52691,26834,5426,64211,47239,9485,22046,11752,612710,99273,484,154837,88070,17050,64769,269352,24999,283264,120290,106349,94976,81403,58883
2006-11-01,230651,108871,54102,170111,46455,44664,20434,191773,54916,53073,26763,5440,64959,48474,9440,22252,12011,611956,99933,480,152716,85749,16819,63476,263353,24280,285693,119319,105486,95563,82343,58801
2006-12-01,231045,109642,54982,170929,46630,45356,20635,197249,54871,52212,26685,5397,66294,49013,9390,22730,12491,619081,100158,474,157986,87662,17305,64661,288998,21472,290482,121402,106951,96507,85308,59029
2007-01-01,240606,105278,54862,173258,47492,45715,20781,194998,55995,53856,26686,5155,65661,48713,9368,22608,12438,621727,100425,456,157580,87568,17282,64828,279665,22293,289402,122346,107203,97195,84308,58022
2007-02-01,243021,104107,55021,171997,46701,44951,20655,194956,52798,49403,26505,5320,65604,49432,9284,22848,12523,623847,101315,440,155438,85418,17268,63142,282699,28157,289124,121722,106045,97229,84851,58003
2007-03-01,234014,107473,55968,173078,46964,45313,20775,195824,54051,51474,26704,5469,65827,50044,9337,23480,12671,626249,101790,426,158379,87613,17531,65623,299755,23246,291432,124491,106941,97868,83866,58282
2007-04-01,237268,108245,55624,173425,46200,44434,19998,196524,53425,51962,26310,5617,66143,50821,9189,23173,12869,625955,101083,414,154104,85319,17147,64108,310073,26681,292323,122766,105716,98129,82500,57241
2007-05-01,237849,115175,56305,172827,47362,44689,20355,197321,55926,53715,26663,5440,67448,51201,9306,23124,12984,628430,102826,404,157181,85882,17427,64959,319832,24143,292217,124056,106153,98356,83365,57235
2007-06-01,225839,110227,55936,171428,46517,44552,20088,197636,55917,51989,26772,5304,67423,52435,9343,23713,13039,632320,103514,395,155134,85052,17437,64935,320515,23574,295443,124468,106136,99068,84249,56884
2007-07-01,220619,112191,56078,172952,46527,44584,19963,200615,55351,51916,28074,5366,67808,51880,9783,23710,13247,637440,103347,389,155161,85345,17824,65504,329076,24432,295796,125485,106421,99174,84355,57519
2007-08-01,227110,114611,56790,172133,46904,44743,19898,200880,56597,53812,27016,5381,67024,53211,9384,23527,13337,635799,102060,384,155264,83754,17942,65223,312440,25028,296495,125205,106319,99864,84333,57080
2007-09-01,236954,116114,57285,170856,46763,44454,19717,200633,54993,53694,27166,5225,68337,53936,9411,23703,13313,639431,102372,382,154746,84055,17789,64522,330383,26164,293875,124793,106186,100306,85110,57571
2007-10-01,242137,115416,57852,170455,46605,44318,19516,201496,56254,53986,27585,5592,68019,53134,9535,23707,13419,642846,101916,381,154997,84179,17792,64259,328606,25986,293470,125423,106060,100052,85408,57975
2007-11-01,229033,113816,56959,170524,46927,45235,19644,205636,56134,51143,27858,5382,68742,53238,9614,23950,13909,649271,102385,382,156037,85120,18079,65047,356671,29126,296215,127001,107443,100484,84955,58999
2007-12-01,223365,111508,56217,168831,46182,44686,19519,202114,55391,52245,27595,5436,68184,51652,9513,23970,13620,653245,103551,385,155294,84474,18034,64892,369315,28700,294995,126156,107484,99713,83828,57872
2008-01-01,217965,111509,56298,167749,46870,44067,19842,198152,55598,51002,26970,5566,68034,52121,9452,23758,13470,653996,102611,390,153512,85375,18243,65086,363414,28226,298799,126253,107389,101028,82865,57340
2008-02-01,215973,104786,56084,162835,46894,43014,19828,196845,54474,51511,26755,5322,66087,51439,9520,23491,13558,653165,102242,394,152642,84160,18106,64083,355830,28979,300335,125743,106303,100807,81186,56304
2008-03-01,207548,107828,56140,162899,46860,42353,19783,197201,55015,49940,26388,5300,67958,51509,9521,23685,13758,656533,102255,397,151584,83743,18280,64080,379583,30878,299438,126702,106365,101265,82582,55923
2008-04-01,199996,107905,56033,162979,47120,42584,20114,200394,55622,48754,26839,5235,66056,51677,9809,23879,14078,664948,102387,398,153717,85112,18363,65896,366364,32473,300862,127861,107587,101983,83570,56822
2008-05-01,199613,105832,56490,162180,47039,42692,20401,203645,57027,50513,26463,5329,66454,51573,9786,24085,14599,667987,102770,398,154393,85965,18512,66630,380424,32598,302028,129824,108437,102897,83697,56382
2008-06-01,191608,107845,56223,159742,47334,42819,20731,200735,57717,48626,25613,5257,66885,51576,9570,23663,14448,669503,103321,398,154360,86418,18644,66691,419514,32086,300004,129018,108874,103087,85115,55966
2008-07-01,169376,101854,55753,158342,47102,42271,20715,200729,57867,47583,25833,5334,67288,51886,9747,23627,14664,671805,103884,396,153883,85824,18580,66526,427101,33395,301616,130448,109014,103496,86897,55947
2008-08-01,195868,101141,55385,155513,46032,41448,20514,196677,56422,47667,26330,5344,66511,51101,10027,23590,14754,673000,103531,393,152520,85422,18520,66216,412868,31145,304170,129930,108055,102824,85975,54753
2008-09-01,182448,100471,55131,149376,45504,39927,20422,193267,53918,43671,24560,5090,62496,50106,9414,22580,14781,669372,103049,388,147263,81819,17959,62841,400482,31576,303733,129020,106315,101549,86002,54016
2008-10-01,150268,98456,53841,148019,44634,39784,20215,189215,53301,40878,24512,4762,61733,50293,9459,22435,14809,669575,103153,383,144499,80725,17782,62493,367002,29980,305558,127904,106255,101574,84956,52873
2008-11-01,143673,91572,53914,144989,44355,39692,19433,187910,52121,38966,24297,4819,58599,51017,9431,22450,15156,671585,103094,376,145670,81954,18121,62831,255381,27026,308071,126273,106434,102564,83734,51538
2008-12-01,148280,93233,53707,143835,43377,38779,19175,184131,52024,36955,24048,4698,56312,50370,9372,21731,14924,668352,102228,369,142689,80871,17889,61976,203494,23247,308058,125332,105348,101338,83904,51837
2009-01-01,153039,102417,53917,143028,44734,38568,19260,190240,53199,38885,24409,4601,57521,51710,9548,22125,15815,675299,103649,360,144646,82137,17889,62475,211220,24145,308893,126961,105799,102760,83579,52271
2009-02-01,144747,99910,53393,142968,43598,38133,19181,189342,53144,35922,23740,4686,58964,50559,9315,22516,16058,668022,102322,352,145530,82349,17966,63013,233319,23238,312043,126925,105378,101818,87694,52045
2009-03-01,150061,96316,52430,138540,42653,37650,19052,180072,51320,35177,23667,4573,56781,49997,9326,21361,15268,667094,102401,346,140107,78686,17580,61146,219221,22725,311175,125339,104561,101126,95110,51149
2009-04-01,140688,98381,52654,138573,42664,37738,19005,178851,51805,34167,23978,4566,59058,50060,9493,21729,15358,667819,102341,342,141990,79540,17647,61455,220993,22213,313359,126290,104959,101322,99011,51496
2009-05-01,158120,98703,52757,139114,42628,37816,19388,177992,51708,35534,23447,4463,59075,50626,9322,22713,15520,669145,103003,339,143838,80205,17680,61834,231571,21570,316714,125945,105348,101797,92016,51542
2009-06-01,163707,100204,53053,139006,42322,37247,19076,178651,51836,35128,23641,4957,59105,50794,9448,22385,15850,667831,102125,337,141301,79185,17470,61562,275801,23226,314463,124927,104794,101344,92875,51599
2009-07-01,182249,98424,53074,138301,42267,37413,18884,177311,52136,36094,23374,4729,58990,50095,9388,22271,15808,667065,102448,337,142525,80322,17609,62190,274979,22493,316406,125033,104977,100939,96617,51933
2009-08-01,240699,103030,53914,137879,42847,37193,18859,177110,52264,37177,24699,4562,59937,50303,9990,22692,15910,666190,103512,338,144759,80694,17616,63308,291860,22900,317695,124614,105002,101300,96963,51932
2009-09-01,150013,100442,51474,138031,42478,36973,19045,178441,52208,38091,23840,4682,60264,50794,9695,22709,16257,669715,103998,340,143912,80494,17702,62867,291782,22623,322442,125240,105359,102099,97455,51896
2009-10-01,161715,100880,52646,137393,42595,37038,18686,177333,51600,36579,23422,4612,59560,50841,9583,22867,16238,670419,104502,344,145765,81311,17864,63102,298153,24220,321285,125355,105925,102563,96606,51921
2009-11-01,169833,101069,52218,137619,42585,36701,18664,180998,51995,37767,22938,4502,60639,50846,9443,22678,16938,667639,104508,350,143850,80334,17525,62692,309317,24152,317857,125877,105438,102319,96500,51809
2009-12-01,172608,101437,52778,137845,42445,36711,18906,180240,53589,36038,23250,4916,60533,51131,9641,22613,16907,673574,106395,357,143136,80593,17505,63606,307261,25348,318104,126175,106309,102825,97624,52037
2010-01-01,157865,99774,53159,138519,42912,36762,18918,181520,52349,34302,23533,4782,60205,51292,9835,23132,17247,670890,106016,365,146193,81744,18032,64185,313680,25583,318403,125757,106387,103814,99107,52301
2010-02-01,150788,102760,53447,139556,43091,36817,19009,184329,51368,34299,22833,4613,60124,51743,9606,22926,17889,683564,107688,372,146122,82395,17984,64630,301392,25415,318650,127234,107591,104995,97921,51872
2010-03-01,189139,103125,55289,141971,44002,37257,19965,181520,52562,36126,23141,4569,61026,51464,9805,23506,17486,676544,107630,378,148964,83775,18164,65883,300393,22834,322618,129079,108090,104887,96722,52693
2010-04-01,180932,101905,56341,141458,45210,37036,20601,182202,52688,37006,22560,4604,60416,52269,9625,23294,17818,677217,108098,384,149469,83855,18168,65521,305751,23147,322788,131016,108508,105884,96482,52388
2010-05-01,179730,103983,56215,140920,44980,36438,19882,182007,52342,35062,22788,4696,60228,51234,9798,23387,17970,675865,107411,388,148264,83093,17936,65056,297412,24272,322005,128730,107620,104874,98152,52006
2010-06-01,178412,106380,56359,140081,44319,36200,19821,184233,52951,35291,22703,4822,59590,51180,9830,23476,18435,672560,107752,391,148176,83157,17943,65288,293171,24520,330283,129415,107643,105232,97785,52421
2010-07-01,182770,106427,56644,139712,44107,36046,19788,181865,52382,35558,22613,4687,60936,52092,9865,23687,18291,673649,106885,393,147903,82708,17769,65107,300436,23903,328020,129073,107601,105753,97442,51769
2010-08-01,185852,107188,57605,140557,43891,36237,19708,182228,52871,35203,22532,4657,60551,52634,9896,23833,18264,676435,108635,394,149154,83527,17865,66135,304363,23900,328084,130807,108296,106397,98201,52246
2010-09-01,184004,108286,57771,140593,43774,36081,19891,184365,53360,35878,22168,4420,59520,53428,9802,24129,18619,680581,108661,394,149490,83627,17926,65837,312474,24588,330759,130821,108622,107026,98701,52239
2010-10-01,198236,112268,58296,140338,43883,35735,20237,183254,53392,37457,22000,4739,62673,54174,9794,24222,18469,679622,109004,392,150368,84296,17860,66767,327808,24293,331421,132065,108552,107515,97415,52206
2010-11-01,196067,109263,58776,141462,44465,35924,20607,181791,53863,37964,22235,4679,63580,53534,9973,25013,18255,688141,109084,390,153609,86520,18215,67606,333549,24810,331663,132148,109590,107940,99205,52213
2010-12-01,203671,105701,59167,141152,44465,35859,20855,183723,53407,35361,22154,4740,61358,53765,10004,24788,18537,687961,107872,387,152092,85805,17764,67392,355229,27689,328874,132071,109708,107925,97628,52208
2011-01-01,205940,104281,58882,140287,44493,36021,20605,185692,53807,36553,21917,4747,64525,53844,9958,24846,18571,694137,108784,383,152764,86144,18027,68155,355930,28151,339524,133540,110645,109397,97014,53247
2011-02-01,202570,103398,59085,142080,44596,35846,20394,185457,54018,37239,22076,4759,63938,54114,10107,25374,18716,697771,109701,379,154271,86802,18146,68448,362077,27339,335928,133232,110960,109356,96711,52542
2011-03-01,208124,101877,59955,145004,44995,36055,20812,187410,54131,36166,21422,4756,65569,54344,9869,25537,19020,699699,109178,375,155069,87152,18128,68336,384837,26780,337923,134197,111617,109682,99159,52539
2011-04-01,205182,96769,59574,144300,45364,36005,21173,187846,54755,36806,20763,4875,68632,54540,9628,25598,19082,708792,109461,372,155501,87596,18265,68653,397608,27546,337660,134382,112615,110130,99891,52459
2011-05-01,200305,96515,59614,142934,45324,35418,21709,187237,54645,36730,20707,4831,67454,53825,9672,25352,18972,704069,109082,369,155398,87533,18119,69225,398499,27194,339681,134232,111888,109583,98349,52482
2011-06-01,192241,95295,60900,143375,45737,35624,21920,188019,54888,37155,20644,4768,67358,53882,9713,25969,19087,710076,110014,367,157825,88535,18170,70360,392174,27409,342514,136070,112996,110203,100372,52578
2011-07-01,198427,96633,60368,143639,46092,35006,22165,188529,54757,38362,20232,4622,67097,54859,9595,26021,19308,711741,110056,365,157050,88124,17965,69542,391795,26764,341107,135071,112758,110646,95427,52095
2011-08-01,198130,92285,61292,143754,46164,34952,22337,188795,55401,37190,21345,4611,68459,54841,10232,25852,19594,715031,110344,363,154735,87893,17729,69773,389549,27778,342309,134916,113192,110774,97243,52074
2011-09-01,215004,93477,62271,144445,46993,34713,22180,186205,55370,36613,20272,4814,68744,54407,9805,26429,19578,714538,111103,362,158496,89487,18103,70941,397446,27381,342502,135964,113238,110575,95098,51558
2011-10-01,225041,89521,62176,144568,46916,34652,22554,193121,56018,37976,19454,4539,67016,54638,9488,25987,20713,718124,111361,361,157619,89258,17932,70941,389614,27569,343959,136740,113939,111141,96429,52527
2011-11-01,218888,93787,62339,145299,47515,34607,22492,190125,54894,37427,19014,4930,66510,54045,9362,26219,20454,718773,111969,361,159670,90039,17907,71299,393674,26238,347942,135736,114376,110912,94219,52454
2011-12-01,224419,95239,62336,146816,47462,34270,22680,187412,54449,39625,18446,4869,66993,54164,9171,26240,20353,715865,110422,361,160361,90164,17667,71709,388235,24022,350339,134381,114280,110912,94983,52029
2012-01-01,231745,92490,63348,148855,47865,34377,23205,187922,55920,40817,18815,4918,67632,55244,9457,27008,20791,723360,112968,361,160859,90509,17669,72058,392201,22340,353100,138065,115594,112755,96945,51905
2012-02-01,240213,93992,63151,150233,47990,34151,23149,190064,56527,40075,18675,5052,70113,55353,9481,26540,21124,724037,113495,362,163153,91792,17755,74428,411553,21955,354664,139090,115826,113131,98519,52229
2012-03-01,231104,94006,62490,148791,48553,34321,23988,190586,57862,42020,18530,5336,67569,55209,9506,26458,21655,728121,114327,365,163858,91738,17666,73725,408243,21040,355052,139398,116755,113246,96015,51752
2012-04-01,238764,95112,63072,147228,47467,33498,23603,188386,57316,39909,18819,4964,66124,55596,9760,26078,21656,730036,114695,368,160455,90964,17288,72561,407646,23787,356955,139694,115898,113443,96722,51220
2012-05-01,231647,93980,63067,148302,47752,33580,23623,190165,57032,39615,18570,4927,68099,54912,9734,26274,22154,729937,115239,371,160843,91298,17140,72946,394563,25005,354117,138763,116251,113281,96648,51351
2012-06-01,231148,93401,62902,147261,47849,33253,23252,189158,57159,40271,18234,5267,67959,54209,9662,26620,22281,730255,114919,376,162176,92046,17134,72626,375305,24594,350556,138534,116092,112797,94281,50678
2012-07-01,231106,93576,63522,148917,47699,33285,23205,191196,57734,39672,18086,4961,67778,55201,9631,26342,22784,733689,114009,382,161917,92331,17184,73358,361147,25497,354277,140824,116804,114027,94989,50908
2012-08-01,230208,99089,62920,148201,48005,32962,23399,190171,57657,41687,18218,4439,68048,54709,9684,26486,22541,732338,113090,389,161920,92834,17320,73827,405621,25706,353333,141085,116585,113521,90762,51178
2012-09-01,240477,99268,63959,148309,48281,33008,23676,190876,57495,40373,17782,4893,69900,54699,9433,26896,22576,733837,113971,396,163243,92722,17379,74523,410178,26071,353668,141473,117023,113356,93205,51646
2012-10-01,239858,96016,63826,146274,47798,32846,23963,189237,57733,40622,17717,4924,68230,53415,9381,27011,22343,738391,114326,404,162965,92024,17314,73547,424198,25148,352225,141072,117133,112590,92556,51794
2012-11-01,251488,101656,63482,149431,49247,32862,24240,192964,57908,41020,17841,4866,68710,54959,9428,26441,22833,737553,114285,414,163157,92277,17672,74347,399957,25496,356687,141139,117487,113562,94838,52616
2012-12-01,245747,103535,63929,152773,49081,33412,24234,194353,59393,42299,17882,4945,72854,56323,9433,26797,23119,738142,114741,424,162050,93747,17860,74432,383089,22874,358657,142380,118453,114625,94524,53024
2013-01-01,251763,105616,64713,151808,49791,33920,24701,195229,62386,43680,18565,4820,70341,55351,9644,27540,23250,741764,114765,435,166727,96163,18081,75756,402943,23805,362952,143969,119171,115186,100571,53142
2013-02-01,249151,108535,65747,151024,50057,33937,25210,195646,61570,44171,18379,4864,70298,55865,9408,26947,23428,749196,116026,446,163596,94590,18073,75578,419625,25153,358799,146203,119228,115363,98966,52856
2013-03-01,244601,106038,65126,151487,50233,33585,25473,192975,60193,44358,18304,4974,69759,55877,9241,26737,22909,746531,115762,456,163642,94200,17894,76017,401418,25744,357638,145904,118290,115060,96537,52694
2013-04-01,250955,104587,65443,150645,50645,33581,25883,191607,58475,44896,18313,4982,69493,55680,9126,26854,22908,743214,115267,466,163118,94222,17988,77084,385498,25735,360277,145951,117679,114610,90519,52223
2013-05-01,251952,105237,66541,150072,51380,33690,26424,191920,58932,46516,18538,4967,67920,56300,9127,26878,22933,748731,116267,476,163774,94686,18205,76540,385629,24252,360204,146973,118024,115400,96861,52408
2013-06-01,249330,105664,66843,152079,51281,33898,26337,192296,58568,47308,18616,4925,67487,55918,9061,26866,22973,749692,116008,486,163648,94396,18198,76770,389385,24052,361692,145224,117940,115091,96006,52640
2013-07-01,252628,105164,67381,152217,51722,33901,26801,191846,58603,47261,18481,5075,66930,56584,8910,27099,22974,754121,117536,496,164577,95426,18410,77655,392833,24499,365421,146210,118262,115795,96846,52902
2013-08-01,247134,104985,67921,152412,51884,33961,27047,192217,58906,49697,18219,5071,66397,56126,8716,26936,23219,754671,118228,505,163831,94279,18204,76872,397547,24465,367661,146232,118184,115654,92804,52833
2013-09-01,250495,102379,67626,152902,51981,33914,27229,191761,58326,48228,19134,4944,67546,55636,9097,26767,23410,757793,118999,514,163229,94825,18322,77085,393203,25217,370457,147287,118422,116276,97633,52901
2013-10-01,246444,104686,68834,153209,50990,34134,27152,192378,58724,48196,18921,4968,69147,56759,8943,27085,24027,758508,118766,523,164396,96621,18549,79081,389410,26486,371528,149176,118419,116831,96723,52455
2013-11-01,251466,107751,69528,153910,51634,34253,27332,191907,59932,49505,18996,4881,67896,56540,8933,26853,23961,760378,119977,531,162618,95679,18380,77546,397092,29635,372663,149216,118766,116839,97113,52852
2013-12-01,251238,102155,69885,150277,51865,34333,27448,192402,58748,45571,19085,4780,69117,56451,8938,27308,24078,767525,120831,539,163884,96574,18665,78566,393440,32414,375256,150269,118900,116838,95877,53070
2014-01-01,247318,99061,67854,148413,51678,33391,27494,189652,57521,48333,18217,4771,68921,55323,8503,26734,24285,769554,121183,547,162451,94973,18360,77487,400243,32616,375795,145810,117891,115785,96218,51971
2014-02-01,250708,108675,69246,153051,51826,34000,27679,192598,59300,52175,19243,5050,68660,55834,8954,26999,24868,772245,121062,555,164315,97053,18696,79252,400772,33142,378062,151305,119460,117284,96157,52963
2014-03-01,270763,111125,70112,155310,52211,34035,28077,194391,59154,50702,19419,5065,68671,55931,9002,27067,25245,773531,121473,563,166138,97794,18852,79357,388595,31450,382975,151674,119708,117553,96506,53415
2014-04-01,261465,111339,70559,157131,53267,34468,28914,194766,59601,50291,19230,5454,69670,56426,8878,27809,25418,776622,122587,571,169861,100323,19340,81176,402155,29132,385104,153682,120733,118622,96892,53546
2014-05-01,266626,113896,69904,157384,53236,34340,29475,193926,60044,52578,19396,5255,68376,57406,8918,27249,25489,780505,122875,578,168212,98803,19128,80050,394856,26998,390730,154002,120895,119175,97288,53459
2014-06-01,272856,115953,69648,158359,53802,34432,29818,194764,60711,51776,19340,5207,68738,57322,8850,27364,25575,785236,125274,585,168523,99487,19240,80929,392650,26183,392977,156614,121402,119483,97936,54276
2014-07-01,268337,117360,69719,158495,53487,34597,29648,195504,60101,53155,19534,5058,69148,57309,8897,27428,26041,787448,125092,593,169635,99850,19375,81197,397009,26553,394481,156712,121655,119721,98422,54132
2014-08-01,269802,119234,70637,161013,54482,34854,30250,195591,61461,51009,20077,5135,69673,57616,9099,27677,26392,790602,125959,600,170948,100679,19534,81427,393482,26562,397491,158618,122375,120418,98531,54457
2014-09-01,263766,124854,70010,160916,53673,34725,30445,196979,62101,54553,19469,4990,68258,57689,8772,27468,27294,792418,126003,606,169207,100615,19571,80998,373729,25827,399707,158652,121934,120321,99188,54303
2014-10-01,263024,126797,70418,161740,53712,34869,30411,197298,62200,53012,19692,5371,69096,58334,8822,27597,27429,796276,127304,613,171219,101611,19769,82085,376250,24184,400887,160026,122354,120972,99895,54726
2014-11-01,269183,125821,73322,162918,54500,35067,30643,198099,62213,50841,19954,4803,68423,58301,8887,27972,28057,798730,126934,620,173494,102559,19880,82597,353897,26622,402960,160785,122710,121454,100242,54463
2014-12-01,269111,129891,70704,163347,54141,35376,30449,197166,61537,52324,19764,4682,68235,57384,8746,28137,28208,800847,128230,626,173526,101751,19906,82016,323547,24431,409925,162620,123028,121388,100647,54580
2015-01-01,266614,129131,71752,163668,54871,34970,30991,195982,60849,54900,19822,4931,68897,58815,8715,27366,27924,803934,128692,632,170563,100882,19890,81986,276974,24268,408285,161294,122842,122557,102313,54371
2015-02-01,269210,134512,72092,162209,54038,35045,30253,194237,61695,53081,19800,4955,69607,58770,8648,27743,27862,805468,129487,637,171508,102398,20137,82746,286551,28719,406234,161864,122613,122451,101914,54482
2015-03-01,284410,134853,73773,165469,55363,35728,31574,190238,63604,57781,19531,5038,69619,58182,8475,28043,27500,805922,131304,639,172896,103062,20319,83398,298170,25258,411486,162334,123711,123213,102310,54527
2015-04-01,281750,141453,74251,166431,55791,35809,31729,191830,63080,56429,19718,5152,69816,58151,8503,28233,27790,803642,130483,640,172129,102947,20356,82963,295934,22479,412453,163121,123228,122574,103041,54481
2015-05-01,280965,141722,75062,168641,56532,35956,31881,190082,64245,56852,19720,5103,70137,57918,8452,28275,28031,803963,131563,639,173860,103924,20596,84519,316705,21369,415229,165200,123887,123233,103357,54382
2015-06-01,280654,139200,75843,167392,55798,35876,31843,191361,64368,56216,19724,5092,70720,58604,8403,27959,28757,807252,132269,636,171654,102796,20335,83543,321962,21581,416892,165741,123663,123559,103534,54150
2015-07-01,280964,140879,76349,169182,56579,36169,32780,190363,64879,56358,20098,5343,70373,59281,8511,28230,28362,810777,133547,631,172879,103548,20528,84386,325991,21091,420742,166974,124423,124569,104238,54561
2015-08-01,285612,139204,75858,170143,56095,36061,32998,191264,64898,58755,20457,5206,69708,59492,8614,28062,28463,810564,133689,624,173592,103977,20626,84485,319364,20151,422009,166807,124248,124778,104979,54790
2015-09-01,278493,139492,76263,171399,56285,36221,33065,193159,65287,58592,20473,5401,68162,57410,8570,28172,28668,815263,134003,616,174033,104651,20814,85603,287738,19959,422154,167700,125127,124965,105409,55311
2015-10-01,270762,138587,75999,171253,55765,36180,33217,193146,64637,60417,20688,5373,67393,58970,8611,28073,28430,809081,133415,605,172633,103423,20472,85180,283563,19482,425040,166485,124605,125040,105617,55259
2015-11-01,277800,143578,77031,171601,56240,36370,33788,192225,65161,59336,20759,5573,68368,59059,8593,28633,27948,814874,134716,593,173045,104808,20645,85679,282793,16964,427208,168336,125223,125609,106345,55439
2015-12-01,266013,141800,76862,174487,57433,36492,34630,193477,67072,63550,20992,5731,69731,59358,8642,28677,27879,816516,136178,579,173490,104557,20604,86571,273109,15383,426645,168400,125801,126236,107494,55908
2016-01-01,265928,145122,77522,173316,57864,36406,34683,192395,67190,61424,21294,5524,67575,59418,8719,28104,27189,817471,135468,563,173435,104734,20861,86461,258645,17734,424184,167106,125418,125829,108929,56171
2016-02-01,268974,156001,78107,174621,58151,36559,34997,194365,67797,62753,21071,5505,68512,60582,8578,28988,27511,823313,137958,548,176543,106447,21186,89502,234062,17663,428595,169229,126564,127651,108051,56409
2016-03-01,259739,147268,77226,174287,58278,36379,35546,194244,68394,63036,21320,5462,68069,59220,8630,28980,27145,817397,136923,534,174998,105735,20888,87085,256897,15191,426677,170066,126135,126638,108530,56518
2016-04-01,267977,148843,77014,174121,57722,36414,34880,194593,66829,62553,21682,5443,67526,59075,8726,28886,26943,825944,138358,521,174571,105012,20854,86730,264119,18018,428101,172323,126457,126782,108403,56746
2016-05-01,269026,143305,77758,175389,57522,36429,34743,196840,67626,62396,21493,5375,68523,59199,8595,28956,27065,828132,139518,509,174730,106296,21024,87854,269327,19077,427311,173321,126364,126733,107872,57131
2016-06-01,271982,148921,78657,177607,58683,36834,35562,197563,70181,63267,21781,5347,67224,59953,8655,29186,26836,831888,140869,498,176843,108249,21370,89213,279933,19172,429494,174693,127364,127941,109083,57518
2016-07-01,281486,150697,78394,176249,58376,36650,35580,198565,68188,64320,21800,5198,66373,59008,8607,29006,27082,827724,141234,488,175127,107210,21219,88394,266679,18588,427175,173820,126774,127093,109542,57337
2016-08-01,275320,153834,79062,175802,58538,36618,35582,199930,65970,64053,21992,5157,66400,59977,8626,29225,27352,830523,141263,478,177805,107415,21362,88676,263156,18485,429095,174042,126723,127610,110125,57432
2016-09-01,283728,151754,79432,176914,58472,36901,35739,197936,66630,64935,21860,5142,66695,59124,8515,29608,26562,830248,142812,470,177929,108007,21340,89154,274650,18231,429378,173531,126713,126799,110565,57501
2016-10-01,284356,157191,79831,176482,58349,36797,36295,197762,66727,65042,21891,5174,66314,58837,8467,29538,26464,837584,142654,463,176371,107794,21432,88638,276324,19251,428275,174181,127093,126373,111014,57579
2016-11-01,274051,153792,79040,176009,58534,36230,36718,196599,65260,64951,21781,5010,66859,59381,8364,29092,26032,835756,143384,457,175359,106073,21232,88070,283264,18452,427673,173197,126165,126331,111962,57490
2016-12-01,282612,167547,83987,176324,58803,36672,36942,200690,65545,64457,21883,5097,67269,59856,8340,29473,26594,841274,141496,452,177377,108160,21482,89559,296506,20756,429575,174594,126808,126956,111856,58245
2017-01-01,276631,163265,81553,178629,60001,36949,37628,201929,65817,64745,22328,5131,66393,59168,8447,29465,26844,845560,143604,447,179642,109280,21785,89989,301059,19638,432596,175274,128381,127710,112529,58273
2017-02-01,283146,157297,80732,178784,59952,36700,38016,202512,66617,69978,22209,5108,65370,59325,8342,29458,26728,848462,143770,443,177532,108335,21648,88883,306456,19682,433567,175206,127935,127702,113854,58316
2017-03-01,269305,157641,80974,179527,59896,36855,37930,207382,64572,68616,22191,5240,65367,59406,8282,29470,27420,854136,144594,440,177656,109473,21882,89844,302618,20591,436566,176416,128492,128257,114129,58869
2017-04-01,270129,157854,81722,179084,60334,37060,38460,209814,65426,72301,23137,5196,64903,59715,8588,29320,27766,856577,146250,437,178670,109643,22024,90484,299422,20625,437749,177573,129180,129105,114854,59519
2017-05-01,270606,162027,81764,179055,59169,37128,38215,210392,64063,69964,22325,5194,64678,58966,8242,29361,27689,854338,146390,434,177399,109079,21851,88977,285016,21394,437664,176414,128272,128003,114157,59618
2017-06-01,274442,167265,82024,180204,59367,37527,38618,210955,64133,71297,22340,5290,65417,59027,8210,29618,27797,860443,146791,432,178681,110136,22178,90098,282327,20847,440465,178192,129987,129361,114436,60033
2017-07-01,279970,167097,82662,181064,59275,37264,38848,211562,63913,71375,22177,5478,66035,60685,8118,29494,27598,859960,147057,430,177493,109205,22025,89427,275861,20461,440643,178666,129597,129964,114718,60303
2017-08-01,271498,163491,81785,181889,59626,37669,39152,213314,64628,70261,22240,5404,65641,61361,8114,29791,27632,865153,148140,428,178596,110072,22187,91026,290966,21323,437802,179131,130254,130759,115026,60519
2017-09-01,286503,173196,84110,181918,61153,37980,40587,214502,65655,71255,22169,5364,66644,60624,8067,29910,27669,872966,149300,427,179036,110805,22309,91017,324979,21882,442618,180940,131478,131155,115527,60915
2017-10-01,297249,172327,83267,185027,60462,37497,40220,213713,66337,71067,21749,5409,66738,60551,7898,29908,27654,871556,150814,426,177995,109884,22120,89843,312224,21277,444382,179496,130443,130591,116712,60454
2017-11-01,292744,174811,84399,189998,61661,38038,40921,221336,68044,71305,22117,5565,67616,62051,8020,30116,28230,874426,151048,426,180065,111643,22548,91791,320411,23952,446652,182647,131672,132123,117320,62335
2017-12-01,296544,176438,86492,192175,62498,38999,41206,224095,68771,75178,22384,5655,66458,61777,8110,30130,28109,887086,151707,426,181144,112591,22710,92314,328676,26108,449508,185131,133886,133073,116295,64038
2018-01-01,279840,178238,84669,193864,62062,38962,40562,233119,70762,72068,22957,5688,68520,59536,8411,30722,28198,887095,154042,426,183732,113764,22538,92851,332181,29902,448493,185850,134594,132820,115175,64396
2018-02-01,280773,180163,84628,194161,62727,38994,41209,234263,72114,73990,23066,5688,69187,61910,8396,30980,28457,887408,153668,427,185280,114420,22699,93929,332146,23018,450037,186687,134415,133142,115363,64558
2018-03-01,281031,179936,84549,193817,62002,38817,40781,234334,70551,70012,22949,5518,68239,62449,8214,29526,28389,887945,154257,428,179173,110593,22018,90716,336996,23024,449343,188358,133286,132860,115947,64877
2018-04-01,279337,173729,84342,194437,61992,38569,40933,234235,70102,73213,22796,5634,69531,62491,8102,30613,28344,883086,154054,430,182980,112034,22295,92932,336055,26466,454087,187429,132870,133633,115938,64235
2018-05-01,287874,182567,85055,193555,63155,39059,41732,233652,70087,73393,22537,5716,69488,63992,7921,30545,28497,890156,154832,431,187275,114255,22651,94535,344971,24497,456945,186901,134725,135442,116518,64351
2018-06-01,284601,178365,84519,192846,63132,38519,41746,233921,68965,72974,22365,5754,68922,64528,7786,29837,28375,882120,153572,433,181678,110687,21358,92314,350775,24009,456368,184818,132901,134145,116864,64002
2018-07-01,286343,182698,85110,193164,62994,38702,41771,234402,68866,72250,22294,5688,68419,64187,7665,29804,28290,886686,154454,436,183558,111525,21361,94405,344889,25073,460456,183405,133518,134821,116425,64420
2018-08-01,292117,179391,84441,191866,62844,38760,41334,235793,68564,76134,22134,5726,67899,64320,7549,29769,28353,886490,154046,438,182597,110507,20946,91371,351923,24900,460967,184669,133624,135154,116016,64681
2018-09-01,287300,177680,84802,191859,62617,38901,41401,235398,67544,74390,22182,5763,66054,63997,7540,29687,28091,889572,155450,441,181848,109843,21224,91802,352094,24737,463512,185410,133846,135454,116169,64954
2018-10-01,285604,174204,84858,192543,62952,39111,41786,237370,68084,72597,22010,5523,67748,63976,7456,29744,28329,893348,156415,445,183644,110733,21522,93608,355386,25857,467018,187070,134448,136410,116384,65145
2018-11-01,296200,179248,85522,194992,62838,40227,41620,243481,70408,75873,22672,5660,68401,65617,7616,30541,28671,902492,158283,449,187410,112342,21614,94912,338606,24823,472771,190841,137033,140122,116462,67470
2018-12-01,295581,180574,84084,190362,61536,38747,40878,224683,66237,71711,21053,5517,65356,62708,7474,29085,27679,892879,154987,453,178384,108507,20824,91369,324331,23442,467901,180565,133213,132629,116449,61958
2019-01-01,261580,178829,83321,192266,62807,39661,42564,240913,68877,74908,21538,5488,65659,65614,7193,30161,28511,909584,158087,456,181033,110855,21220,93966,300501,23517,474833,187886,135611,137527,117095,66118
2019-02-01,267490,174336,85502,191931,62261,39656,41260,242410,69454,73049,21881,5636,67397,64513,7402,30451,28142,897283,157730,460,182009,110942,21380,94729,315745,23923,477334,188927,134890,137695,115475,66590
2019-03-01,284498,181545,86863,193874,62313,39732,41728,244350,70075,73315,21930,5552,66860,66011,7468,30767,28262,910083,159099,465,183818,111993,21529,95373,328682,24932,483039,190068,136170,138348,114687,66916
2019-04-01,275477,176506,86320,196026,62827,39817,41807,246093,71190,71816,22260,5720,68141,66001,7680,30947,27991,912884,159566,469,183967,112321,21711,95083,352404,23942,480565,190612,136476,138383,114962,67578
2019-05-01,288114,173780,86998,199365,63591,40392,42094,253150,72393,74970,22567,5822,68336,66287,7696,31373,28524,915778,161091,475,185738,112765,21472,94537,343219,23398,485905,192966,137258,140491,115824,69106
2019-06-01,287590,170584,87271,201362,63378,40796,42079,258527,73637,75153,22693,5915,67805,66838,7676,31451,28755,922474,162622,481,186109,113334,21617,95220,330680,23615,486809,195851,138055,141978,116256,70453
2019-07-01,289321,168457,87468,202444,64633,41167,42732,259199,73686,75111,22306,5874,70530,67462,7431,31694,28581,932010,164560,487,188112,114514,22031,95989,329400,23904,488186,195687,139421,142828,116930,70626
2019-08-01,290291,166558,88667,202497,64025,41152,43201,258770,74612,76079,22377,6072,70590,68703,7486,31656,28302,932192,164880,494,186625,114141,21718,95620,328972,23920,494255,196884,139403,141752,117102,70783
2019-09-01,301077,166192,87190,205105,63984,41099,42935,260731,75058,75086,22697,6088,71106,68204,7670,31357,27966,925430,164468,502,184454,112270,21628,94056,320805,23196,493887,197953,138754,142048,117175,71046
2019-10-01,280641,166966,87849,204383,64058,41406,43126,260187,75906,73674,22829,6070,69747,68443,7753,31275,27530,926207,165084,510,185704,112898,21688,94452,325985,22982,496366,200772,139728,141959,116578,71433
2019-11-01,296737,174321,88387,205034,63868,41571,43088,259338,75169,76200,22364,5938,69774,69180,7511,31717,27239,928777,165419,519,185267,113013,21350,93822,331418,24867,499901,199498,140610,141789,116968,71120
2019-12-01,305981,169665,87083,206304,64365,41596,43205,257945,77164,73679,22443,5974,70962,67392,7658,31953,27007,931358,166352,528,187684,113830,21875,94264,336776,23356,504868,199281,140572,140535,117496,70991
2020-01-01,283682,161698,87252,211979,64768,41910,44455,263519,78124,76022,22725,6214,72942,69933,7802,31582,26699,930430,167845,537,182290,110616,21839,94349,335126,21674,506061,204138,141357,141188,117692,72340
2020-02-01,281637,167179,86852,210860,64861,42207,44261,263267,78024,76316,23352,6171,71160,69318,8166,31892,26349,935504,167869,545,183763,111524,21313,94776,314756,21399,513468,204248,142740,142040,115803,72825
2020-03-01,214491,130275,75442,187798,63024,42403,44969,257674,80113,62790,21514,5105,51979,58976,6321,22891,25112,1125686,197333,553,125760,78089,16775,64517,242523,19610,543247,210986,152231,146070,116996,77016
2020-04-01,202728,97472,71661,145648,59347,38681,46026,244738,78600,58615,20320,4572,32505,42882,4397,16955,20820,1007029,183612,560,87256,51957,12130,40934,146314,19225,499251,198991,139328,134494,119431,79066
2020-05-01,277151,165080,89835,195934,68887,43930,52246,272317,97986,94314,22927,5688,49790,54334,5238,22911,22863,1038398,195624,567,120594,73608,15590,67081,171395,19681,510301,229317,153586,146397,120835,86488
2020-06-01,278271,183078,95303,228090,73065,46023,52246,285956,105405,101365,23687,6259,70254,65570,6109,28750,24649,1022908,194295,572,161601,99052,19897,94780,216032,18979,515523,235289,156772,149820,123990,85576
2020-07-01,305963,188885,94406,232128,73651,46922,51652,299300,103831,97278,24388,6435,76469,72796,6518,30385,25992,1026852,195782,577,167936,100049,19906,90338,227021,20113,525328,237447,157512,153935,124023,86845
2020-08-01,325041,184101,94560,236848,74399,46952,51997,304759,100553,94213,24206,6252,79235,73011,6233,31978,26062,1006917,195565,581,172847,100823,19534,85631,235296,20373,528647,238830,155696,153567,122526,87658
2020-09-01,332526,175946,95047,239073,74657,47223,52173,300738,103837,91379,24236,6311,81538,74166,6377,34592,26002,1011310,194564,585,184228,107981,20928,97730,248122,21136,532559,240526,156948,154594,122030,87577
2020-10-01,333217,175330,92812,238687,75177,47231,51103,307329,103174,95283,24173,6557,79956,76050,6321,34153,26806,1008029,192812,588,181938,107167,20531,96131,238619,19321,533170,239498,155809,154747,122068,88150
2020-11-01,328742,176081,92288,235756,73329,46901,51426,309475,102313,95003,24572,6679,80700,74095,6513,34116,26644,1014325,193801,590,178619,104696,19978,91940,235226,18397,531136,241503,155167,154987,122575,88769
2020-12-01,349886,174388,93448,238834,73424,46840,51866,309226,104569,102631,25206,6879,83458,75540,6853,34193,26413,1014808,192519,591,182366,107518,20403,95916,250479,20683,538502,242704,154979,155849,121573,89860
2021-01-01,345719,192374,97011,257213,79562,49233,53966,320109,109132,97970,25327,6965,82892,76037,6928,34503,28240,1049120,200651,592,187288,110457,21736,102066,275164,22200,514490,251802,161739,160457,124329,91208
2021-02-01,338906,185616,94951,245481,75776,47402,51730,310848,102443,93964,24610,6644,83526,73882,6818,34081,27327,1037070,197740,595,182018,107194,20572,92479,286171,26139,504151,243900,155888,156043,125939,88871
2021-03-01,393722,250758,108438,268084,85753,50558,57762,341501,115843,108624,26426,7556,95340,80456,7422,37979,30178,1065134,203974,600,209168,125952,24331,112606,326641,23860,526161,265185,166791,167829,126373,94947
2021-04-01,424080,258842,108572,269150,85770,50870,57940,342212,115501,110447,26130,7478,93927,80627,7290,38238,30599,1073703,203738,607,209273,125764,23949,112254,327181,23283,529762,265428,166889,167297,127612,95115
2021-05-01,385383,246145,105865,263242,82186,50188,55991,340936,112479,103963,26552,7422,96637,80192,7703,38826,30388,1074022,202373,617,211476,126917,24107,112748,340781,23741,527360,260503,164477,165982,124916,94596
2021-06-01,354019,242842,105724,263376,84010,50740,55887,351660,112628,102464,27972,7693,97910,81671,8449,40642,30990,1086405,204446,629,221380,130982,24546,115327,365330,25050,535440,267599,165247,168902,124379,96878
2021-07-01,343485,235536,104601,257824,80968,49972,54480,335708,107560,98965,26874,7351,97332,79684,8357,39442,30532,1080520,199493,644,213794,127883,23897,108056,371554,24809,533961,262099,162896,165477,123282,93069
2021-08-01,321975,240658,104574,262517,80784,51005,54677,345752,111270,102139,27068,7424,99044,80575,8000,39803,30779,1105886,204441,660,215607,128868,24176,108099,375641,23862,538486,268720,166048,170273,122773,96843
2021-09-01,302259,252140,104434,263340,82558,51177,55330,341593,110221,105416,26920,7726,99753,81042,7962,40472,30515,1107345,204597,680,217179,129328,24103,109506,385963,24669,540103,269258,166510,170534,123089,97087
2021-10-01,326295,264002,106623,268635,84206,52254,55940,352908,111369,111608,27660,7729,103702,82598,8272,41129,31749,1119019,205901,701,218693,130731,24300,110561,403634,26635,544691,274364,169136,173396,123717,99009
2021-11-01,338736,260567,107355,268396,83445,52174,57538,344768,114140,116102,27472,7576,106787,83286,8110,41971,30535,1121166,207645,725,222178,133575,24762,112325,435021,26948,546989,273834,169887,174689,124005,99643
2021-12-01,344319,258208,108818,262951,82987,51846,57858,341634,111975,115939,27363,7723,100740,81609,8147,40521,30486,1128058,207197,751,216300,130222,24158,110596,440211,24422,550695,271883,169800,174370,123613,99373
2022-01-01,396429,248628,111563,268915,85640,52961,59444,349596,112091,120260,27059,7655,98067,81088,7647,41629,31098,1140031,210498,779,214388,127009,23575,108454,427511,29145,559276,277591,171444,176861,122781,101634
2022-02-01,375595,232448,111418,270700,86057,52944,59010,346304,112233,117980,27330,7791,103309,82435,8028,42109,31196,1139900,211311,804,217523,129428,24101,109994,456458,31004,556221,277183,172638,177538,123230,101135
2022-03-01,369374,243299,111532,274496,88409,53315,59802,352285,112379,112415,27109,7781,105627,83411,7963,42945,32310,1148610,211520,826,222525,133456,24567,112720,525287,31389,558992,277964,173763,178522,123397,101192
2022-04-01,384536,248579,113396,278730,89444,54145,60101,356998,111484,109837,27555,7808,105370,85670,8195,43168,33012,1159412,211787,844,223302,134641,24761,113578,490636,32881,565511,282353,176312,181495,123243,102536
2022-05-01,357685,243474,113338,277557,88383,54357,60160,352533,111728,101347,27421,7962,97930,84735,8094,43432,32500,1172408,212579,859,222864,134854,24621,114698,524017,36114,567934,283910,177764,182668,122743,103224
2022-06-01,364546,240169,113667,275691,88466,54754,60241,349318,112597,103115,27000,7852,101321,86013,7892,43317,32551,1188143,215087,871,222864,134926,24694,114430,566830,36812,574867,284770,179262,184704,122493,103285
2022-07-01,363137,240424,112687,274821,87456,54453,60443,353147,112260,106347,27531,7821,101084,86467,8159,43253,32843,1183452,214508,880,220915,134124,24306,112284,506513,33987,577240,283644,178635,184252,122259,104610
2022-08-01,381294,240340,115053,277642,87929,55308,60496,355604,112401,106680,28018,7958,99261,88533,8383,43824,33082,1193657,216499,885,224302,135496,24538,114985,466137,33893,581289,285191,180405,187476,122865,105343
2022-09-01,379082,235623,116225,275866,87012,55562,60457,356915,113367,104136,27908,7884,98383,88199,8240,43962,33143,1201242,217035,887,225520,136774,24641,116611,451992,31915,584049,287646,181445,187936,123776,105531
2022-10-01,396066,231476,116095,279655,87148,55319,60737,355637,113633,106618,27701,7837,96953,88189,8108,44071,32990,1206166,218542,885,225640,137022,24612,116404,469899,35506,589070,287681,181348,188073,122186,105754
2022-11-01,369014,226986,115517,271992,85089,55086,59543,342248,111838,96662,27467,7946,96041,87316,8120,43714,31856,1208278,217419,880,223060,135479,24527,114844,468826,31272,592713,285692,180604,187067,120430,104467
2022-12-01,364209,218716,115208,268969,84174,54772,59985,346132,113377,97795,28002,8457,94579,86780,8296,42828,31819,1204297,215435,872,222340,135260,24400,113170,426277,30923,594345,289187,179835,186584,119966,105747
2023-01-01,415031,237931,119049,288129,88541,56796,61090,367511,114548,102869,28842,8463,99161,90369,8496,45004,33812,1206391,222296,861,228735,138598,24673,117372,444725,27081,603663,296962,183870,191849,120785,108641
2023-02-01,405434,234600,118713,279638,86971,56612,60625,367513,114712,102018,28918,8430,97198,90210,8458,44893,33589,1216515,220333,850,230141,138870,24500,116281,448706,27116,609458,296997,184019,193327,121893,109293
2023-03-01,404738,240590,115547,274364,85196,55170,59041,366636,113932,96968,28764,8420,97145,87854,8392,44593,33025,1199776,217915,840,226721,136734,24023,114446,433499,28729,613633,293703,180006,189669,120757,108449
2023-04-01,415332,235565,119201,274646,85809,56605,59519,372266,117810,97400,29098,8318,98004,90182,8323,45091,33410,1206881,220153,831,228265,137822,24480,115843,438492,28418,622225,296657,182848,193764,120419,110632
2023-05-01,399735,235994,120504,274433,86001,56660,60301,373927,117182,100405,29448,8528,98931,90108,8483,44904,33540,1208808,221360,822,228176,137445,24562,116053,415943,27289,626439,297538,183316,193739,119892,111125
2023-06-01,405129,222690,122688,277578,85989,56723,59564,376761,117259,97456,29207,8528,99623,90191,8246,45247,33860,1212710,220411,813,228929,138339,24649,116813,427660,28283,629095,300524,184042,194122,119028,111594
2023-07-01,404036,224316,122653,278164,85500,57269,59733,382733,120774,98961,29749,8618,99214,90625,8328,46593,33867,1215872,222059,805,233909,140547,25003,117889,414680,27013,631972,302905,185604,195601,119037,113648
2023-08-01,402771,227800,122351,276825,86740,57140,59972,381015,119070,99085,28912,8598,99760,91050,7821,47396,34008,1221920,221665,798,235223,141173,25111,118878,448264,28979,640018,300343,185124,196406,119465,112939
2023-09-01,400100,219983,123400,275586,86153,56729,59523,385394,118826,104075,29361,8557,97737,91716,8038,46371,34160,1220347,222589,791,234863,140672,24972,118667,462135,30026,648758,303735,184864,196639,119063,113599
2023-10-01,392360,220047,123745,273273,86291,57295,59632,387059,119697,98025,29599,8475,98763,91347,8146,46262,34070,1224777,223755,784,234141,140686,24972,118418,452907,28381,657642,304967,185952,197579,118574,114143
2023-11-01,387964,211799,123426,275915,86597,57347,59583,382782,120014,98981,29818,8557,101932,91991,8294,46321,33636,1228573,224007,779,234533,140552,25156,117790,429952,28120,661177,305399,186268,198063,118402,114115
2023-12-01,396326,209897,123597,273639,85918,57339,60168,386605,119434,102313,30495,8388,102834,93047,8533,47206,33626,1226125,224460,774,238019,142243,25345,118803,426091,26276,665893,305577,186821,199212,117703,115629
2024-01-01,372079,208012,123992,276120,85915,57283,59812,390111,119626,90566,29660,8637,102591,92504,8113,46503,34445,1226026,223640,769,233480,141090,25448,118386,412632,27300,647328,304656,186636,197675,117489,114347
2024-02-01,386794,209861,123962,273968,86917,57508,60053,389286,119673,98027,30173,8461,102417,94340,8510,46455,34509,1229412,224593,766,235245,141740,25477,119295,410450,26006,651608,304884,187218,198015,116743,114148
2024-03-01,384582,204175,124799,275153,87578,58481,60081,396739,120708,102096,30855,8654,103658,94802,8505,46756,34476,1238157,226815,763,234787,140684,25438,115494,429987,25643,657070,311632,188919,201508,115879,117527
2024-04-01,396032,200618,125055,275721,86657,58062,60241,395538,119143,97265,30859,8668,102566,93482,8699,47306,34695,1242457,227280,762,238078,142230,25720,118075,436095,28376,658189,308735,188833,199570,115575,116346
2024-05-01,391197,208507,125887,277138,87393,58384,60203,400447,120527,100476,30731,8516,102875,95369,8447,47766,34936,1242287,227525,762,240655,143934,25991,118440,434653,25943,670987,309147,189320,201605,115356,117453
2024-06-01,373182,203565,125708,282737,88565,59200,60848,407747,122379,98709,31526,8723,105627,95879,8625,48166,34991,1244914,229363,763,242716,145025,26120,119801,413732,24691,674839,314479,190850,203884,115547,120346
2024-07-01,395897,212614,126610,282453,88843,59215,61154,403566,120939,99936,30968,8729,103986,94892,8440,47899,35057,1254490,229558,766,240880,144246,26057,120968,417981,27042,686428,313247,191509,203413,115164,118973
2024-08-01,387499,208875,127029,282076,88176,59230,61710,404579,122197,99471,30632,8783,103968,96092,8098,47735,34709,1249716,228737,769,241566,144161,26098,118996,407127,26365,689780,313233,191565,204134,113936,119530
2024-09-01,396988,212305,126976,286749,89169,60076,61878,405565,123640,100075,31632,8804,108275,95834,8600,48558,34623,1262776,231159,774,242869,145384,26363,119028,405018,25815,703481,318844,193655,206970,114007,121328
2024-10-01,398253,212692,126655,286043,89313,60285,62243,409911,123037,101928,31856,9011,109439,96969,8692,48683,35071,1267230,231539,780,244116,145795,26517,119439,395258,26880,696613,319575,194202,207231,114329,121778
2024-11-01,418057,222154,129543,289083,89433,60429,62209,412793,123355,102897,31917,8786,104303,98467,8629,49302,35107,1265279,231704,787,246168,146909,26550,120986,393053,23098,696289,320462,194753,207773,114473,122489
2024-12-01,437994,234794,130409,295544,88862,60862,61163,416468,126167,101728,32121,8776,105288,98840,8660,51006,35427,1278072,232877,795,248248,148114,26921,122746,415177,27993,699500,325221,196096,209274,114041,123434
2025-01-01,383213,218118,128019,289681,87739,60922,60899,411811,123339,99954,31969,8528,103442,97368,8715,49079,35251,1281925,231116,805,248730,148075,26607,120122,420793,31399,694507,326986,196064,208366,113763,122326
2025-02-01,395540,205150,129178,292628,88141,61063,60998,417086,123601,99439,32482,8917,103435,97498,8877,49632,35532,1286113,231827,814,249432,148892,26725,121009,416930,30593,714066,326471,196517,209404,113103,123939
2025-03-01,454764,221241,132386,294392,89528,61229,62166,420554,126372,99488,32761,8829,102943,98713,8962,50163,35722,1287058,232904,823,251740,150623,27074,122972,388493,27883,719127,327664,197475,210944,112287,124821
2025-04-01,451079,227345,131714,294135,89984,61038,61770,419990,123460,97448,32764,9000,104366,97962,8981,49907,35690,1286204,232482,832,250803,150057,27145,122156,388454,29957,717075,328044,197058,210889,111936,124545
2025-05-01,404297,218694,130723,294712,88434,61556,60716,424360,125403,98445,32956,8881,103502,98961,8962,50451,35927,1284955,232542,841,252690,151823,27283,123865,374684,26940,720999,332326,197769,212227,111743,125943
2025-06-01,400076,216858,130740,296231,89514,61972,61747,428496,126285,99864,33089,9133,104206,99508,8889,50826,36139,1292952,233856,849,256141,153190,27595,125123,385883,27175,729328,337434,198865,213453,111913,127309
2025-07-01,418493,214889,130873,296306,89674,62069,61448,429676,126810,103051,33325,9179,107864,100003,9038,51282,36298,1297948,235004,858,256849,154808,27760,126358,373324,28396,738509,334807,199320,214995,111496,127429
2025-08-01,411158,214398,132242,294934,89794,62602,62035,436182,129443,101403,32713,9249,109061,99550,8369,52045,36582,1304401,236283,866,259808,156355,27976,127355,382039,29171,741754,338854,200486,215703,110329,129117
2025-09-01,403875,223725,132392,290411,90300,62350,62067,432100,127924,97967,32772,9006,108001,100258,8515,51887,36287,1302949,234914,874,259068,155763,27935,124294,400309,30028,746764,338777,199906,216137,110382,128505
2025-10-01,400770,218598,130550,295211,90515,62896,61890,435743,129393,102479,33919,9101,109298,101886,9155,52483,36543,1308150,236000,882,261764,158017,28319,126582,386147,29858,745942,342586,201352,217921,110694,129957
2025-11-01,408312,220729,133651,295985,90863,62935,62409,436770,130428,103359,34141,9195,107879,102179,9266,52782,36577,1309701,235958,890,263774,158814,28427,127830,403806,31605,748136,344443,201483,218246,110807,130320
