"Date","US Dollar","Mexico (MXN)","Canada (CAD)","China (CNY)"
2023-01-02,94.8994888277088,100.358393974779,102.284048559094,99.414386854296
2023-01-03,95.31972145055,100.767294428529,101.827423342312,99.7623417866404
2023-01-04,94.8538113687043,101.487314792742,102.507287553965,99.7531850778945
2023-01-05,94.9086243195097,101.025079497198,102.892882181469,100.101140010239
2023-01-06,95.3014504669482,101.611762756926,101.969484520866,100.916087088624
2023-01-09,93.9493976804156,101.611762756926,103.420537987528,100.650542534993
2023-01-10,93.912855713212,101.602873616628,103.045090587063,100.595602282518
2023-01-11,93.7940943198004,101.922882667389,102.87258772739,100.650542534993
2023-01-12,93.3921326805609,102.545122488313,102.852293273311,100.687169369977
2023-01-13,93.0541194839277,102.376228822633,102.659495959559,100.549818738788
2023-01-16,92.9993065331224,102.758461855487,102.689937640677,100.394154690108
2023-01-17,93.0906614511314,102.98069036296,102.6189070514,99.6890881166731
2023-01-18,92.7435127626973,103.709599867471,102.720379321796,99.8172820391158
2023-01-19,93.3099132543528,102.07399805247,102.050662337183,99.505953941755
2023-01-20,93.209422844543,102.420674524128,102.253606877975,99.6158344467059
2023-01-23,92.944493582317,102.971801222661,103.014648905944,99.40523014555
2023-01-24,93.0632549757287,102.802907556981,102.984207224826,99.5517374854845
2023-01-25,92.8896806315116,103.034025204753,102.903029408509,99.313663058091
2023-01-26,92.862274156109,102.687348733095,102.87258772739,99.2037825531401
2023-01-27,92.862274156109,103.247364571927,103.237887900815,99.3319764755828
2023-01-30,92.6978353036928,102.829574977878,103.095826722261,99.6249911554518
2023-01-31,93.0815259593304,102.820685837579,102.344931921331,99.9637893790503
2023-02-01,92.6978353036928,102.696237873394,103.197298992657,99.7348716604027
2023-02-02,92.1314348120373,103.736267288368,103.11612117634,99.4510136892796
2023-02-03,92.4877189922722,103.149584028639,102.700084867717,99.5425807767386
2023-02-06,93.647926450986,102.136222034563,102.88273495443,100.229333932682
2023-02-07,93.9676686640174,101.869547825595,102.953765543707,100.595602282518
2023-02-08,93.6296554673842,102.767350995786,103.014648905944,100.265960767665
2023-02-09,93.4378101395654,102.865131539074,103.004501678905,100.16523697146
2023-02-10,93.8032298116012,103.825158691357,102.88273495443,100.146923553968
2023-02-13,93.821500795203,104.740740142145,103.62348252832,100.275117476411
2023-02-14,93.5017585821717,104.642959598857,103.653924209439,100.000416214034
2023-02-15,94.0681590738272,104.62518131826,103.197298992657,100.229333932682
2023-02-16,94.0498880902254,105.220753718287,103.36980185233,100.119453427731
2023-02-17,94.5340691556729,105.540762769048,102.649348732519,100.403311398854
2023-02-20,94.0772945656281,106.207448291467,102.903029408509,100.302587602649
2023-02-21,94.2051914508407,106.500789921331,102.994354451865,100.091983301493
2023-02-22,94.3787657950577,106.465233360135,102.476845872846,100.046199757763
2023-02-23,94.3879012868586,107.007470918369,102.527582008044,100.027886340272
2023-02-24,94.9086243195097,106.58968132432,102.304343013173,99.798968621624
2023-02-27,94.9999792375186,107.24747770644,102.497140326925,99.9454759615585
2023-02-28,94.7715919424962,107.407482231821,102.446404191727,100.000416214034
2023-03-01,94.177784975438,107.345258249728,101.857865023431,100.394154690108
2023-03-02,94.5980175982792,108.243061419919,101.959337293827,100.330057728887
2023-03-03,94.4061722704604,108.545292190082,102.050662337183,100.16523697146
2023-03-06,94.2965463688496,109.203088572202,101.918748385668,99.6158344467059
2023-03-07,94.3696303032568,109.060862327419,101.715803844877,99.6524612816895
2023-03-08,94.9360307949124,109.229755993099,101.218589719937,100.128610136477
2023-03-09,94.881217844107,109.923108936414,100.761964503155,99.8813790003371
2023-03-10,95.1644180899348,106.696351007907,100.64019777868,100.000416214034
2023-03-13,94.5797466146774,103.762934709264,100.650345005719,100.403311398854
2023-03-14,94.4153077622613,104.607403037662,101.299767536253,100.21102051519
2023-03-15,95.1918245653374,103.807380410759,101.198295265857,100.330057728887
2023-03-16,95.146147106333,102.918466380867,101.157706357699,100.320901020141
2023-03-17,94.7989984178989,104.242948285406,101.147559130659,100.320901020141
2023-03-20,94.616288581881,103.354034255514,101.330209217372,99.991259505288
2023-03-21,94.2965463688496,104.62518131826,101.350503671451,99.9363192528126
2023-03-22,94.1869204672389,105.469649646657,101.015645179145,99.6616179904354
2023-03-23,93.6113844837824,104.936301228722,100.934467362828,99.698244825419
2023-03-24,94.2143269426416,104.562957336167,100.39666432973,99.6158344467059
2023-03-27,93.9493976804156,106.269672273559,100.904025681709,99.4510136892796
2023-03-28,93.6113844837824,106.634127025815,101.157706357699,99.1671557181565
2023-03-29,93.6113844837824,107.345258249728,101.685362163758,99.2495660968697
2023-03-30,93.3921326805609,107.914163228859,101.949190066787,99.1854691356483
2023-03-31,93.4012681723618,108.065278613941,101.86801225047,99.3594466018205
2023-04-03,93.3555907133573,108.545292190082,102.598612597321,99.2861929318533
2023-04-04,93.2642357953484,108.225283139321,102.750821002915,99.1579990094106
2023-04-05,93.1820163691403,107.469706213913,102.507287553965,98.9565514170007
2023-04-06,93.3738616969591,106.625237885516,102.446404191727,99.2312526793779
2023-04-07,93.3738616969591,106.625237885516,102.446404191727,99.2312526793779
2023-04-10,93.3738616969591,106.625237885516,102.446404191727,99.2312526793779
2023-04-11,93.5017585821717,107.611932458696,102.233312423896,99.3686033105664
2023-04-12,93.4560811231672,107.727491282582,102.405815283569,99.3960734368041
2023-04-13,92.9810355495206,107.665267300489,102.831998819232,98.8375142033039
2023-04-14,92.6978353036928,107.691934721386,103.308918490093,98.9840215432384
2023-04-17,93.035848500326,108.349731103506,103.156710084499,99.2495660968697
2023-04-18,93.0723904675295,108.500846488588,103.055237814103,99.212939261886
2023-04-19,93.5383005493753,107.90527408856,102.771115456994,99.3686033105664
2023-04-20,93.4378101395654,107.869717527364,102.395668056529,99.4784838155173
2023-04-21,93.3190487461538,108.474179067691,101.949190066787,99.2404093881238
2023-04-24,93.3464552215564,108.340841963207,101.847717796391,99.1946258443942
2023-04-25,93.3738616969591,108.794188118452,101.543300985204,98.7642605333367
2023-04-26,93.4012681723618,108.180837437827,101.350503671451,98.6452233196399
2023-04-27,93.4286746477645,107.771936984076,101.340356444412,98.5902830671645
2023-04-28,93.5839780083797,108.385287664702,101.269325855135,99.0298050869679
2023-05-01,93.5931135001806,108.394176805001,101.269325855135,99.0572752132057
2023-05-02,93.5383005493753,109.078640608017,101.776687207114,99.313663058091
2023-05-03,93.2825067789502,108.776409837854,101.259178628095,98.8008873683203
2023-05-04,93.0449839921269,109.007527485626,101.249031401055,98.4620891447218
2023-05-05,93.0267130085251,109.034194906523,102.172429061658,98.4712458534677
2023-05-08,92.862274156109,109.647545587148,103.400243533449,98.3796787660086
2023-05-09,93.1089324347331,109.816439252827,103.014648905944,98.5994397759104
2023-05-10,93.0723904675295,110.314231109567,103.075532268182,98.5719696496727
2023-05-11,93.035848500326,111.140921157366,102.781262684034,98.3796787660086
2023-05-12,93.3647262051582,111.052029754377,102.37537360245,98.535342814689
2023-05-15,93.3921326805609,111.647602154404,102.37537360245,98.6818501546235
2023-05-16,93.3373197297555,112.367622518617,102.649348732519,98.5261861059431
2023-05-17,93.7849588279994,111.700936996198,102.689937640677,98.4620891447218
2023-05-18,94.0590235820263,111.140921157366,102.984207224826,98.2057012998364
2023-05-19,93.9768041558183,111.372038805138,102.831998819232,98.3979921835004
2023-05-22,94.177784975438,109.887552375219,102.740673775875,97.9950969986806
2023-05-23,94.4518497294649,109.931998076713,102.821851592192,97.9126866199675
2023-05-24,94.3696303032568,110.385344231958,102.62905427844,98.0042537074265
2023-05-25,94.6254240736819,111.078697175274,102.304343013173,98.0591939599019
2023-05-26,94.5432046474738,111.247590840953,102.192723515737,98.1873878823446
2023-05-29,94.5797466146774,112.278731115628,102.37537360245,98.0683506686478
2023-05-30,94.3970367786595,112.509848763399,102.405815283569,97.8669030762379
2023-05-31,94.9360307949124,111.709826136497,102.12169292646,97.8302762412543
2023-06-01,94.7624564506953,112.145394011144,102.679790413638,97.6562987750821
2023-06-02,94.1321075164335,112.527627043997,103.511863030884,97.6746121925739
2023-06-05,94.6071530900801,112.607629306687,103.63362975536,97.4548511826722
2023-06-06,94.4701207130666,113.256536548508,103.704660344637,97.3175005514836
2023-06-07,94.3148173524514,113.780995826145,103.907604885429,97.3266572602295
2023-06-08,94.3422238278541,113.994335193319,104.201874469577,97.1709932115491
2023-06-09,94.1229720246326,113.585434739568,104.36423010221,96.8138815704588
2023-06-12,94.1229720246326,114.31434424408,104.283052285894,96.6399041042866
2023-06-13,94.0772945656281,114.154339718699,104.191727242537,96.3926729681471
2023-06-14,93.9859396476191,114.687688136634,104.496144053725,96.2827924631963
2023-06-15,94.0590235820263,115.043253748591,104.36423010221,96.401829676893
2023-06-16,93.4012681723618,114.9721406262,104.800560864913,96.310262589434
2023-06-19,93.6661974345878,115.38104107995,105.206449946496,96.1362851232618
2023-06-20,93.7666878443977,115.434375921743,104.912180362348,95.9531509483437
2023-06-21,93.8945847296102,115.185479993374,105.176008265378,95.9348375308519
2023-06-22,93.7575523525967,115.105477730683,105.490572303605,95.9623076570896
2023-06-23,94.2234624344425,114.749912118727,105.35865835209,96.5666504343193
2023-06-26,94.177784975438,115.763274112803,105.937050293347,95.7700167734256
2023-06-27,94.0316171066236,115.843276375493,105.754400206634,95.9439942395978
2023-06-28,94.3879012868586,116.145507145657,105.216597173536,95.8615838608846
2023-06-29,94.351359319655,116.11883972476,105.094830449061,95.9989344920732
2023-06-30,94.6711015326864,116.376624793428,105.236891627615,95.8982106958682
2023-07-03,94.4883916966684,115.914389497885,105.257186081694,95.925680822106
2023-07-04,94.2417334180442,116.296622530738,105.35865835209,96.1454418320077
2023-07-05,94.4701207130666,116.349957372532,105.013652632744,96.017247909565
2023-07-06,94.4153077622613,116.261065969543,104.841149773071,96.1454418320077
2023-07-07,94.70764349989,115.078810309787,104.354082875171,96.2553223369586
2023-07-10,94.3239528442523,115.852165515792,104.881738681229,95.8707405696305
2023-07-11,93.9037202214111,115.887722076988,104.699088594517,95.8341137346469
2023-07-12,93.6205199755833,116.109950584461,104.983210951625,95.6601362684747
2023-07-13,92.7891902217018,116.127728865059,105.044094313863,95.0008532387695
2023-07-14,92.5516674348785,116.19884198745,105.176008265378,95.1839874136876
2023-07-17,92.6064803856839,117.034421175548,104.465702372606,94.8177190638514
2023-07-18,92.4785835004713,117.532213032288,104.536732961883,94.5521745102201
2023-07-19,92.8440031725071,117.434432489,104.942622043467,94.3415702090643
2023-07-20,92.7435127626973,117.087756017342,105.186155492417,95.1382038699581
2023-07-21,93.2916422707511,116.305511671037,105.104977676101,95.6143527247452
2023-07-24,93.2642357953484,116.794414387478,105.094830449061,95.4953155110484
2023-07-25,93.1363389101358,117.167758280032,105.104977676101,96.1545985407536
2023-07-26,93.1728808773394,116.652188142695,104.770119183794,95.8524271521387
2023-07-27,92.862274156109,117.212203981527,105.003505405705,95.6967631034583
2023-07-28,93.1454744019367,117.941113486038,104.810708091952,95.9348375308519
2023-07-31,93.2002873527421,118.021115748728,104.86144422715,96.2278522107209
2023-08-01,93.6296554673842,117.59443701438,104.546880188923,96.4842400556062
2023-08-02,93.7758233361986,117.229982262125,104.384524556289,96.4659266381144
2023-08-03,94.3239528442523,114.945473205303,104.11054942622,96.9237620754097
2023-08-04,94.4609852212658,114.421013927667,104.100402199181,96.7864114442211
2023-08-07,94.1412430082344,116.012170041173,104.039518836943,96.5117101818439
2023-08-08,94.6436950572837,115.469932482939,103.410390760489,96.694844356762
2023-08-09,94.4883916966684,115.665493569515,103.674218663518,96.694844356762
2023-08-10,94.2325979262434,116.536629318809,103.887310431349,96.4567699293685
2023-08-11,94.4518497294649,116.794414387478,103.674218663518,96.4201430943849
2023-08-14,94.8538113687043,116.892194930766,103.846721523191,96.4933967643521
2023-08-15,95.1370116145321,116.465516196418,103.643776982399,96.3652028419094
2023-08-16,95.1187406309303,116.821081808374,103.674218663518,96.1637552494995
2023-08-17,95.1096051391294,116.803303527777,103.562599166082,96.401829676893
2023-08-18,95.228366532541,116.865527509869,103.197298992657,96.4201430943849
2023-08-21,95.0639276801249,117.007753754652,103.593040847201,96.3468894244176
2023-08-22,94.9908437457177,117.887778644244,103.430685214568,96.2278522107209
2023-08-23,95.2100955489393,118.270011677098,103.105973949301,96.5208668905898
2023-08-24,94.9268953031115,118.465572763674,103.166857311538,96.3194192981799
2023-08-25,94.9999792375186,118.981142901011,103.004501678905,96.3285760069258
2023-08-28,95.0365212047222,119.541158739843,102.88273495443,96.410986385639
2023-08-29,95.1644180899348,118.998921181609,102.679790413638,96.4659266381144
2023-08-30,94.8355403851025,118.936697199517,103.004501678905,96.1545985407536
2023-08-31,94.8264048933016,119.150036566691,103.146562857459,96.2003820844831
2023-09-01,95.0182502211204,116.652188142695,103.410390760489,96.6124339780489
2023-09-04,95.2740439915455,116.883305790467,102.913176635549,96.6765309392702
2023-09-05,95.8861219422055,115.967724339678,102.781262684034,96.8047248617129
2023-09-06,96.0962382536262,114.109894017205,102.933471089628,96.8230382792047
2023-09-07,96.2789480896441,114.856581802314,102.963912770746,96.795568152967
2023-09-08,96.3428965322504,114.785468679922,102.963912770746,96.6765309392702
2023-09-11,96.1053737454271,114.029891754514,103.420537987528,97.07942612409
2023-09-12,95.9866123520154,115.469932482939,103.390096306409,97.2167767552786
2023-09-13,95.8587154668029,115.914389497885,103.471274122726,97.3083438427377
2023-09-14,95.7216830897894,116.563296739706,103.765543706874,97.2991871339918
2023-09-15,95.8587154668029,117.034421175548,103.846721523191,97.564731687623
2023-09-18,95.9043929258073,117.167758280032,104.009077155824,97.3266572602295
2023-09-19,95.7216830897894,117.141090859135,104.60776355116,97.2625602990082
2023-09-20,95.7399540733912,117.523323891989,104.567174643002,97.2808737165
2023-09-21,96.196728663436,116.963308053157,104.11054942622,97.5922018138608
2023-09-22,96.0688317782235,116.85663836957,104.658499686358,97.4548511826722
2023-09-25,96.2606771060423,116.403292214325,104.546880188923,97.5281048526394
2023-09-26,96.6078257944763,115.256593115765,104.354082875171,97.8302762412543
2023-09-27,97.0280584173176,114.181007139596,104.323641194052,98.1782311735987
2023-09-28,96.991516450114,114.003224333618,104.699088594517,98.2606415523119
2023-09-29,96.5895548108746,114.998808047096,104.912180362348,97.9493134549511
2023-10-02,97.0097874337158,114.812136100819,103.653924209439,98.3705220572627
2023-10-03,97.5305104663669,113.416541073889,103.034943360024,98.7825739508285
2023-10-04,97.5487814499686,112.154283151443,103.105973949301,98.5719696496727
2023-10-05,97.5579169417695,111.398706226035,102.730526548836,98.3705220572627
2023-10-06,97.5944589089731,110.092002602094,103.004501678905,98.1599177561069
2023-10-09,97.6310008761767,110.136448303588,103.522010257924,98.5261861059431
2023-10-10,97.3934780893534,110.518681336442,103.87716320431,98.1782311735987
2023-10-11,96.9823809583131,112.394289939513,103.62348252832,97.8394329500002
2023-10-12,96.8453485812996,112.963194918644,103.674218663518,97.8119628237625
2023-10-13,97.3934780893534,112.189839712638,103.268329581934,98.2606415523119
2023-10-16,97.3478006303489,112.003167766361,103.664071436478,98.1232909211233
2023-10-17,97.25644571234,112.136504870845,103.552451939043,98.0042537074265
2023-10-18,97.338665138548,111.718715276796,103.440832441607,98.0042537074265
2023-10-19,97.7588977613893,109.754215270735,103.085679495222,98.2148580085823
2023-10-20,97.6401363679776,109.62976730655,103.298771263053,98.0408805424101
2023-10-23,97.6675428433803,109.683102148344,103.004501678905,98.050037251156
2023-10-24,97.3295296467471,110.69646414242,103.045090587063,97.8669030762379
2023-10-25,97.6492718597785,110.118670022991,102.750821002915,98.0591939599019
2023-10-26,97.9324721056063,109.514208482664,102.405815283569,98.2789549698037
2023-10-27,97.6584073515794,111.336482243942,102.263754105015,98.2240147173282
2023-10-30,97.4026135811543,111.532043330518,102.070956791262,97.9035299112216
2023-10-31,97.4665620237606,111.514265049921,101.928895612708,98.0134104161724
2023-11-01,97.6584073515794,112.029835187258,101.969484520866,98.3064250960414
2023-11-02,96.7996711222952,114.1454505784,102.111545699421,97.473164600164
2023-11-03,96.2515416142414,115.38104107995,102.659495959559,97.1068962503278
2023-11-06,95.9957478438163,114.376568226172,102.801557138113,97.2167767552786
2023-11-07,96.3611675158522,114.243231121688,102.344931921331,97.4640078914181
2023-11-08,96.4525224338611,114.305455103781,102.010073429025,97.6379853575903
2023-11-09,96.4707934174629,114.163228858998,102.030367883104,97.564731687623
2023-11-10,96.8088066140961,112.465403061905,101.959337293827,97.665455483828
2023-11-13,96.7996711222952,113.336538811199,101.837570569352,97.7936494062707
2023-11-14,96.5438773518701,114.083226596308,101.695509390797,97.6105152313526
2023-11-15,95.4567538275634,114.936584065004,102.38552082949,97.1252096678196
2023-11-16,95.5389732537715,115.398819360548,101.999926201985,97.0611127065983
2023-11-17,95.1735535817357,115.638826148618,101.898453931589,97.2350901727704
2023-11-20,94.8629468605052,115.629937008319,101.63462602856,97.4823213089099
2023-11-21,94.5706111228765,115.612158727722,101.472270395926,97.6929256100657
2023-11-22,94.8629468605052,115.532156465031,101.695509390797,97.9126866199675
2023-11-23,94.8994888277088,115.638826148618,101.736098298956,98.1416043386151
2023-11-24,94.881217844107,115.932167778483,101.928895612708,97.9950969986806
2023-11-27,94.5888821064783,116.287733390439,102.172429061658,97.665455483828
2023-11-28,94.6528305490846,115.407708500846,102.466698645806,97.6013585226067
2023-11-29,94.3330883360532,115.123256011281,102.395668056529,97.5281048526394
2023-11-30,94.7533209588944,113.852108948536,102.426109737648,97.7295524450494
2023-12-01,94.8264048933016,114.661020715737,102.903029408509,97.9126866199675
2023-12-04,94.6893725162882,114.829914381417,102.913176635549,97.8302762412543
2023-12-05,95.1096051391294,113.567656458971,102.730526548836,98.1141342123774
2023-12-06,95.1096051391294,114.696577276933,102.994354451865,98.0591939599019
2023-12-07,95.054792188324,114.696577276933,102.608759824361,97.9859402899347
2023-12-08,95.1004696473285,113.914332930628,102.892882181469,97.766179280033
2023-12-11,95.3562634177536,114.287676823183,102.963912770746,97.958470163697
2023-12-12,95.054792188324,114.545461891851,102.933471089628,97.7112390275575
2023-12-13,95.2466375161428,114.918805784406,102.974059997786,97.8669030762379
2023-12-14,94.3148173524514,114.323233384379,103.511863030884,97.2534035902623
2023-12-15,94.1503785000353,114.305455103781,103.846721523191,97.5189481438935
2023-12-18,94.351359319655,114.749912118727,104.212021696616,97.473164600164
2023-12-19,94.1686494836371,115.825498094896,103.917752112468,97.3999109301968
2023-12-20,94.1321075164335,115.958835199379,104.201874469577,97.3358139689754
2023-12-21,93.9950751394201,115.941056918782,104.080107745102,97.0611127065983
2023-12-22,93.6570619427869,116.492183617314,104.526585734844,96.8505084054424
2023-12-25,93.6570619427869,116.492183617314,104.526585734844,96.8505084054424
2023-12-26,93.647926450986,116.474405336717,104.516438507804,96.8230382792047
2023-12-27,93.5474360411762,116.598853300901,105.084683222021,96.5300235993357
2023-12-28,93.1089324347331,116.536629318809,104.668646913398,96.6307473955407
2023-12-29,93.3647262051582,116.341068232233,104.587469097081,96.9146053666638
2024-01-01,93.3647262051582,116.341068232233,104.587469097081,96.9146053666638
2024-01-02,93.9402621886147,115.958835199379,104.577321870042,96.9970157453769
2024-01-03,94.2051914508407,115.861054656091,104.272905058854,97.2350901727704
2024-01-04,94.0590235820263,116.545518459108,104.333788421091,97.1160529590737
2024-01-05,94.2965463688496,116.376624793428,104.151138334379,97.372440803959
2024-01-08,94.1412430082344,117.301095384516,103.958341020627,97.1252096678196
2024-01-09,94.1047010410308,117.541102172587,104.171432788458,97.1068962503278
2024-01-10,94.2965463688496,116.741079545684,104.049666063983,97.1709932115491
2024-01-11,94.1412430082344,116.616631581499,104.151138334379,97.1618365028032
2024-01-12,94.2325979262434,117.363319366608,104.100402199181,97.1893066290409
2024-01-15,94.3148173524514,117.478878190494,103.724954798716,97.2350901727704
2024-01-16,94.8172694015007,116.785525247179,103.61333530128,97.6105152313526
2024-01-17,95.2192310407401,115.238814835167,103.440832441607,97.857746367492
2024-01-18,95.1187406309303,115.932167778483,103.532157484964,97.857746367492
2024-01-19,94.9725727621159,116.207731127749,103.765543706874,97.7295524450494
2024-01-22,94.9360307949124,116.643299002396,104.039518836943,97.7112390275575
2024-01-23,95.0821986637267,115.38104107995,103.684365890558,98.1232909211233
2024-01-24,94.8081339096998,115.567713026227,103.704660344637,98.0958207948856
2024-01-25,94.9908437457177,115.496599903836,103.36980185233,98.0134104161724
2024-01-26,94.9360307949124,115.941056918782,103.927899339508,97.958470163697
2024-01-29,95.0456566965231,116.136618005358,103.998929928785,98.050037251156
2024-01-30,95.0091147293195,115.603269587423,104.039518836943,97.8852164937297
2024-01-31,94.9908437457177,116.109950584461,103.988782701745,97.9676268724429
2024-02-01,95.1004696473285,115.665493569515,103.917752112468,97.9493134549511
2024-02-02,94.6254240736819,116.563296739706,104.293199512933,97.5555749788771
2024-02-05,95.4750248111652,116.083283163564,103.724954798716,98.2331714260742
2024-02-06,95.31972145055,117.007753754652,103.491568576805,98.3064250960414
2024-02-07,95.1918245653374,116.909973211364,103.938046566547,98.0591939599019
2024-02-08,95.3653989095545,116.847749229271,103.816279842072,98.251484843566
2024-02-09,95.3653989095545,116.554407599407,104.090254972141,98.3155818047873
2024-02-12,95.2649084997446,116.998864614353,103.927899339508,98.2148580085823
2024-02-13,95.228366532541,116.829970948673,104.049666063983,98.1782311735987
2024-02-14,95.6668701389841,116.634409862097,103.481421349766,98.7001635721153
2024-02-15,95.5298377619706,116.901084071065,103.440832441607,98.5444995234349
2024-02-16,95.4019408767581,117.149979999434,103.836574296151,98.4895592709595
2024-02-19,95.3836698931563,117.132201718836,103.887310431349,98.3705220572627
2024-02-20,95.3288569423509,117.327762805413,103.816279842072,98.4071488922464
2024-02-21,95.3288569423509,116.989975474054,103.461126895686,98.3888354747545
2024-02-22,95.2192310407401,116.85663836957,103.745249252795,98.2148580085823
2024-02-23,95.2740439915455,116.794414387478,103.907604885429,98.2240147173282
2024-02-26,95.3105859587491,116.758857826282,103.461126895686,98.251484843566
2024-02-27,95.2466375161428,116.93664063226,103.653924209439,98.1965445910905
2024-02-28,95.493295794767,116.812192668075,103.014648905944,98.4529324359759
2024-02-29,95.4202118603598,116.838860088972,102.933471089628,98.4254623097382
2024-03-01,95.4019408767581,117.283317103918,103.105973949301,98.4071488922464
2024-03-04,95.2923149751473,117.283317103918,103.085679495222,98.2331714260742
2024-03-05,95.2740439915455,117.718884978565,102.913176635549,98.2789549698037
2024-03-06,95.0821986637267,118.163341993511,102.903029408509,98.0866640861397
2024-03-07,94.8264048933016,118.118896292016,103.450979668647,97.766179280033
2024-03-08,94.5888821064783,117.994448327832,103.714807571676,97.5372615613853
2024-03-11,94.5340691556729,118.323346518891,103.248035127855,97.5281048526394
2024-03-12,94.6436950572837,118.207787695006,103.298771263053,97.7753359887789
2024-03-13,94.6071530900801,118.634466429354,103.400243533449,97.5555749788771
2024-03-14,94.5706111228765,119.265595390577,103.481421349766,97.6471420663362
2024-03-15,94.8172694015007,119.336708512968,103.248035127855,97.9310000374593
2024-03-18,94.9268953031115,119.203371408484,103.197298992657,98.050037251156
2024-03-19,95.3105859587491,118.198898554707,102.842146046271,98.4163056009923
2024-03-20,95.3653989095545,118.705579551745,102.994354451865,98.6543800283858
2024-03-21,95.0182502211204,119.167814847289,103.450979668647,98.2606415523119
2024-03-22,95.4841603029661,119.407821635359,103.237887900815,98.3705220572627
2024-03-25,95.3562634177536,119.425599915957,103.034943360024,98.4987159797054
2024-03-26,95.31972145055,119.798943808512,103.248035127855,98.4163056009923
2024-03-27,95.4384828439617,120.723414399599,102.994354451865,98.5536562321808
2024-03-28,95.411076368559,120.785638381692,103.227740673776,98.535342814689
2024-03-29,95.4019408767581,120.776749241393,103.217593446736,98.5170293971972
2024-04-01,95.4202118603598,120.794527521991,103.227740673776,98.5536562321808
2024-04-02,95.6577346471831,120.732303539898,103.440832441607,98.727633698353
2024-04-03,95.5755152209751,120.874529784681,103.36980185233,98.6177531934022
2024-04-04,95.31972145055,120.892308065279,103.714807571676,98.3522086397709
2024-04-05,95.31972145055,121.167871414545,103.258182354895,98.343051931025
2024-04-08,95.3745344013554,121.754554674274,103.024796132984,98.535342814689
2024-04-09,95.0639276801249,122.661246984763,103.065385041142,98.2606415523119
2024-04-10,95.0913341555276,122.572355581774,103.166857311538,98.2972683872955
2024-04-11,95.758225056993,122.056785444437,102.497140326925,99.020648378222
2024-04-12,96.1053737454271,121.692330692181,102.233312423896,99.4235435630419
2024-04-15,96.2149996470378,121.416767342915,102.304343013173,99.5883643204682
2024-04-16,96.6535032534808,119.612271862234,102.1318401535,99.9454759615585
2024-04-17,96.7905356304943,118.554464166663,102.020220656064,99.8905357090831
2024-04-18,96.553012843671,118.758914393538,102.344931921331,99.6158344467059
2024-04-19,97.0189229255167,116.083283163564,102.415962510608,99.7898119128781
2024-04-22,96.8727550567023,117.638882715875,102.710232094757,99.8355954566076
2024-04-23,96.7539936632907,117.59443701438,102.842146046271,99.6249911554518
2024-04-24,96.553012843671,118.936697199517,102.842146046271,99.5975210292141
2024-04-25,96.5621483354719,118.065561450223,102.943618316667,99.4693271067714
2024-04-26,96.7814001386934,116.758857826282,103.156710084499,99.60667773796
2024-04-29,96.5712838272728,117.701106697967,103.105973949301,99.5700509029763
2024-04-30,96.553012843671,118.572242447261,102.821851592192,99.6799314079272
2024-05-01,96.553012843671,118.572242447261,102.821851592192,99.6799314079272
2024-05-02,96.4525224338611,118.750025253239,102.547876462123,99.4601703980255
2024-05-03,96.1419157126306,118.447794483076,102.821851592192,98.929081290763
2024-05-06,95.9409348930109,118.447794483076,102.649348732519,99.2587228056156
2024-05-07,96.0140188274181,118.91002977862,102.608759824361,99.2587228056156
2024-05-08,96.288083581445,118.590020727859,102.1318401535,99.3777600193123
2024-05-09,96.3154900568477,118.625577289055,102.436256964688,99.4967972330091
2024-05-10,95.9957478438163,119.710052405523,102.6189070514,99.2770362231074
2024-05-13,95.9500703848118,119.905613492099,102.700084867717,99.0755886306975
2024-05-14,96.0048833356172,119.478934757751,102.750821002915,99.0755886306975
2024-05-15,95.7947670241966,118.794470954734,102.903029408509,98.8924544557793
2024-05-16,95.4750248111652,119.603382721936,102.760968229955,98.5628129409267
2024-05-17,95.6120571881787,120.101174578675,102.811704365153,98.727633698353
2024-05-20,95.5115667783688,120.670079557806,102.842146046271,98.5811263584186
2024-05-21,95.493295794767,121.078980011556,102.87258772739,98.5994397759104
2024-05-22,95.7490895651921,120.412294489137,102.568170916202,98.7459471158449
2024-05-23,95.6485991553823,120.527853313023,102.588465370282,98.6177531934022
2024-05-24,95.8130380077984,120.252289963757,102.294195786133,98.7093202808612
2024-05-27,95.7399540733912,120.216733402561,102.659495959559,98.6177531934022
2024-05-28,95.5389732537715,120.394516208539,102.892882181469,98.3338952222791
2024-05-29,95.9135284176082,119.31893023237,102.679790413638,98.6452233196399
2024-05-30,96.1784576798342,117.950002626337,102.446404191727,99.0298050869679
2024-05-31,96.0962382536262,118.154452853212,102.943618316667,98.9657081257466
2024-06-03,96.5164708764674,114.465459629161,103.12626840338,98.8375142033039
2024-06-04,96.7083162042862,111.558710751415,102.842146046271,98.7184769896071
2024-06-05,96.5073353846665,113.65654786196,102.801557138113,98.5811263584186
2024-06-06,96.4525224338611,113.958778632123,102.62905427844,98.5536562321808
2024-06-07,96.5347418600692,112.047613467856,102.791409911073,98.44377572723
2024-06-10,97.430020056557,109.460873640871,102.517434781004,99.0572752132057
2024-06-11,97.5122394827651,109.567543324458,102.456551418767,99.0755886306975
2024-06-12,97.7954397285928,106.776353270598,102.781262684034,99.0298050869679
2024-06-13,97.6401363679776,107.514151915408,102.700084867717,98.9565514170007
2024-06-14,97.8137107121946,108.420844225897,102.710232094757,99.3228197668369
2024-06-17,97.777168744991,108.616405312473,102.791409911073,99.3045063493451
2024-06-18,97.6492718597785,109.434206219974,102.740673775875,99.2953496405992
2024-06-19,97.5396459581677,108.909746942338,102.963912770746,99.0572752132057
2024-06-20,97.6401363679776,109.30086911549,103.024796132984,99.1946258443942
2024-06-21,97.6218653843758,110.278674548371,103.197298992657,99.3594466018205
2024-06-24,97.3843425975525,111.443151927529,103.156710084499,99.2770362231074
2024-06-25,97.4208845647561,111.647602154404,103.258182354895,99.3411331843287
2024-06-26,97.7497622695884,110.589794458833,103.308918490093,99.5425807767386
2024-06-27,97.8776591548009,109.62976730655,103.278476808974,99.4967972330091
2024-06-28,97.694949318783,110.269785408072,103.12626840338,99.40523014555
2024-07-01,97.7314912859866,109.763104411034,103.227740673776,99.3228197668369
2024-07-02,97.8959301384027,109.985332918507,103.034943360024,99.5425807767386
2024-07-03,97.7588977613893,110.403122512556,103.430685214568,99.4510136892796
2024-07-04,97.3660716139507,111.087586315573,103.664071436478,99.1122154656811
2024-07-05,97.2107682533355,111.443151927529,103.593040847201,98.9931782519843
2024-07-08,97.165090794331,111.594267312611,103.430685214568,98.929081290763
2024-07-09,97.2381747287382,111.736493557394,103.410390760489,99.020648378222
2024-07-10,97.0554648927202,112.963194918644,103.410390760489,98.929081290763
2024-07-11,96.9641099747113,112.5009596231,103.36980185233,98.9107678732712
2024-07-12,96.5804193190737,113.220979987313,103.248035127855,98.6635367371317
2024-07-15,96.6443677616799,112.892081796253,103.12626840338,98.535342814689
2024-07-16,96.6535032534808,113.292093109704,102.87258772739,98.5261861059431
2024-07-17,96.4799289092638,112.865414375356,102.811704365153,98.3247385135332
2024-07-18,96.4799289092638,113.274314829106,102.740673775875,98.4071488922464
2024-07-19,96.9184325157068,112.252063694731,102.669643186598,98.636066610894
2024-07-22,97.0371939091185,111.460930208127,102.456551418767,98.5628129409267
2024-07-23,97.0280584173176,111.869830661877,102.38552082949,98.5628129409267
2024-07-24,97.1833617779328,110.092002602094,102.253606877975,98.3796787660086
2024-07-25,97.2016327615346,108.340841963207,101.746245525995,99.0481185044597
2024-07-26,97.2016327615346,109.505319342365,101.949190066787,98.727633698353
2024-07-29,97.3934780893534,109.05197318712,101.86801225047,98.736790407099
2024-07-30,97.5487814499686,107.967498070652,101.837570569352,98.9199245820171
2024-07-31,97.2838521877427,106.767464130299,101.847717796391,98.7551038245908
2024-08-01,97.2290392369373,108.305285402011,101.959337293827,98.4346190184841
2024-08-02,97.25644571234,105.389647383966,101.472270395926,98.6269099021481
2024-08-05,96.9367034993086,100.829518410622,101.350503671451,98.9107678732712
2024-08-06,97.0463294009194,103.291810273422,101.62447880152,98.9931782519843
2024-08-07,97.073735876322,103.531817061493,102.334784694292,98.6635367371317
2024-08-08,96.9184325157068,103.656265025677,102.263754105015,98.5811263584186
2024-08-09,96.5895548108746,105.869660960108,102.1318401535,98.5444995234349
2024-08-12,96.6443677616799,106.002998064592,102.304343013173,98.5078726884513
2024-08-13,96.6535032534808,105.185197157091,102.223165196856,98.6818501546235
2024-08-14,96.2424061224405,104.954079509319,102.1318401535,98.5719696496727
2024-08-15,96.2606771060423,105.629654172037,102.273901332054,98.3155818047873
2024-08-16,96.2149996470378,106.545235622826,102.070956791262,98.2881116785496
2024-08-19,95.7856315323957,106.091889467581,102.273901332054,97.9310000374593
2024-08-20,95.6851411225858,105.469649646657,102.710232094757,97.665455483828
2024-08-21,95.7308185815903,104.2962831272,102.781262684034,97.7295524450494
2024-08-22,96.023154319219,102.136222034563,102.963912770746,97.6929256100657
2024-08-23,95.9683413684136,102.40289624353,102.974059997786,97.6746121925739
2024-08-26,95.4750248111652,103.149584028639,103.359654625291,97.3907542214508
2024-08-27,95.6760056307849,101.851769544997,103.674218663518,97.4273810564345
2024-08-28,95.9592058766127,100.616179043448,103.785838160953,97.5464182701312
2024-08-29,95.8861219422055,100.34950483448,103.836574296151,98.0042537074265
2024-08-30,95.8769864504047,100.838407550921,103.724954798716,98.2148580085823
2024-09-02,96.2058641552369,100.785072709127,103.714807571676,98.2148580085823
2024-09-03,96.4433869420602,100.091719765812,103.440832441607,98.1599177561069
2024-09-04,96.3885739912548,99.7717107150505,103.339360171211,98.1141342123774
2024-09-05,96.1693221880333,98.5538984940988,103.532157484964,97.9950969986806
2024-09-06,95.9683413684136,99.0872469120339,103.582893620162,98.0408805424101
2024-09-09,96.3885739912548,99.5850387687733,103.278476808974,98.0958207948856
2024-09-10,96.370303007653,99.6294844702678,103.207446219697,98.0225671249183
2024-09-11,96.2789480896441,99.4694799448873,103.095826722261,97.9401567462052
2024-09-12,96.3063545650468,100.465063658366,103.11612117634,98.0225671249183
2024-09-13,95.6942766143867,101.620651897225,102.760968229955,97.766179280033
2024-09-16,95.2923149751473,102.634013891302,102.669643186598,97.3266572602295
2024-09-17,95.3288569423509,102.127332894264,102.62905427844,97.3083438427377
2024-09-18,95.228366532541,103.398479957009,102.568170916202,97.6929256100657
2024-09-19,95.1278761227312,102.847353258476,102.852293273311,97.8760597849838
2024-09-20,95.3105859587491,101.922882667389,102.740673775875,98.2240147173282
2024-09-23,95.4293473521607,101.647319318122,102.933471089628,98.3155818047873
2024-09-24,95.2009600571383,101.700654159916,103.166857311538,98.4529324359759
2024-09-25,95.0456566965231,101.353977688258,103.582893620162,98.2881116785496
2024-09-26,95.1096051391294,100.527287640459,103.359654625291,98.5078726884513
2024-09-27,94.9817082539168,100.42950709717,103.248035127855,98.2148580085823
2024-09-30,94.9725727621159,100.065052344915,102.903029408509,98.1141342123774
2024-10-01,95.4293473521607,99.9850500822245,103.13641563042,98.6635367371317
2024-10-02,95.411076368559,100.998412076301,103.37994907937,98.8558276207957
2024-10-03,95.7490895651921,101.229529724073,103.146562857459,99.4418569805337
2024-10-04,95.6760056307849,102.509565927117,102.994354451865,99.6433045729436
2024-10-07,95.9500703848118,102.420674524128,102.933471089628,100.018729631526
2024-10-08,96.0505607946217,102.98069036296,102.547876462123,99.5608941942305
2024-10-09,96.2789480896441,102.589568189807,102.395668056529,99.4967972330091
2024-10-10,96.5621483354719,102.065108912171,101.959337293827,99.5792076117223
2024-10-11,96.4342514502593,102.251780858449,101.725951071916,99.6341478641977
2024-10-14,96.5256063682683,103.158473168938,101.705656617837,99.5792076117223
2024-10-15,96.7722646468925,102.305115700242,101.594037120401,99.1763124269024
2024-10-16,96.9549744829104,100.971744655404,101.949190066787,99.2404093881238
2024-10-17,97.3112586631453,99.7094867329581,102.070956791262,99.3686033105664
2024-10-18,97.1285488271274,100.936188094209,101.928895612708,99.6799314079272
2024-10-21,97.3569361221498,99.8872695389365,101.807128888233,99.60667773796
2024-10-22,97.4665620237606,100.313948273284,101.796981661193,99.698244825419
2024-10-23,97.9142011220045,99.5850387687733,101.928895612708,100.082826592747
2024-10-24,97.4939684991633,100.909520673312,101.918748385668,100.018729631526
2024-10-25,97.5670524335704,100.820629270323,101.715803844877,99.9454759615585
2024-10-28,97.7680332531901,99.9494935210289,101.441828714808,99.991259505288
2024-10-29,98.0146915318143,99.9228261001321,101.482417622966,100.156080262714
2024-10-30,97.9872850564117,99.069468631436,101.198295265857,100.128610136477
2024-10-31,97.6675428433803,99.5939279090722,101.259178628095,99.9821027965421
2024-11-01,97.5670524335704,99.9672718016267,101.178000811778,99.9546326703044
2024-11-04,97.5396459581677,99.1672491747241,101.238884174016,100.064513175255
2024-11-05,97.6218653843758,98.9716880881479,101.411387033689,100.055356466509
2024-11-06,98.9830536627093,97.3005297119514,101.766539980075,100.247647350173
2024-11-07,97.9233366138054,100.936188094209,101.725951071916,99.9180058353208
2024-11-08,98.0695044826197,100.171722028502,101.512859304085,99.60667773796
2024-11-11,99.0195956299129,97.9494369537724,101.705656617837,99.8722222915912
2024-11-12,99.2114409577317,98.8116835627674,101.847717796391,99.8447521653535
2024-11-13,99.2388474331344,98.1538871806475,101.665067709679,100.156080262714
2024-11-14,99.8143834165909,97.9049912522778,101.573742666322,100.256804058919
2024-11-15,99.4215572691523,98.9005749657566,101.167853584739,100.082826592747
2024-11-18,99.5951316133694,99.0250229299415,100.88373122763,100.00957292278
2024-11-19,99.3119313675416,99.176138315023,101.289620309214,99.7623417866404
2024-11-20,99.3393378429443,100.02060664342,101.63462602856,99.9363192528126
2024-11-21,99.5129121871613,99.0428012105393,101.817276115273,100.082826592747
2024-11-22,99.8874673509981,98.9361315269523,101.87815947751,100.421624816346
2024-11-25,99.5220476789622,99.3005862792079,101.908601158629,100.073669884001
2024-11-26,99.631673580573,98.4738962314086,100.88373122763,99.8539088740994
2024-11-27,99.7047575149801,97.2205274492612,101.167853584739,99.6799314079272
2024-11-28,99.4032862855505,99.176138315023,101.431681487768,99.7348716604027
2024-11-29,99.3119313675416,98.8739075448598,101.39109257961,99.6158344467059
2024-12-02,99.6864865313783,98.5716767746967,101.39109257961,99.4876405242632
2024-12-03,99.5859961215685,99.3005862792079,101.38094535257,99.2220959706319
2024-12-04,99.6225380887721,99.5139256463819,101.178000811778,99.6341478641977
2024-12-05,99.366744318347,99.4517016642895,101.147559130659,99.3686033105664
2024-12-06,99.1748989905281,99.8961586792354,100.954761816907,99.2495660968697
2024-12-09,99.2571184167362,100.10060890611,100.619903324601,99.3869167280583
2024-12-10,99.3758798101479,100.091719765812,100.345928194532,99.7074015341649
2024-12-11,99.5585896461658,99.9761609419256,100.254603151175,99.7348716604027
2024-12-12,99.5585896461658,100.1895003091,100.38651710269,99.6890881166731
2024-12-13,99.713893006781,100.127276327007,100.102394745581,99.798968621624
2024-12-16,99.8143834165909,100.393950535975,99.9298918859083,99.8081253303699
2024-12-17,99.8691963673963,100.553955061355,99.6965056639976,99.8539088740994
2024-12-18,99.8874673509981,100.536176780757,99.5037083502454,99.8355954566076
2024-12-19,100.590900219667,99.94060438073,99.463119442087,100.476565068821
2024-12-20,100.526951777061,100.411728816573,99.2906165824139,100.476565068821
2024-12-23,100.572629236065,100.527287640459,99.1282609497805,100.558975447534
2024-12-24,100.526951777061,100.820629270323,99.0572303605033,100.595602282518
2024-12-25,100.51781628526,100.811740130024,99.0572303605033,100.577288865026
2024-12-26,100.51781628526,100.811740130024,99.0572303605033,100.586445573772
2024-12-27,100.581764727866,100.26950257179,99.3616471716911,100.61391570001
2024-12-30,100.645713170472,99.6917084523603,99.239880447216,100.56813215628
2024-12-31,101.047674809712,98.0116609358649,99.4529722150474,100.76957974869
2025-01-01,101.047674809712,98.0116609358649,99.4529722150474,100.76957974869
2025-01-02,101.248655629332,97.9672152343703,99.3109110364931,100.961870632354
2025-01-03,101.285197596535,98.8116835627674,99.4428249880078,100.851990127403
2025-01-06,100.581764727866,99.9494935210289,99.8893029777499,100.220177223936
2025-01-07,100.72793259668,99.9672718016267,99.8893029777499,100.21102051519
2025-01-08,101.294333088336,99.8161564165451,99.6153278476809,100.815363292419
2025-01-09,101.257791121132,99.5139256463819,99.5848861665621,100.687169369977
2025-01-10,101.340010547341,99.4250342433927,99.513855577285,100.842833418657
2025-01-13,101.860733579992,98.313891706028,99.6965056639976,101.254885312223
2025-01-14,101.604939809567,98.9005749657566,99.7472417991956,101.044281011067
2025-01-15,101.266926612933,99.5228147866808,99.8690085236707,100.742109622452
2025-01-16,101.422229973549,98.8383509836642,99.7066528910372,100.760423039944
2025-01-17,101.477042924354,97.9494369537724,99.3616471716911,100.678012661231
2025-01-20,101.449636448951,97.5316473597233,99.0876720416221,100.833676709911
2025-01-21,101.038539317911,97.8961021119789,99.0267886793845,100.815363292419
2025-01-22,100.453867842654,98.536120213501,99.5442972584037,100.549818738788
2025-01-23,100.627442186871,99.1050251926317,99.189144312018,100.439938233837
2025-01-24,100.051906203414,99.8872695389365,99.3717943987307,100.650542534993
2025-01-27,99.9879577608079,98.5450093537999,99.3210582635327,100.293430893903
2025-01-28,100.545222760663,97.9672152343703,99.0267886793845,100.897773671133
2025-01-29,100.490409809857,98.8827966851588,98.8339913656323,100.906930379879
2025-01-30,100.41732587545,98.6250116164902,98.965905317147,100.72379620496
2025-01-31,100.654848662273,98.0383283567616,98.7020774141176,100.9710273411
2025-02-03,101.367417022743,97.0338555029839,97.7279436183167,101.621153662059
2025-02-04,100.654848662273,99.185027455322,99.1181137227409,101.227415185985
2025-02-05,100.344241941043,98.2427785836367,99.960333567027,100.265960767665
2025-02-06,100.654848662273,98.2961134254302,99.5848861665621,100.302587602649
2025-02-07,100.444732350853,98.7939052821696,99.5442972584037,100.091983301493
2025-02-10,100.71879710488,98.6072333358923,99.7066528910372,100.091983301493
2025-02-11,100.773610055685,98.4472288105118,99.8182723884728,100.146923553968
2025-02-12,100.645713170472,98.7050138791804,99.9400391129479,100.037043049018
2025-02-13,100.563493744264,98.2427785836367,99.9806280211062,100.055356466509
2025-02-14,99.80524792479,99.3272537001046,100.416958783809,99.8447521653535
2025-02-17,99.80524792479,99.0783577717349,100.325633740452,99.8264387478617
2025-02-18,99.8874673509981,99.6739301717624,100.254603151175,99.7165582429108
2025-02-19,99.9514157936043,99.5672604881754,100.315486513413,99.698244825419
2025-02-20,99.7412994821837,99.1672491747241,100.14298365374,99.7531850778945
2025-02-21,99.6408090723739,99.2828079986101,100.214014243017,99.7257149516567
2025-02-24,99.631673580573,98.7761270015718,100.061805837423,99.6524612816895
2025-02-25,99.7230284985819,98.5538984940988,99.7573890262352,99.4876405242632
2025-02-26,99.7687059575864,98.5716767746967,99.0978192686617,99.5151106505009
2025-02-27,99.80524792479,99.1050251926317,99.1282609497805,99.5517374854845
2025-02-28,100.243751531233,99.3361428404036,98.8339913656323,99.9821027965421
2025-03-03,100.234616039432,98.8827966851588,98.7731080033947,99.7257149516567
2025-03-04,99.9331448100025,97.0960794850763,98.6513412789196,99.5425807767386
2025-03-05,99.5129121871613,97.9049912522778,98.6208995978008,99.0664319219515
2025-03-06,98.9739181709084,98.5183419329032,98.590457916682,98.7825739508285
2025-03-07,98.6907179250807,98.8472401239631,98.6513412789196,98.7001635721153
2025-03-10,98.7820728430896,99.505036506083,98.1135382458212,98.4895592709595
2025-03-11,98.7363953840851,98.6072333358923,98.093243791742,98.7642605333367
2025-03-12,98.7912083348905,99.2561405777133,98.2048632891775,98.7825739508285
2025-03-13,98.8551567774968,99.7450432941538,98.3367772406922,98.8832977470334
2025-03-14,98.5536855480672,100.51839850016,98.1033910187816,98.8008873683203
2025-03-17,98.3527047284475,100.909520673312,98.5803106896425,98.7551038245908
2025-03-18,98.4075176792529,100.029495783719,98.8847275008302,98.8466709120498
2025-03-19,98.4257886628547,100.67840302554,98.6817829600384,98.9473947082548
2025-03-20,98.8551567774968,99.4339233836917,98.3570716947714,98.9657081257466
2025-03-21,98.8916987447004,99.2383622971155,98.590457916682,98.9107678732712
2025-03-24,98.8825632528995,99.7272650135559,98.7731080033947,98.9473947082548
2025-03-25,98.7089889086824,100.553955061355,99.1282609497805,98.8100440770662
2025-03-26,98.9008342365013,100.313948273284,99.3413527176119,98.9199245820171
2025-03-27,99.101815056121,99.2205840165176,99.1282609497805,98.9657081257466
2025-03-28,99.1200860397228,98.962798947849,99.1181137227409,98.9657081257466
2025-03-31,99.1200860397228,98.6516790373869,98.6817829600384,99.1122154656811
2025-04-01,99.3484733347452,98.1627763209464,98.5600162355633,98.9748648344925
2025-04-02,99.101815056121,98.856129264262,98.9354636360282,98.8008873683203
2025-04-03,97.9690140728099,100.109498046409,100.1328364267,97.3083438427377
2025-04-04,98.3618402202484,98.3761156881205,99.513855577285,97.564731687623
2025-04-07,99.1657634987273,97.3360862731471,99.3007638094535,97.958470163697
2025-04-08,99.1931699741299,98.207222022441,100.163278107819,97.7387091537952
2025-04-09,99.2936603839398,96.056050070103,99.9907752481458,97.180149920295
2025-04-10,98.5080080890627,98.313891706028,100.427106010848,97.1252096678196
2025-04-11,97.4026135811543,97.9761043746692,101.462123168887,96.0721881620404
2025-04-14,97.1833617779328,98.856129264262,101.330209217372,95.6509795597288
2025-04-15,97.165090794331,99.5405930672787,101.360650898491,95.7059198122042
2025-04-16,97.0006519419149,99.7005975926592,100.924320135788,95.6143527247452
2025-04-17,96.8636195649014,100.136165467306,101.13741190362,95.6692929772206
2025-04-18,96.8636195649014,100.136165467306,101.13741190362,95.6876063947124
2025-04-21,96.8453485812996,100.109498046409,101.117117449541,95.6235094334911
2025-04-22,96.3337610404495,101.282864565867,101.178000811778,94.9459129862941
2025-04-23,96.370303007653,101.816212983802,101.320061990332,95.5594124722697
2025-04-24,96.553012843671,101.74509986141,101.188148038818,95.8066436084092
2025-04-25,96.6900452206844,101.620651897225,101.167853584739,95.9989344920732
2025-04-28,96.6169612862772,102.189556876356,101.238884174016,95.8615838608846
2025-04-29,96.4251159584584,101.549538774834,101.238884174016,95.8707405696305
2025-04-30,96.2515416142414,101.869547825595,101.289620309214,95.7791734821715
2025-05-01,96.2606771060423,101.887326106193,101.289620309214,95.8066436084092
2025-05-02,96.2332706306396,100.873964112116,101.360650898491,95.2663977924008
2025-05-05,95.9043929258073,101.176194882279,101.309914763293,94.6712117239169
2025-05-06,95.8587154668029,100.402839676274,101.279473082174,95.4495319673189
2025-05-07,95.8587154668029,100.891742392714,101.320061990332,95.4953155110484
2025-05-08,96.1693221880333,101.41620167035,100.761964503155,95.7242332296961
2025-05-09,96.2606771060423,101.8251021241,100.64019777868,95.8615838608846
2025-05-12,96.7539936632907,101.860658685296,100.356075421571,97.2625602990082
2025-05-13,96.7905356304943,101.691765019617,100.274897605254,97.3358139689754
2025-05-14,96.196728663436,102.456231085324,100.416958783809,96.5117101818439
2025-05-15,96.2606771060423,102.669570452498,100.112541972621,96.4476132206226
2025-05-16,96.3337610404495,101.887326106193,100.234308697096,96.502553473098
2025-05-19,96.0688317782235,101.931771807687,100.295192059334,96.0447180358027
2025-05-20,96.0048833356172,102.918466380867,100.264750378215,96.0080912008191
2025-05-21,95.6303281717805,102.509565927117,100.538725508284,95.6692929772206
2025-05-22,95.7399540733912,102.020663210677,100.741670049076,95.7242332296961
2025-05-23,95.493295794767,102.24289171815,100.88373122763,95.7608600646797
2025-05-26,95.1096051391294,102.874020679373,101.553448212243,95.4129051323353
2025-05-27,95.3836698931563,102.687348733095,101.259178628095,95.6051960159993
2025-05-28,95.5024312865679,102.491787646519,100.924320135788,95.7242332296961
2025-05-29,95.6577346471831,101.985106649481,101.015645179145,95.8982106958682
2025-05-30,95.4658893193643,102.509565927117,101.056234087303,95.6692929772206
2025-06-02,95.1644180899348,102.500676786818,101.725951071916,95.2572410836549
2025-06-03,95.2557730079437,102.696237873394,101.472270395926,95.6143527247452
2025-06-04,95.228366532541,102.865131539074,101.715803844877,95.5868825985075
2025-06-05,94.9908437457177,102.634013891302,101.939042839748,95.3854350060975
2025-06-06,95.0365212047222,103.211808010732,101.685362163758,95.4953155110484
2025-06-09,94.9725727621159,103.531817061493,101.746245525995,95.4678453848107
2025-06-10,94.963437270315,103.691821586873,101.705656617837,95.4678453848107
2025-06-11,94.9999792375186,103.896271813748,101.766539980075,95.5594124722697
2025-06-12,94.351359319655,104.118500321221,101.827423342312,94.8360324813432
2025-06-13,94.7350499752926,103.727378148069,102.050662337183,95.2297709574171
2025-06-16,94.4153077622613,104.109611180922,102.38552082949,94.9092861513105
2025-06-17,94.4975271884693,104.056276339129,102.466698645806,95.0191666562613
2025-06-18,94.8081339096998,104.100722040623,101.908601158629,95.3213380448762
2025-06-19,95.0639276801249,103.514038780895,101.604184347441,95.5777258897616
2025-06-20,94.8903533359079,103.585151903286,101.451975941847,95.4861588023025
2025-06-23,95.4384828439617,102.705127013693,101.147559130659,95.9897777833273
2025-06-24,94.5340691556729,103.398479957009,101.299767536253,95.0283233650072
2025-06-25,94.5614756310756,103.63848674508,101.147559130659,95.0832636174827
2025-06-26,94.1138365328317,104.12738946152,101.269325855135,94.6071147626956
2025-06-27,94.0407525984245,104.145167742118,101.523006531124,94.5338610927283
2025-06-30,93.9768041558183,104.171835163015,101.299767536253,94.561331218966
2025-07-01,93.5291650575743,104.909633807825,101.573742666322,94.176749451638
2025-07-02,93.821500795203,104.70518358095,101.462123168887,94.3781970440479
2025-07-03,93.7118748935923,104.358507109292,101.837570569352,94.3781970440479
2025-07-04,93.6570619427869,105.229642858586,101.796981661193,94.4422940052693
2025-07-07,93.9950751394201,104.891855527227,101.482417622966,94.6437415976792
2025-07-08,94.0133461230218,105.407425664564,101.472270395926,94.7719355201219
2025-07-09,94.1047010410308,105.816326118314,101.198295265857,94.854345898835
2025-07-10,94.086430057429,105.460760506358,101.289620309214,94.8451891900891
2025-07-11,94.2325979262434,105.016303491412,101.249031401055,95.1015770349745
2025-07-14,94.2143269426416,105.354090822771,101.462123168887,95.2114575399253
2025-07-15,94.3604948114559,105.318534261575,101.39109257961,95.3121813361303
2025-07-16,94.698508008089,104.874077246629,101.320061990332,95.5777258897616
2025-07-17,94.789862926098,104.945190369021,101.076528541382,95.6601362684747
2025-07-18,94.4701207130666,105.300755980977,101.249031401055,95.3945917148435
2025-07-21,94.3330883360532,105.540762769048,101.289620309214,95.2297709574171
2025-07-22,94.2234624344425,105.540762769048,101.502712077045,95.1382038699581
2025-07-23,93.9676686640174,105.36297996307,102.030367883104,95.0283233650072
2025-07-24,93.8397717788048,105.85188267951,101.705656617837,94.95506969504
2025-07-25,94.1138365328317,106.02077634519,101.401239806649,95.1839874136876
2025-07-28,94.4244432540622,105.798547837717,101.208442492897,95.4495319673189
2025-07-29,94.9543017785142,105.03408177201,101.066381314343,95.9714643658355
2025-07-30,94.9177598113106,105.354090822771,100.924320135788,95.8432704433928
2025-07-31,95.4019408767581,105.247421139184,100.832995092432,96.2736357544504
2025-08-01,95.7490895651921,104.687405300352,100.731522822036,96.3285760069258
2025-08-04,94.8994888277088,104.758518422743,101.015645179145,95.824957025901
2025-08-05,95.054792188324,104.580735616765,100.964909043947,95.8066436084092
2025-08-06,94.7807274342971,105.389647383966,101.106970222501,95.6509795597288
2025-08-07,94.5066626802703,105.816326118314,101.096822995461,95.4586886760648
2025-08-08,94.5157981720711,106.047443766086,101.147559130659,95.4678453848107
2025-08-11,94.6436950572837,105.994108924293,100.863436773551,95.5777258897616
2025-08-12,94.7533209588944,105.727434715325,100.802553411313,95.632666142237
2025-08-13,94.2051914508407,106.198559151168,100.822847865392,95.2023008311794
2025-08-14,94.3696303032568,105.425203945162,100.701081140917,95.3579648798598
2025-08-15,94.4792562048676,105.122973174999,100.701081140917,95.3213380448762
2025-08-18,94.5888821064783,104.78518584364,100.751817276115,95.4129051323353
2025-08-19,94.5980175982792,104.891855527227,100.609756097561,95.4586886760648
2025-08-20,94.7259144834917,105.1140840347,100.254603151175,95.7150765209501
2025-08-21,94.8172694015007,105.265199419782,100.14298365374,95.8432704433928
2025-08-22,94.8994888277088,105.52298448845,100.000922475185,95.9623076570896
2025-08-25,94.4061722704604,105.709656434727,100.406811556769,95.7700167734256
2025-08-26,94.5523401392747,105.798547837717,100.335780967492,95.9806210745814
2025-08-27,94.8264048933016,105.44298222576,100.437253237888,96.2278522107209
2025-08-28,94.2874108770487,105.807436978016,100.853289546511,96.11797170577
2025-08-29,94.4792562048676,105.407425664564,100.975056270986,96.3011058806881
2025-09-01,94.2782753852478,105.825215258613,100.914172908749,96.0905015795323
2025-09-02,94.7259144834917,105.051860052608,100.832995092432,96.401829676893
2025-09-03,94.616288581881,105.44298222576,100.701081140917,96.2553223369586
2025-09-04,94.6802370244873,105.069638333205,100.569167189403,96.3468894244176
2025-09-05,94.4335787458631,105.451871366059,100.609756097561,96.1362851232618
2025-09-08,94.2417334180442,105.460760506358,100.447400464927,96.0080912008191
2025-09-09,94.0955655492299,105.567430189945,100.325633740452,95.9348375308519
2025-09-10,94.260004401646,105.647432452635,100.051658610383,96.1271284145159
2025-09-11,94.3879012868586,105.647432452635,99.9400391129479,96.2644790457045
2025-09-12,94.1412430082344,106.447455079538,100.092247518542,96.1545985407536
2025-09-15,93.9037202214111,106.749685849701,100.173425334858,95.8890539871223
2025-09-16,93.6296554673842,106.980803497473,100.589461643482,95.6876063947124
2025-09-17,93.4469456313663,107.203032004946,100.447400464927,95.6418228509829
2025-09-18,93.565707024778,107.665267300489,100.305339286373,95.8982106958682
2025-09-19,94.0590235820263,106.740796709402,100.295192059334,96.2553223369586
2025-09-22,93.8854492378093,106.847466392989,100.234308697096,96.0905015795323
2025-09-23,93.8580427624066,107.176364584049,100.102394745581,96.1088149970241
2025-09-24,94.1229720246326,106.945246936277,99.9400391129479,96.1637552494995
2025-09-25,94.2691398934469,106.776353270598,99.8081251614332,96.410986385639
2025-09-26,94.5980175982792,106.740796709402,99.5848861665621,96.603277269303
2025-09-29,94.2325979262434,107.407482231821,99.513855577285,96.4750833468603
2025-09-30,94.1595139918362,107.363036530326,99.5544444854433,96.410986385639
2025-10-01,94.0955655492299,107.789715264674,99.4428249880078,96.3468894244176
2025-10-02,94.0681590738272,107.096362321359,99.3616471716911,96.1637552494995
2025-10-03,94.1869204672389,106.945246936277,99.2500276742556,96.3011058806881
2025-10-06,94.4335787458631,107.051916619864,99.4022360798494,96.7497846092375
2025-10-07,94.4701207130666,107.389703951223,99.4732666691266,96.887135240426
2025-10-08,94.6619660408855,107.389703951223,99.6660639828789,97.2350901727704
2025-10-09,94.6254240736819,107.816382685571,99.5950333936017,97.180149920295
2025-10-10,94.8446758769034,107.567486757201,99.1992915390576,97.3632840952131
2025-10-13,94.9817082539168,106.83857725269,99.3312054905723,97.2717170077541
2025-10-14,95.228366532541,106.420787658641,99.0369359064241,97.3907542214508
2025-10-15,94.7715919424962,107.025249198967,98.9557580901074,97.088582832836
2025-10-16,94.6528305490846,107.078584040761,98.8441385926719,96.9237620754097
2025-10-17,94.5340691556729,107.16747544375,98.915169181949,96.8413516966965
2025-10-20,94.5706111228765,107.309701688533,98.8745802737906,96.9054486579178
2025-10-21,94.7807274342971,107.158586303451,98.965905317147,97.3083438427377
2025-10-22,94.8355403851025,107.41637137212,99.1282609497805,97.2900304252459
2025-10-23,94.8629468605052,107.354147390027,99.4022360798494,97.4548511826722
2025-10-24,94.8264048933016,107.407482231821,99.1384081768201,97.4365377651804
2025-10-27,94.6345595654828,107.336369109429,99.3413527176119,97.4273810564345
2025-10-28,94.6711015326864,107.016360058668,99.2094387660972,97.4914780176558
2025-10-29,94.5523401392747,106.91857951538,99.6965056639976,97.372440803959
2025-10-30,95.146147106333,106.340785395951,99.4022360798494,97.8302762412543
2025-10-31,95.0821986637267,106.616348745217,99.239880447216,97.7203957363034
2025-11-03,95.1826890735366,106.927468655679,99.1789970849784,97.8211195325084
2025-11-04,95.3836698931563,106.34967453625,99.0166414523449,97.9218433287134
2025-11-05,95.4750248111652,106.225226572065,98.6817829600384,97.9767835811888
2025-11-06,95.2466375161428,106.563013903424,98.8542858197114,97.9218433287134
2025-11-07,95.228366532541,106.634127025815,98.7223718681968,97.9126866199675
2025-11-10,94.9908437457177,107.49637363481,99.3312054905723,97.8394329500002
2025-11-11,94.9725727621159,107.718602142283,99.2297332201764,97.9035299112216
2025-11-12,94.9086243195097,108.216393999022,99.3312054905723,97.9859402899347
2025-11-13,94.70764349989,108.15417001693,99.239880447216,98.0591939599019
2025-11-14,94.698508008089,107.460817073614,99.0978192686617,97.8669030762379
2025-11-17,94.8994888277088,107.869717527364,99.1181137227409,98.0317238336642
2025-11-18,95.054792188324,107.283034267636,99.2297332201764,98.1141342123774
2025-11-19,95.0182502211204,107.994165491549,99.3413527176119,98.2240147173282
2025-11-20,95.31972145055,107.887495807962,99.1079664957013,98.5536562321808
2025-11-21,95.411076368559,107.443038793016,98.9861997712262,98.6635367371317
2025-11-24,95.2375020243419,107.629710739294,98.7731080033947,98.8375142033039
2025-11-25,95.1918245653374,107.274145127337,98.6614885059592,98.7093202808612
2025-11-26,95.0456566965231,107.700823861685,98.7731080033947,98.7459471158449
2025-11-27,94.9451662867133,107.771936984076,99.0369359064241,98.5170293971972
2025-11-28,94.9543017785142,107.798604404973,99.2601749012951,98.736790407099
2025-12-01,94.616288581881,108.011943772147,99.4935611232058,98.3979921835004
2025-12-02,94.8172694015007,107.923052369158,99.2703221283347,98.6635367371317
2025-12-03,94.524933663872,108.109724315435,99.5645917124829,98.4346190184841
2025-12-04,94.5706111228765,108.029722052745,99.3819416257703,98.343051931025
2025-12-05,94.5340691556729,108.48306820799,99.6356223017601,98.4254623097382
2025-12-08,94.4518497294649,108.518624769185,100.579314416442,98.4163056009923
2025-12-09,94.6071530900801,108.047500333343,100.325633740452,98.6177531934022
2025-12-10,94.5614756310756,108.48306820799,100.325633740452,98.6635367371317
2025-12-11,94.2874108770487,108.500846488588,100.528578281244,98.4163056009923
2025-12-12,94.1321075164335,109.309758255789,100.772111730194,98.4620891447218
2025-12-15,93.9768041558183,109.567543324458,100.701081140917,98.4071488922464
2025-12-16,93.9311266968138,109.665323867746,100.64019777868,98.4620891447218
2025-12-17,94.1412430082344,109.656434727447,100.528578281244,98.736790407099
2025-12-18,94.1412430082344,109.558654184159,100.528578281244,98.7734172420826
2025-12-19,94.2051914508407,109.505319342365,100.538725508284,98.9016111645253
2025-12-22,94.0681590738272,109.514208482664,100.670639459799,98.8375142033039
2025-12-23,93.7940943198004,109.745326130436,101.025792406184,98.6910068633694
2025-12-24,93.5748425165788,109.807550112528,101.056234087303,98.5261861059431
2025-12-25,93.5748425165788,109.807550112528,101.056234087303,98.5261861059431
2025-12-26,93.5748425165788,109.798660972229,101.046086860263,98.5170293971972
2025-12-29,93.647926450986,109.62976730655,101.035939633224,98.6726934458776
2025-12-30,93.6296554673842,109.38087137818,100.944614589868,98.8649843295416
2025-12-31,93.7301458771941,109.407538799077,101.035939633224,98.8924544557793
2026-01-01,93.7301458771941,109.407538799077,101.035939633224,98.8924544557793
2026-01-02,93.7484168607959,109.603099885653,100.741670049076,99.0572752132057
2026-01-05,93.9402621886147,109.256423413996,100.38651710269,99.3869167280583
2026-01-06,93.739281368995,109.46976278117,100.39666432973,99.1763124269024
2026-01-07,93.8580427624066,109.38087137818,100.214014243017,99.1671557181565
2026-01-08,93.9219912050129,109.514208482664,99.8487140695915,99.4601703980255
2026-01-09,94.1321075164335,109.229755993099,99.787830707354,99.7257149516567
2026-01-12,93.8854492378093,109.896441515518,99.7472417991956,99.7257149516567
2026-01-13,94.0407525984245,110.0386677603,99.7979779343936,99.9546326703044
2026-01-14,93.9768041558183,110.563127037936,99.7675362532748,100.000416214034
2026-01-15,93.9768041558183,110.69646414242,99.5848861665621,100.073669884001
2026-01-16,93.9219912050129,111.43426278723,99.6762112099185,100.073669884001
2026-01-19,93.821500795203,111.665380435002,99.6660639828789,100.091983301493
2026-01-20,93.5748425165788,111.567599891714,99.960333567027,99.9088491265749
2026-01-21,93.4012681723618,112.456513921606,100.14298365374,99.6799314079272
2026-01-22,93.5383005493753,112.509848763399,100.061805837423,99.6433045729436
2026-01-23,93.2733712871493,112.616518446986,100.305339286373,99.505953941755
2026-01-26,92.7252417790955,112.607629306687,100.406811556769,98.8192007858121
2026-01-27,92.3232801398561,112.99875147984,100.477842146046,98.3064250960414
2026-01-28,91.9395894842184,113.745439264949,101.157706357699,98.0683506686478
2026-01-29,91.9578604678202,113.81655238734,101.472270395926,98.1782311735987
2026-01-30,92.2776026808516,113.123199444025,101.62447880152,98.4895592709595
2026-02-02,92.6978353036928,112.465403061905,100.88373122763,99.0664319219515
2026-02-03,92.6156158774847,113.114310303726,100.792406184274,99.1946258443942
2026-02-04,92.5973448938829,113.576545599269,100.812700638353,99.2220959706319
2026-02-05,92.8714096479098,112.74985555147,100.690933913878,99.5334240679927
2026-02-06,92.862274156109,112.892081796253,100.832995092432,99.5608941942305
2026-02-09,92.3506866152588,113.603213020166,101.015645179145,99.2861929318533
2026-02-10,92.2501962054489,113.372095372394,101.238884174016,99.2587228056156
2026-02-11,92.0766218612319,113.469875915682,101.228736946976,99.0298050869679
2026-02-12,92.0492153858292,113.594323879867,101.056234087303,99.1305288831729
2026-02-13,92.1862477628426,113.380984512693,100.802553411313,99.1396855919188
2026-02-16,92.1314348120373,113.798774106742,100.761964503155,99.0847453394434
2026-02-17,92.2867381726525,113.469875915682,100.619903324601,99.2404093881238
2026-02-18,92.1862477628426,114.127672297802,100.650345005719,99.2220959706319
2026-02-19,92.6430223528874,113.220979987313,100.427106010848,99.698244825419
2026-02-20,92.5425319430776,113.718771844052,100.477842146046,99.6616179904354
2026-02-23,92.4329060414668,113.65654786196,100.447400464927,99.4876405242632
2026-02-24,92.4785835004713,113.034308041035,100.274897605254,99.9821027965421
2026-02-25,92.2593316972498,113.807663247041,100.325633740452,99.9821027965421
2026-02-26,92.0857573530328,113.443208494786,100.325633740452,100.21102051519
2026-02-27,92.2684671890507,113.363206232095,100.457547691967,100.201863806444
2026-03-02,92.8988161233125,112.892081796253,100.792406184274,100.650542534993
2026-03-03,93.4652166149681,112.172061432041,100.975056270986,100.934400506116
2026-03-04,93.2368293199457,111.772050118589,101.046086860263,100.705482787469
2026-03-05,93.4286746477645,111.35426052454,101.411387033689,100.943557214862
2026-03-06,93.8032298116012,110.572016178235,101.37079812553,101.291512147207
2026-03-09,93.8945847296102,110.260896267773,102.040515110144,101.199945059748
2026-03-10,93.1454744019367,111.647602154404,101.796981661193,101.090064554797
2026-03-11,93.4012681723618,111.158699437964,101.604184347441,101.57537011833
2026-03-12,93.5931135001806,110.8653578081,101.62447880152,101.758504293248
2026-03-13,94.1321075164335,110.518681336442,101.13741190362,101.923325050674
2026-03-16,94.086430057429,110.643129300627,101.279473082174,101.88669821569
2026-03-17,93.8032298116012,111.363149664839,100.954761816907,101.749347584502
2026-03-18,94.0681590738272,111.052029754377,100.995350725065,102.106459225592
2026-03-19,94.351359319655,110.029778620001,101.035939633224,102.060675681863
2026-03-20,94.0772945656281,110.527570476741,100.975056270986,101.905011633182
2026-03-23,93.8489072706057,110.705353282719,100.934467362828,101.611996953313
2026-03-24,94.1412430082344,110.092002602094,100.751817276115,101.88669821569

# Figure 12. Nominal Effective Exchange Rates (Daily)
# BIS broad NEER index (Dec 2024 average = 100); increase = appreciation
# Source: Haver Analytics (INTDAILY) 
