"Date","Revision","Section 232 ETR","Section 301 ETR","IEEPA ETR","Fentanyl ETR","Section 122 ETR"
2025-01-01,"basic",0.00258619592036293,0.0213159120818289,0,0,0
2025-01-02,"basic",0.00258619592036293,0.0213159120818289,0,0,0
2025-01-03,"basic",0.00258619592036293,0.0213159120818289,0,0,0
2025-01-04,"basic",0.00258619592036293,0.0213159120818289,0,0,0
2025-01-05,"basic",0.00258619592036293,0.0213159120818289,0,0,0
2025-01-06,"basic",0.00258619592036293,0.0213159120818289,0,0,0
2025-01-07,"basic",0.00258619592036293,0.0213159120818289,0,0,0
2025-01-08,"basic",0.00258619592036293,0.0213159120818289,0,0,0
2025-01-09,"basic",0.00258619592036293,0.0213159120818289,0,0,0
2025-01-10,"basic",0.00258619592036293,0.0213159120818289,0,0,0
2025-01-11,"basic",0.00258619592036293,0.0213159120818289,0,0,0
2025-01-12,"basic",0.00258619592036293,0.0213159120818289,0,0,0
2025-01-13,"basic",0.00258619592036293,0.0213159120818289,0,0,0
2025-01-14,"basic",0.00258619592036293,0.0213159120818289,0,0,0
2025-01-15,"basic",0.00258619592036293,0.0213159120818289,0,0,0
2025-01-16,"basic",0.00258619592036293,0.0213159120818289,0,0,0
2025-01-17,"basic",0.00258619592036293,0.0213159120818289,0,0,0
2025-01-18,"basic",0.00258619592036293,0.0213159120818289,0,0,0
2025-01-19,"basic",0.00258619592036293,0.0213159120818289,0,0,0
2025-01-20,"basic",0.00258619592036293,0.0213159120818289,0,0,0
2025-01-21,"basic",0.00258619592036293,0.0213159120818289,0,0,0
2025-01-22,"basic",0.00258619592036293,0.0213159120818289,0,0,0
2025-01-23,"basic",0.00258619592036293,0.0213159120818289,0,0,0
2025-01-24,"basic",0.00258619592036293,0.0213159120818289,0,0,0
2025-01-25,"basic",0.00258619592036293,0.0213159120818289,0,0,0
2025-01-26,"basic",0.00258619592036293,0.0213159120818289,0,0,0
2025-01-27,"rev_1",0.00258619592036293,0.021316474325474,0,0.0133651382692499,0
2025-01-28,"rev_1",0.00258619592036293,0.021316474325474,0,0.0133651382692499,0
2025-01-29,"rev_1",0.00258619592036293,0.021316474325474,0,0.0133651382692499,0
2025-01-30,"rev_1",0.00258619592036293,0.021316474325474,0,0.0133651382692499,0
2025-01-31,"rev_1",0.00258619592036293,0.021316474325474,0,0.0133651382692499,0
2025-02-01,"rev_2",0.00258619592036293,0.021316474325474,0,0.0133651382692499,0
2025-02-02,"rev_2",0.00258619592036293,0.021316474325474,0,0.0133651382692499,0
2025-02-03,"rev_2",0.00258619592036293,0.021316474325474,0,0.0133651382692499,0
2025-02-04,"rev_3",0.00258619592036293,0.021316474325474,0,0.0464920254474878,0
2025-02-05,"rev_3",0.00258619592036293,0.021316474325474,0,0.0464920254474878,0
2025-02-06,"rev_3",0.00258619592036293,0.021316474325474,0,0.0464920254474878,0
2025-02-07,"rev_3",0.00258619592036293,0.021316474325474,0,0.0464920254474878,0
2025-02-08,"rev_3",0.00258619592036293,0.021316474325474,0,0.0464920254474878,0
2025-02-09,"rev_3",0.00258619592036293,0.021316474325474,0,0.0464920254474878,0
2025-02-10,"rev_3",0.00258619592036293,0.021316474325474,0,0.0464920254474878,0
2025-02-11,"rev_3",0.00258619592036293,0.021316474325474,0,0.0464920254474878,0
2025-02-12,"rev_3",0.00258619592036293,0.021316474325474,0,0.0464920254474878,0
2025-02-13,"rev_3",0.00258619592036293,0.021316474325474,0,0.0464920254474878,0
2025-02-14,"rev_3",0.00258619592036293,0.021316474325474,0,0.0464920254474878,0
2025-02-15,"rev_3",0.00258619592036293,0.021316474325474,0,0.0464920254474878,0
2025-02-16,"rev_3",0.00258619592036293,0.021316474325474,0,0.0464920254474878,0
2025-02-17,"rev_3",0.00258619592036293,0.021316474325474,0,0.0464920254474878,0
2025-02-18,"rev_3",0.00258619592036293,0.021316474325474,0,0.0464920254474878,0
2025-02-19,"rev_3",0.00258619592036293,0.021316474325474,0,0.0464920254474878,0
2025-02-20,"rev_3",0.00258619592036293,0.021316474325474,0,0.0464920254474878,0
2025-02-21,"rev_3",0.00258619592036293,0.021316474325474,0,0.0464920254474878,0
2025-02-22,"rev_3",0.00258619592036293,0.021316474325474,0,0.0464920254474878,0
2025-02-23,"rev_3",0.00258619592036293,0.021316474325474,0,0.0464920254474878,0
2025-02-24,"rev_3",0.00258619592036293,0.021316474325474,0,0.0464920254474878,0
2025-02-25,"rev_3",0.00258619592036293,0.021316474325474,0,0.0464920254474878,0
2025-02-26,"rev_3",0.00258619592036293,0.021316474325474,0,0.0464920254474878,0
2025-02-27,"rev_3",0.00258619592036293,0.021316474325474,0,0.0464920254474878,0
2025-02-28,"rev_3",0.00258619592036293,0.021316474325474,0,0.0464920254474878,0
2025-03-01,"rev_3",0.00258619592036293,0.021316474325474,0,0.0464920254474878,0
2025-03-02,"rev_3",0.00258619592036293,0.021316474325474,0,0.0464920254474878,0
2025-03-03,"rev_3",0.00258619592036293,0.021316474325474,0,0.0464920254474878,0
2025-03-04,"rev_4",0.00404398698038529,0.021316474325474,0,0.046419961988453,0
2025-03-05,"rev_5",0.00404398698038529,0.021316474325474,0,0.046419961988453,0
2025-03-06,"rev_5",0.00404398698038529,0.021316474325474,0,0.046419961988453,0
2025-03-07,"rev_5",0.00404398698038529,0.021316474325474,0,0.046419961988453,0
2025-03-08,"rev_5",0.00404398698038529,0.021316474325474,0,0.046419961988453,0
2025-03-09,"rev_5",0.00404398698038529,0.021316474325474,0,0.046419961988453,0
2025-03-10,"rev_5",0.00404398698038529,0.021316474325474,0,0.046419961988453,0
2025-03-11,"rev_5",0.00404398698038529,0.021316474325474,0,0.046419961988453,0
2025-03-12,"rev_6",0.0156985843047019,0.021316474325474,0,0.046419961988453,0
2025-03-13,"rev_6",0.0156985843047019,0.021316474325474,0,0.046419961988453,0
2025-03-14,"rev_6",0.0156985843047019,0.021316474325474,0,0.046419961988453,0
2025-03-15,"rev_6",0.0156985843047019,0.021316474325474,0,0.046419961988453,0
2025-03-16,"rev_6",0.0156985843047019,0.021316474325474,0,0.046419961988453,0
2025-03-17,"rev_6",0.0156985843047019,0.021316474325474,0,0.046419961988453,0
2025-03-18,"rev_6",0.0156985843047019,0.021316474325474,0,0.046419961988453,0
2025-03-19,"rev_6",0.0156985843047019,0.021316474325474,0,0.046419961988453,0
2025-03-20,"rev_6",0.0156985843047019,0.021316474325474,0,0.046419961988453,0
2025-03-21,"rev_6",0.0156985843047019,0.021316474325474,0,0.046419961988453,0
2025-03-22,"rev_6",0.0156985843047019,0.021316474325474,0,0.046419961988453,0
2025-03-23,"rev_6",0.0156985843047019,0.021316474325474,0,0.046419961988453,0
2025-03-24,"rev_6",0.0156985843047019,0.021316474325474,0,0.046419961988453,0
2025-03-25,"rev_6",0.0156985843047019,0.021316474325474,0,0.046419961988453,0
2025-03-26,"rev_6",0.0156985843047019,0.021316474325474,0,0.046419961988453,0
2025-03-27,"rev_6",0.0156985843047019,0.021316474325474,0,0.046419961988453,0
2025-03-28,"rev_6",0.0156985843047019,0.021316474325474,0,0.046419961988453,0
2025-03-29,"rev_6",0.0156985843047019,0.021316474325474,0,0.046419961988453,0
2025-03-30,"rev_6",0.0156985843047019,0.021316474325474,0,0.046419961988453,0
2025-03-31,"rev_6",0.0156985843047019,0.021316474325474,0,0.046419961988453,0
2025-04-01,"rev_6",0.0156985843047019,0.021316474325474,0,0.046419961988453,0
2025-04-02,"rev_7",0.0203645274089066,0.021316474325474,0.0474381210670391,0.046419961988453,0
2025-04-03,"rev_8",0.0203645274089066,0.021316474325474,0.0830431581761481,0.046419961988453,0
2025-04-04,"rev_8",0.0203645274089066,0.021316474325474,0.0830431581761481,0.046419961988453,0
2025-04-05,"rev_9",0.0203645274089066,0.021316474325474,0.112219668495224,0.046419961988453,0
2025-04-06,"rev_9",0.0203645274089066,0.021316474325474,0.112219668495224,0.046419961988453,0
2025-04-07,"rev_9",0.0203645274089066,0.021316474325474,0.112219668495224,0.046419961988453,0
2025-04-08,"rev_9",0.0203645274089066,0.021316474325474,0.112219668495224,0.046419961988453,0
2025-04-09,"rev_10",0.0203645274089066,0.021316474325474,0.112219668495224,0.046419961988453,0
2025-04-10,"rev_10",0.0203645274089066,0.021316474325474,0.112219668495224,0.046419961988453,0
2025-04-11,"rev_11",0.0407693272182089,0.021316474325474,0.107343165454742,0.046419961988453,0
2025-04-12,"rev_11",0.0407693272182089,0.021316474325474,0.107343165454742,0.046419961988453,0
2025-04-13,"rev_11",0.0407693272182089,0.021316474325474,0.107343165454742,0.046419961988453,0
2025-04-14,"rev_12",0.0407693272182089,0.021316474325474,0.0285962551697427,0.046419961988453,0
2025-04-15,"rev_12",0.0407693272182089,0.021316474325474,0.0285962551697427,0.046419961988453,0
2025-04-16,"rev_12",0.0407693272182089,0.021316474325474,0.0285962551697427,0.046419961988453,0
2025-04-17,"rev_12",0.0407693272182089,0.021316474325474,0.0285962551697427,0.046419961988453,0
2025-04-18,"rev_12",0.0407693272182089,0.021316474325474,0.0285962551697427,0.046419961988453,0
2025-04-19,"rev_12",0.0407693272182089,0.021316474325474,0.0285962551697427,0.046419961988453,0
2025-04-20,"rev_12",0.0407693272182089,0.021316474325474,0.0285962551697427,0.046419961988453,0
2025-04-21,"rev_12",0.0407693272182089,0.021316474325474,0.0285962551697427,0.046419961988453,0
2025-04-22,"rev_13",0.0407693272182089,0.021316474325474,0.0285962551697427,0.046419961988453,0
2025-04-23,"rev_13",0.0407693272182089,0.021316474325474,0.0285962551697427,0.046419961988453,0
2025-04-24,"rev_13",0.0407693272182089,0.021316474325474,0.0285962551697427,0.046419961988453,0
2025-04-25,"rev_13",0.0407693272182089,0.021316474325474,0.0285962551697427,0.046419961988453,0
2025-04-26,"rev_13",0.0407693272182089,0.021316474325474,0.0285962551697427,0.046419961988453,0
2025-04-27,"rev_13",0.0407693272182089,0.021316474325474,0.0285962551697427,0.046419961988453,0
2025-04-28,"rev_13",0.0407693272182089,0.021316474325474,0.0285962551697427,0.046419961988453,0
2025-04-29,"rev_13",0.0407693272182089,0.021316474325474,0.0285962551697427,0.046419961988453,0
2025-04-30,"rev_13",0.0407693272182089,0.021316474325474,0.0285962551697427,0.046419961988453,0
2025-05-01,"rev_13",0.0407693272182089,0.021316474325474,0.0285962551697427,0.046419961988453,0
2025-05-02,"rev_14",0.0424288715999353,0.021316474325474,0.0285596706698754,0.046419961988453,0
2025-05-03,"rev_14",0.0424288715999353,0.021316474325474,0.0285596706698754,0.046419961988453,0
2025-05-04,"rev_14",0.0424288715999353,0.021316474325474,0.0285596706698754,0.046419961988453,0
2025-05-05,"rev_14",0.0424288715999353,0.021316474325474,0.0285596706698754,0.046419961988453,0
2025-05-06,"rev_14",0.0424288715999353,0.021316474325474,0.0285596706698754,0.046419961988453,0
2025-05-07,"rev_14",0.0424288715999353,0.021316474325474,0.0285596706698754,0.046419961988453,0
2025-05-08,"rev_14",0.0424288715999353,0.021316474325474,0.0285596706698754,0.046419961988453,0
2025-05-09,"rev_14",0.0424288715999353,0.021316474325474,0.0285596706698754,0.046419961988453,0
2025-05-10,"rev_14",0.0424288715999353,0.021316474325474,0.0285596706698754,0.046419961988453,0
2025-05-11,"rev_14",0.0424288715999353,0.021316474325474,0.0285596706698754,0.046419961988453,0
2025-05-12,"rev_14",0.0424288715999353,0.021316474325474,0.0285596706698754,0.046419961988453,0
2025-05-13,"rev_14",0.0424288715999353,0.021316474325474,0.0285596706698754,0.046419961988453,0
2025-05-14,"rev_15",0.0424288715999353,0.021316474325474,0.0285596706698754,0.046419961988453,0
2025-05-15,"rev_15",0.0424288715999353,0.021316474325474,0.0285596706698754,0.046419961988453,0
2025-05-16,"rev_15",0.0424288715999353,0.021316474325474,0.0285596706698754,0.046419961988453,0
2025-05-17,"rev_15",0.0424288715999353,0.021316474325474,0.0285596706698754,0.046419961988453,0
2025-05-18,"rev_15",0.0424288715999353,0.021316474325474,0.0285596706698754,0.046419961988453,0
2025-05-19,"rev_15",0.0424288715999353,0.021316474325474,0.0285596706698754,0.046419961988453,0
2025-05-20,"rev_15",0.0424288715999353,0.021316474325474,0.0285596706698754,0.046419961988453,0
2025-05-21,"rev_15",0.0424288715999353,0.021316474325474,0.0285596706698754,0.046419961988453,0
2025-05-22,"rev_15",0.0424288715999353,0.021316474325474,0.0285596706698754,0.046419961988453,0
2025-05-23,"rev_15",0.0424288715999353,0.021316474325474,0.0285596706698754,0.046419961988453,0
2025-05-24,"rev_15",0.0424288715999353,0.021316474325474,0.0285596706698754,0.046419961988453,0
2025-05-25,"rev_15",0.0424288715999353,0.021316474325474,0.0285596706698754,0.046419961988453,0
2025-05-26,"rev_15",0.0424288715999353,0.021316474325474,0.0285596706698754,0.046419961988453,0
2025-05-27,"rev_15",0.0424288715999353,0.021316474325474,0.0285596706698754,0.046419961988453,0
2025-05-28,"rev_15",0.0424288715999353,0.021316474325474,0.0285596706698754,0.046419961988453,0
2025-05-29,"rev_15",0.0424288715999353,0.021316474325474,0.0285596706698754,0.046419961988453,0
2025-05-30,"rev_15",0.0424288715999353,0.021316474325474,0.0285596706698754,0.046419961988453,0
2025-05-31,"rev_15",0.0424288715999353,0.021316474325474,0.0285596706698754,0.046419961988453,0
2025-06-01,"rev_15",0.0424288715999353,0.021316474325474,0.0285596706698754,0.046419961988453,0
2025-06-02,"rev_15",0.0424288715999353,0.021316474325474,0.0285596706698754,0.046419961988453,0
2025-06-03,"rev_15",0.0424288715999353,0.021316474325474,0.0285596706698754,0.046419961988453,0
2025-06-04,"rev_15",0.0424288715999353,0.021316474325474,0.0285596706698754,0.046419961988453,0
2025-06-05,"rev_15",0.0424288715999353,0.021316474325474,0.0285596706698754,0.046419961988453,0
2025-06-06,"rev_16",0.0417430805072087,0.0212108806617689,0.027975965848645,0.0458281713398969,0
2025-06-07,"rev_16",0.0417430805072087,0.0212108806617689,0.027975965848645,0.0458281713398969,0
2025-06-08,"rev_16",0.0417430805072087,0.0212108806617689,0.027975965848645,0.0458281713398969,0
2025-06-09,"rev_16",0.0417430805072087,0.0212108806617689,0.027975965848645,0.0458281713398969,0
2025-06-10,"rev_16",0.0417430805072087,0.0212108806617689,0.027975965848645,0.0458281713398969,0
2025-06-11,"rev_16",0.0417430805072087,0.0212108806617689,0.027975965848645,0.0458281713398969,0
2025-06-12,"rev_16",0.0417430805072087,0.0212108806617689,0.027975965848645,0.0458281713398969,0
2025-06-13,"rev_16",0.0417430805072087,0.0212108806617689,0.027975965848645,0.0458281713398969,0
2025-06-14,"rev_16",0.0417430805072087,0.0212108806617689,0.027975965848645,0.0458281713398969,0
2025-06-15,"rev_16",0.0417430805072087,0.0212108806617689,0.027975965848645,0.0458281713398969,0
2025-06-16,"rev_16",0.0417430805072087,0.0212108806617689,0.027975965848645,0.0458281713398969,0
2025-06-17,"rev_16",0.0417430805072087,0.0212108806617689,0.027975965848645,0.0458281713398969,0
2025-06-18,"rev_16",0.0417430805072087,0.0212108806617689,0.027975965848645,0.0458281713398969,0
2025-06-19,"rev_16",0.0417430805072087,0.0212108806617689,0.027975965848645,0.0458281713398969,0
2025-06-20,"rev_16",0.0417430805072087,0.0212108806617689,0.027975965848645,0.0458281713398969,0
2025-06-21,"rev_16",0.0417430805072087,0.0212108806617689,0.027975965848645,0.0458281713398969,0
2025-06-22,"rev_16",0.0417430805072087,0.0212108806617689,0.027975965848645,0.0458281713398969,0
2025-06-23,"rev_16",0.0417430805072087,0.0212108806617689,0.027975965848645,0.0458281713398969,0
2025-06-24,"rev_16",0.0417430805072087,0.0212108806617689,0.027975965848645,0.0458281713398969,0
2025-06-25,"rev_16",0.0417430805072087,0.0212108806617689,0.027975965848645,0.0458281713398969,0
2025-06-26,"rev_16",0.0417430805072087,0.0212108806617689,0.027975965848645,0.0458281713398969,0
2025-06-27,"rev_16",0.0417430805072087,0.0212108806617689,0.027975965848645,0.0458281713398969,0
2025-06-28,"rev_16",0.0417430805072087,0.0212108806617689,0.027975965848645,0.0458281713398969,0
2025-06-29,"rev_16",0.0417430805072087,0.0212108806617689,0.027975965848645,0.0458281713398969,0
2025-06-30,"rev_16",0.0417430805072087,0.0212108806617689,0.027975965848645,0.0458281713398969,0
2025-07-01,"rev_17",0.0417430805072087,0.0212108806617689,0.027975965848645,0.0499227731923359,0
2025-07-02,"rev_17",0.0417430805072087,0.0212108806617689,0.027975965848645,0.0499227731923359,0
2025-07-03,"rev_17",0.0417430805072087,0.0212108806617689,0.027975965848645,0.0499227731923359,0
2025-07-04,"rev_17",0.0417430805072087,0.0212108806617689,0.027975965848645,0.0499227731923359,0
2025-07-05,"rev_17",0.0417430805072087,0.0212108806617689,0.027975965848645,0.0499227731923359,0
2025-07-06,"rev_17",0.0417430805072087,0.0212108806617689,0.027975965848645,0.0499227731923359,0
2025-07-07,"rev_17",0.0417430805072087,0.0212108806617689,0.027975965848645,0.0499227731923359,0
2025-07-08,"rev_17",0.0417430805072087,0.0212108806617689,0.027975965848645,0.0499227731923359,0
2025-07-09,"rev_17",0.0417430805072087,0.0212108806617689,0.027975965848645,0.0499227731923359,0
2025-07-10,"rev_17",0.0417430805072087,0.0212108806617689,0.027975965848645,0.0499227731923359,0
2025-07-11,"rev_17",0.0417430805072087,0.0212108806617689,0.027975965848645,0.0499227731923359,0
2025-07-12,"rev_17",0.0417430805072087,0.0212108806617689,0.027975965848645,0.0499227731923359,0
2025-07-13,"rev_17",0.0417430805072087,0.0212108806617689,0.027975965848645,0.0499227731923359,0
2025-07-14,"rev_17",0.0417430805072087,0.0212108806617689,0.027975965848645,0.0499227731923359,0
2025-07-15,"rev_17",0.0417430805072087,0.0212108806617689,0.027975965848645,0.0499227731923359,0
2025-07-16,"rev_17",0.0417430805072087,0.0212108806617689,0.027975965848645,0.0499227731923359,0
2025-07-17,"rev_17",0.0417430805072087,0.0212108806617689,0.027975965848645,0.0499227731923359,0
2025-07-18,"rev_17",0.0417430805072087,0.0212108806617689,0.027975965848645,0.0499227731923359,0
2025-07-19,"rev_17",0.0417430805072087,0.0212108806617689,0.027975965848645,0.0499227731923359,0
2025-07-20,"rev_17",0.0417430805072087,0.0212108806617689,0.027975965848645,0.0499227731923359,0
2025-07-21,"rev_17",0.0417430805072087,0.0212108806617689,0.027975965848645,0.0499227731923359,0
2025-07-22,"rev_17",0.0417430805072087,0.0212108806617689,0.027975965848645,0.0499227731923359,0
2025-07-23,"rev_17",0.0417430805072087,0.0212108806617689,0.027975965848645,0.0499227731923359,0
2025-07-24,"rev_17",0.0417430805072087,0.0212108806617689,0.027975965848645,0.0499227731923359,0
2025-07-25,"rev_17",0.0417430805072087,0.0212108806617689,0.027975965848645,0.0499227731923359,0
2025-07-26,"rev_17",0.0417430805072087,0.0212108806617689,0.027975965848645,0.0499227731923359,0
2025-07-27,"rev_17",0.0417430805072087,0.0212108806617689,0.027975965848645,0.0499227731923359,0
2025-07-28,"rev_17",0.0417430805072087,0.0212108806617689,0.027975965848645,0.0499227731923359,0
2025-07-29,"rev_17",0.0417430805072087,0.0212108806617689,0.027975965848645,0.0499227731923359,0
2025-07-30,"rev_17",0.0417430805072087,0.0212108806617689,0.027975965848645,0.0499227731923359,0
2025-07-31,"rev_17",0.0417430805072087,0.0212108806617689,0.027975965848645,0.0499227731923359,0
2025-08-01,"rev_17",0.0417430805072087,0.0212108806617689,0.027975965848645,0.0499227731923359,0
2025-08-02,"rev_17",0.0417430805072087,0.0212108806617689,0.027975965848645,0.0499227731923359,0
2025-08-03,"rev_17",0.0417430805072087,0.0212108806617689,0.027975965848645,0.0499227731923359,0
2025-08-04,"rev_17",0.0417430805072087,0.0212108806617689,0.027975965848645,0.0499227731923359,0
2025-08-05,"rev_17",0.0417430805072087,0.0212108806617689,0.027975965848645,0.0499227731923359,0
2025-08-06,"rev_17",0.0417430805072087,0.0212108806617689,0.027975965848645,0.0499227731923359,0
2025-08-07,"rev_18",0.0417301174836284,0.0212108806617689,0.0423030719378159,0.0499227731923359,0
2025-08-08,"rev_18",0.0417301174836284,0.0212108806617689,0.0423030719378159,0.0499227731923359,0
2025-08-09,"rev_18",0.0417301174836284,0.0212108806617689,0.0423030719378159,0.0499227731923359,0
2025-08-10,"rev_18",0.0417301174836284,0.0212108806617689,0.0423030719378159,0.0499227731923359,0
2025-08-11,"rev_18",0.0417301174836284,0.0212108806617689,0.0423030719378159,0.0499227731923359,0
2025-08-12,"rev_19",0.0417301174836284,0.0212108806617689,0.0423030719378159,0.0499227731923359,0
2025-08-13,"rev_19",0.0417301174836284,0.0212108806617689,0.0423030719378159,0.0499227731923359,0
2025-08-14,"rev_19",0.0417301174836284,0.0212108806617689,0.0423030719378159,0.0499227731923359,0
2025-08-15,"rev_19",0.0417301174836284,0.0212108806617689,0.0423030719378159,0.0499227731923359,0
2025-08-16,"rev_19",0.0417301174836284,0.0212108806617689,0.0423030719378159,0.0499227731923359,0
2025-08-17,"rev_19",0.0417301174836284,0.0212108806617689,0.0423030719378159,0.0499227731923359,0
2025-08-18,"rev_19",0.0417301174836284,0.0212108806617689,0.0423030719378159,0.0499227731923359,0
2025-08-19,"rev_19",0.0417301174836284,0.0212108806617689,0.0423030719378159,0.0499227731923359,0
2025-08-20,"rev_20",0.0417301174836284,0.0212108806617689,0.0449399463372847,0.0499227731923359,0
2025-08-21,"rev_20",0.0417301174836284,0.0212108806617689,0.0449399463372847,0.0499227731923359,0
2025-08-22,"rev_20",0.0417301174836284,0.0212108806617689,0.0449399463372847,0.0499227731923359,0
2025-08-23,"rev_20",0.0417301174836284,0.0212108806617689,0.0449399463372847,0.0499227731923359,0
2025-08-24,"rev_20",0.0417301174836284,0.0212108806617689,0.0449399463372847,0.0499227731923359,0
2025-08-25,"rev_20",0.0417301174836284,0.0212108806617689,0.0449399463372847,0.0499227731923359,0
2025-08-26,"rev_20",0.0417301174836284,0.0212108806617689,0.0449399463372847,0.0499227731923359,0
2025-08-27,"rev_20",0.0417301174836284,0.0212108806617689,0.0449399463372847,0.0499227731923359,0
2025-08-28,"rev_21",0.0417301174836284,0.0212108806617689,0.0449399463372847,0.0499227731923359,0
2025-08-29,"rev_21",0.0417301174836284,0.0212108806617689,0.0449399463372847,0.0499227731923359,0
2025-08-30,"rev_21",0.0417301174836284,0.0212108806617689,0.0449399463372847,0.0499227731923359,0
2025-08-31,"rev_21",0.0417301174836284,0.0212108806617689,0.0449399463372847,0.0499227731923359,0
2025-09-01,"rev_21",0.0417301174836284,0.0212108806617689,0.0449399463372847,0.0499227731923359,0
2025-09-02,"rev_21",0.0417301174836284,0.0212108806617689,0.0449399463372847,0.0499227731923359,0
2025-09-03,"rev_22",0.0417301174836284,0.0212108806617689,0.0449399463372847,0.0499227731923359,0
2025-09-04,"rev_22",0.0417301174836284,0.0212108806617689,0.0449399463372847,0.0499227731923359,0
2025-09-05,"rev_22",0.0417301174836284,0.0212108806617689,0.0449399463372847,0.0499227731923359,0
2025-09-06,"rev_22",0.0417301174836284,0.0212108806617689,0.0449399463372847,0.0499227731923359,0
2025-09-07,"rev_22",0.0417301174836284,0.0212108806617689,0.0449399463372847,0.0499227731923359,0
2025-09-08,"rev_22",0.0417301174836284,0.0212108806617689,0.0449399463372847,0.0499227731923359,0
2025-09-09,"rev_22",0.0417301174836284,0.0212108806617689,0.0449399463372847,0.0499227731923359,0
2025-09-10,"rev_22",0.0417301174836284,0.0212108806617689,0.0449399463372847,0.0499227731923359,0
2025-09-11,"rev_22",0.0417301174836284,0.0212108806617689,0.0449399463372847,0.0499227731923359,0
2025-09-12,"rev_23",0.0397417214788943,0.0212108806617689,0.04495034957075,0.0499227731923359,0
2025-09-13,"rev_23",0.0397417214788943,0.0212108806617689,0.04495034957075,0.0499227731923359,0
2025-09-14,"rev_23",0.0397417214788943,0.0212108806617689,0.04495034957075,0.0499227731923359,0
2025-09-15,"rev_23",0.0397417214788943,0.0212108806617689,0.04495034957075,0.0499227731923359,0
2025-09-16,"rev_23",0.0397417214788943,0.0212108806617689,0.04495034957075,0.0499227731923359,0
2025-09-17,"rev_23",0.0397417214788943,0.0212108806617689,0.04495034957075,0.0499227731923359,0
2025-09-18,"rev_23",0.0397417214788943,0.0212108806617689,0.04495034957075,0.0499227731923359,0
2025-09-19,"rev_24",0.0375120756004464,0.0212108806617689,0.0449418441647158,0.0499227731923359,0
2025-09-20,"rev_24",0.0375120756004464,0.0212108806617689,0.0449418441647158,0.0499227731923359,0
2025-09-21,"rev_24",0.0375120756004464,0.0212108806617689,0.0449418441647158,0.0499227731923359,0
2025-09-22,"rev_24",0.0375120756004464,0.0212108806617689,0.0449418441647158,0.0499227731923359,0
2025-09-23,"rev_24",0.0375120756004464,0.0212108806617689,0.0449418441647158,0.0499227731923359,0
2025-09-24,"rev_24",0.0375120756004464,0.0212108806617689,0.0449418441647158,0.0499227731923359,0
2025-09-25,"rev_24",0.0375120756004464,0.0212108806617689,0.0449418441647158,0.0499227731923359,0
2025-09-26,"rev_25",0.0385815537736183,0.0212108806617689,0.0443655092560707,0.0499227731923359,0
2025-09-27,"rev_25",0.0385815537736183,0.0212108806617689,0.0443655092560707,0.0499227731923359,0
2025-09-28,"rev_25",0.0385815537736183,0.0212108806617689,0.0443655092560707,0.0499227731923359,0
2025-09-29,"rev_25",0.0385815537736183,0.0212108806617689,0.0443655092560707,0.0499227731923359,0
2025-09-30,"rev_25",0.0385815537736183,0.0212108806617689,0.0443655092560707,0.0499227731923359,0
2025-10-01,"rev_25",0.0385815537736183,0.0212108806617689,0.0443655092560707,0.0499227731923359,0
2025-10-02,"rev_25",0.0385815537736183,0.0212108806617689,0.0443655092560707,0.0499227731923359,0
2025-10-03,"rev_25",0.0385815537736183,0.0212108806617689,0.0443655092560707,0.0499227731923359,0
2025-10-04,"rev_25",0.0385815537736183,0.0212108806617689,0.0443655092560707,0.0499227731923359,0
2025-10-05,"rev_25",0.0385815537736183,0.0212108806617689,0.0443655092560707,0.0499227731923359,0
2025-10-06,"rev_26",0.0385815537736183,0.0212108806617689,0.0443655092560707,0.0499227731923359,0
2025-10-07,"rev_26",0.0385815537736183,0.0212108806617689,0.0443655092560707,0.0499227731923359,0
2025-10-08,"rev_26",0.0385815537736183,0.0212108806617689,0.0443655092560707,0.0499227731923359,0
2025-10-09,"rev_26",0.0385815537736183,0.0212108806617689,0.0443655092560707,0.0499227731923359,0
2025-10-10,"rev_26",0.0385815537736183,0.0212108806617689,0.0443655092560707,0.0499227731923359,0
2025-10-11,"rev_26",0.0385815537736183,0.0212108806617689,0.0443655092560707,0.0499227731923359,0
2025-10-12,"rev_26",0.0385815537736183,0.0212108806617689,0.0443655092560707,0.0499227731923359,0
2025-10-13,"rev_26",0.0385815537736183,0.0212108806617689,0.0443655092560707,0.0499227731923359,0
2025-10-14,"rev_26",0.0385815537736183,0.0212108806617689,0.0443655092560707,0.0499227731923359,0
2025-10-15,"rev_27",0.0385815537736183,0.0212108806617689,0.0443655092560707,0.036615497648074,0
2025-10-16,"rev_27",0.0385815537736183,0.0212108806617689,0.0443655092560707,0.036615497648074,0
2025-10-17,"rev_27",0.0385815537736183,0.0212108806617689,0.0443655092560707,0.036615497648074,0
2025-10-18,"rev_27",0.0385815537736183,0.0212108806617689,0.0443655092560707,0.036615497648074,0
2025-10-19,"rev_27",0.0385815537736183,0.0212108806617689,0.0443655092560707,0.036615497648074,0
2025-10-20,"rev_27",0.0385815537736183,0.0212108806617689,0.0443655092560707,0.036615497648074,0
2025-10-21,"rev_27",0.0385815537736183,0.0212108806617689,0.0443655092560707,0.036615497648074,0
2025-10-22,"rev_28",0.0385815537736183,0.0212108806617689,0.0443655092560707,0.036615497648074,0
2025-10-23,"rev_28",0.0385815537736183,0.0212108806617689,0.0443655092560707,0.036615497648074,0
2025-10-24,"rev_28",0.0385815537736183,0.0212108806617689,0.0443655092560707,0.036615497648074,0
2025-10-25,"rev_28",0.0385815537736183,0.0212108806617689,0.0443655092560707,0.036615497648074,0
2025-10-26,"rev_28",0.0385815537736183,0.0212108806617689,0.0443655092560707,0.036615497648074,0
2025-10-27,"rev_28",0.0385815537736183,0.0212108806617689,0.0443655092560707,0.036615497648074,0
2025-10-28,"rev_28",0.0385815537736183,0.0212108806617689,0.0443655092560707,0.036615497648074,0
2025-10-29,"rev_28",0.0385815537736183,0.0212108806617689,0.0443655092560707,0.036615497648074,0
2025-10-30,"rev_28",0.0385815537736183,0.0212108806617689,0.0443655092560707,0.036615497648074,0
2025-10-31,"rev_29",0.0385815537736183,0.0212108806617689,0.0443655092560707,0.036615497648074,0
2025-11-01,"rev_29",0.0385815537736183,0.0212108806617689,0.0443655092560707,0.036615497648074,0
2025-11-02,"rev_29",0.0385815537736183,0.0212108806617689,0.0443655092560707,0.036615497648074,0
2025-11-03,"rev_29",0.0385815537736183,0.0212108806617689,0.0443655092560707,0.036615497648074,0
2025-11-04,"rev_29",0.0385815537736183,0.0212108806617689,0.0443655092560707,0.036615497648074,0
2025-11-05,"rev_30",0.0385815537736183,0.0212108806617689,0.0443655092560707,0.036615497648074,0
2025-11-06,"rev_30",0.0385815537736183,0.0212108806617689,0.0443655092560707,0.036615497648074,0
2025-11-07,"rev_30",0.0385815537736183,0.0212108806617689,0.0443655092560707,0.036615497648074,0
2025-11-08,"rev_30",0.0385815537736183,0.0212108806617689,0.0443655092560707,0.036615497648074,0
2025-11-09,"rev_30",0.0385815537736183,0.0212108806617689,0.0443655092560707,0.036615497648074,0
2025-11-10,"rev_30",0.0385815537736183,0.0212108806617689,0.0443655092560707,0.036615497648074,0
2025-11-11,"rev_30",0.0385815537736183,0.0212108806617689,0.0443655092560707,0.036615497648074,0
2025-11-12,"rev_31",0.0385815537736183,0.0212108806617689,0.0443655092560707,0.036615497648074,0
2025-11-13,"rev_31",0.0385815537736183,0.0212108806617689,0.0443655092560707,0.036615497648074,0
2025-11-14,"rev_31",0.0385815537736183,0.0212108806617689,0.0443655092560707,0.036615497648074,0
2025-11-15,"rev_32",0.0368524526888187,0.0212108806617689,0.0434948728199802,0.036615497648074,0
2025-11-16,"rev_32",0.0368524526888187,0.0212108806617689,0.0434948728199802,0.036615497648074,0
2025-11-17,"rev_32",0.0368524526888187,0.0212108806617689,0.0434948728199802,0.036615497648074,0
2025-11-18,"rev_32",0.0368524526888187,0.0212108806617689,0.0434948728199802,0.036615497648074,0
2025-11-19,"rev_32",0.0368524526888187,0.0212108806617689,0.0434948728199802,0.036615497648074,0
2025-11-20,"rev_32",0.0368524526888187,0.0212108806617689,0.0434948728199802,0.036615497648074,0
2025-11-21,"rev_32",0.0368524526888187,0.0212108806617689,0.0434948728199802,0.036615497648074,0
2025-11-22,"rev_32",0.0368524526888187,0.0212108806617689,0.0434948728199802,0.036615497648074,0
2025-11-23,"rev_32",0.0368524526888187,0.0212108806617689,0.0434948728199802,0.036615497648074,0
2025-11-24,"rev_32",0.0368524526888187,0.0212108806617689,0.0434948728199802,0.036615497648074,0
2025-11-25,"rev_32",0.0368524526888187,0.0212108806617689,0.0434948728199802,0.036615497648074,0
2025-11-26,"rev_32",0.0368524526888187,0.0212108806617689,0.0434948728199802,0.036615497648074,0
2025-11-27,"rev_32",0.0368524526888187,0.0212108806617689,0.0434948728199802,0.036615497648074,0
2025-11-28,"rev_32",0.0368524526888187,0.0212108806617689,0.0434948728199802,0.036615497648074,0
2025-11-29,"rev_32",0.0368524526888187,0.0212108806617689,0.0434948728199802,0.036615497648074,0
2025-11-30,"rev_32",0.0368524526888187,0.0212108806617689,0.0434948728199802,0.036615497648074,0
2025-12-01,"rev_32",0.0368524526888187,0.0212108806617689,0.0434948728199802,0.036615497648074,0
2025-12-02,"rev_32",0.0368524526888187,0.0212108806617689,0.0434948728199802,0.036615497648074,0
2025-12-03,"rev_32",0.0368524526888187,0.0212108806617689,0.0434948728199802,0.036615497648074,0
2025-12-04,"rev_32",0.0368524526888187,0.0212108806617689,0.0434948728199802,0.036615497648074,0
2025-12-05,"rev_32",0.0368524526888187,0.0212108806617689,0.0434948728199802,0.036615497648074,0
2025-12-06,"rev_32",0.0368524526888187,0.0212108806617689,0.0434948728199802,0.036615497648074,0
2025-12-07,"rev_32",0.0368524526888187,0.0212108806617689,0.0434948728199802,0.036615497648074,0
2025-12-08,"rev_32",0.0368524526888187,0.0212108806617689,0.0434948728199802,0.036615497648074,0
2025-12-09,"rev_32",0.0368524526888187,0.0212108806617689,0.0434948728199802,0.036615497648074,0
2025-12-10,"rev_32",0.0368524526888187,0.0212108806617689,0.0434948728199802,0.036615497648074,0
2025-12-11,"rev_32",0.0368524526888187,0.0212108806617689,0.0434948728199802,0.036615497648074,0
2025-12-12,"rev_32",0.0368524526888187,0.0212108806617689,0.0434948728199802,0.036615497648074,0
2025-12-13,"rev_32",0.0368524526888187,0.0212108806617689,0.0434948728199802,0.036615497648074,0
2025-12-14,"rev_32",0.0368524526888187,0.0212108806617689,0.0434948728199802,0.036615497648074,0
2025-12-15,"rev_32",0.0368524526888187,0.0212108806617689,0.0434948728199802,0.036615497648074,0
2025-12-16,"rev_32",0.0368524526888187,0.0212108806617689,0.0434948728199802,0.036615497648074,0
2025-12-17,"rev_32",0.0368524526888187,0.0212108806617689,0.0434948728199802,0.036615497648074,0
2025-12-18,"rev_32",0.0368524526888187,0.0212108806617689,0.0434948728199802,0.036615497648074,0
2025-12-19,"rev_32",0.0368524526888187,0.0212108806617689,0.0434948728199802,0.036615497648074,0
2025-12-20,"rev_32",0.0368524526888187,0.0212108806617689,0.0434948728199802,0.036615497648074,0
2025-12-21,"rev_32",0.0368524526888187,0.0212108806617689,0.0434948728199802,0.036615497648074,0
2025-12-22,"rev_32",0.0368524526888187,0.0212108806617689,0.0434948728199802,0.036615497648074,0
2025-12-23,"rev_32",0.0368524526888187,0.0212108806617689,0.0434948728199802,0.036615497648074,0
2025-12-24,"rev_32",0.0368524526888187,0.0212108806617689,0.0434948728199802,0.036615497648074,0
2025-12-25,"rev_32",0.0368524526888187,0.0212108806617689,0.0434948728199802,0.036615497648074,0
2025-12-26,"rev_32",0.0368524526888187,0.0212108806617689,0.0434948728199802,0.036615497648074,0
2025-12-27,"rev_32",0.0368524526888187,0.0212108806617689,0.0434948728199802,0.036615497648074,0
2025-12-28,"rev_32",0.0368524526888187,0.0212108806617689,0.0434948728199802,0.036615497648074,0
2025-12-29,"rev_32",0.0368524526888187,0.0212108806617689,0.0434948728199802,0.036615497648074,0
2025-12-30,"rev_32",0.0368524526888187,0.0212108806617689,0.0434948728199802,0.036615497648074,0
2025-12-31,"rev_32",0.0368524526888187,0.0212108806617689,0.0434948728199802,0.036615497648074,0
2026-01-01,"2026_basic",0.0368524526888187,0.0212108806617689,0.0434937436353152,0.036615497648074,0
2026-01-02,"2026_basic",0.0368524526888187,0.0212108806617689,0.0434937436353152,0.036615497648074,0
2026-01-03,"2026_basic",0.0368524526888187,0.0212108806617689,0.0434937436353152,0.036615497648074,0
2026-01-04,"2026_basic",0.0368524526888187,0.0212108806617689,0.0434937436353152,0.036615497648074,0
2026-01-05,"2026_basic",0.0368524526888187,0.0212108806617689,0.0434937436353152,0.036615497648074,0
2026-01-06,"2026_basic",0.0368524526888187,0.0212108806617689,0.0434937436353152,0.036615497648074,0
2026-01-07,"2026_basic",0.0368524526888187,0.0212108806617689,0.0434937436353152,0.036615497648074,0
2026-01-08,"2026_basic",0.0368524526888187,0.0212108806617689,0.0434937436353152,0.036615497648074,0
2026-01-09,"2026_basic",0.0368524526888187,0.0212108806617689,0.0434937436353152,0.036615497648074,0
2026-01-10,"2026_basic",0.0368524526888187,0.0212108806617689,0.0434937436353152,0.036615497648074,0
2026-01-11,"2026_basic",0.0368524526888187,0.0212108806617689,0.0434937436353152,0.036615497648074,0
2026-01-12,"2026_basic",0.0368524526888187,0.0212108806617689,0.0434937436353152,0.036615497648074,0
2026-01-13,"2026_basic",0.0368524526888187,0.0212108806617689,0.0434937436353152,0.036615497648074,0
2026-01-14,"2026_basic",0.0368524526888187,0.0212108806617689,0.0434937436353152,0.036615497648074,0
2026-01-15,"2026_basic",0.0368524526888187,0.0212108806617689,0.0434937436353152,0.036615497648074,0
2026-01-16,"2026_rev_1",0.0368524526888187,0.0212108806617689,0.0434937436353152,0.036615497648074,0
2026-01-17,"2026_rev_1",0.0368524526888187,0.0212108806617689,0.0434937436353152,0.036615497648074,0
2026-01-18,"2026_rev_1",0.0368524526888187,0.0212108806617689,0.0434937436353152,0.036615497648074,0
2026-01-19,"2026_rev_1",0.0368524526888187,0.0212108806617689,0.0434937436353152,0.036615497648074,0
2026-01-20,"2026_rev_1",0.0368524526888187,0.0212108806617689,0.0434937436353152,0.036615497648074,0
2026-01-21,"2026_rev_1",0.0368524526888187,0.0212108806617689,0.0434937436353152,0.036615497648074,0
2026-01-22,"2026_rev_1",0.0368524526888187,0.0212108806617689,0.0434937436353152,0.036615497648074,0
2026-01-23,"2026_rev_1",0.0368524526888187,0.0212108806617689,0.0434937436353152,0.036615497648074,0
2026-01-24,"2026_rev_1",0.0368524526888187,0.0212108806617689,0.0434937436353152,0.036615497648074,0
2026-01-25,"2026_rev_1",0.0368524526888187,0.0212108806617689,0.0434937436353152,0.036615497648074,0
2026-01-26,"2026_rev_1",0.0368524526888187,0.0212108806617689,0.0434937436353152,0.036615497648074,0
2026-01-27,"2026_rev_1",0.0368524526888187,0.0212108806617689,0.0434937436353152,0.036615497648074,0
2026-01-28,"2026_rev_1",0.0368524526888187,0.0212108806617689,0.0434937436353152,0.036615497648074,0
2026-01-29,"2026_rev_1",0.0368524526888187,0.0212108806617689,0.0434937436353152,0.036615497648074,0
2026-01-30,"2026_rev_2",0.0356083496642995,0.0200287513257113,0.0432322209034765,0.0355759092090365,0
2026-01-31,"2026_rev_2",0.0356083496642995,0.0200287513257113,0.0432322209034765,0.0355759092090365,0
2026-02-01,"2026_rev_2",0.0356083496642995,0.0200287513257113,0.0432322209034765,0.0355759092090365,0
2026-02-02,"2026_rev_2",0.0356083496642995,0.0200287513257113,0.0432322209034765,0.0355759092090365,0
2026-02-03,"2026_rev_2",0.0356083496642995,0.0200287513257113,0.0432322209034765,0.0355759092090365,0
2026-02-04,"2026_rev_2",0.0356083496642995,0.0200287513257113,0.0432322209034765,0.0355759092090365,0
2026-02-05,"2026_rev_2",0.0356083496642995,0.0200287513257113,0.0432322209034765,0.0355759092090365,0
2026-02-06,"2026_rev_2",0.0356083496642995,0.0200287513257113,0.0432322209034765,0.0355759092090365,0
2026-02-07,"2026_rev_2",0.0356083496642995,0.0200287513257113,0.0432322209034765,0.0355759092090365,0
2026-02-08,"2026_rev_2",0.0356083496642995,0.0200287513257113,0.0432322209034765,0.0355759092090365,0
2026-02-09,"2026_rev_2",0.0356083496642995,0.0200287513257113,0.0432322209034765,0.0355759092090365,0
2026-02-10,"2026_rev_2",0.0356083496642995,0.0200287513257113,0.0432322209034765,0.0355759092090365,0
2026-02-11,"2026_rev_2",0.0356083496642995,0.0200287513257113,0.0432322209034765,0.0355759092090365,0
2026-02-12,"2026_rev_3",0.0356108555207001,0.0200287514977788,0.040610229405761,0.0355910444118466,0
2026-02-13,"2026_rev_3",0.0356108555207001,0.0200287514977788,0.040610229405761,0.0355910444118466,0
2026-02-14,"2026_rev_3",0.0356108555207001,0.0200287514977788,0.040610229405761,0.0355910444118466,0
2026-02-15,"2026_rev_3",0.0356108555207001,0.0200287514977788,0.040610229405761,0.0355910444118466,0
2026-02-16,"2026_rev_3",0.0356108555207001,0.0200287514977788,0.040610229405761,0.0355910444118466,0
2026-02-17,"2026_rev_3",0.0356108555207001,0.0200287514977788,0.040610229405761,0.0355910444118466,0
2026-02-18,"2026_rev_3",0.0356108555207001,0.0200287514977788,0.040610229405761,0.0355910444118466,0
2026-02-19,"2026_rev_3",0.0356108555207001,0.0200287514977788,0.040610229405761,0.0355910444118466,0
2026-02-20,"2026_rev_3",0.0356108555207001,0.0200287514977788,0.040610229405761,0.0355910444118466,0
2026-02-21,"2026_rev_3",0.0356108555207001,0.0200287514977788,0.040610229405761,0.0355910444118466,0
2026-02-22,"2026_rev_3",0.0356108555207001,0.0200287514977788,0.040610229405761,0.0355910444118466,0
2026-02-23,"2026_rev_3",0.0356108555207001,0.0200287514977788,0.040610229405761,0.0355910444118466,0
2026-02-24,"2026_rev_4",0.0359474872001321,0.0200287514977788,0,0,0.0327979172528581
2026-02-25,"2026_rev_4",0.0359474872001321,0.0200287514977788,0,0,0.0327979172528581
2026-02-26,"2026_rev_4",0.0359474872001321,0.0200287514977788,0,0,0.0327979172528581
2026-02-27,"2026_rev_4",0.0359474872001321,0.0200287514977788,0,0,0.0327979172528581
2026-02-28,"2026_rev_4",0.0359474872001321,0.0200287514977788,0,0,0.0327979172528581
2026-03-01,"2026_rev_4",0.0359474872001321,0.0200287514977788,0,0,0.0327979172528581
2026-03-02,"2026_rev_4",0.0359474872001321,0.0200287514977788,0,0,0.0327979172528581
2026-03-03,"2026_rev_4",0.0359474872001321,0.0200287514977788,0,0,0.0327979172528581
2026-03-04,"2026_rev_4",0.0359474872001321,0.0200287514977788,0,0,0.0327979172528581
2026-03-05,"2026_rev_4",0.0359474872001321,0.0200287514977788,0,0,0.0327979172528581
2026-03-06,"2026_rev_4",0.0359474872001321,0.0200287514977788,0,0,0.0327979172528581
2026-03-07,"2026_rev_4",0.0359474872001321,0.0200287514977788,0,0,0.0327979172528581
2026-03-08,"2026_rev_4",0.0359474872001321,0.0200287514977788,0,0,0.0327979172528581
2026-03-09,"2026_rev_4",0.0359474872001321,0.0200287514977788,0,0,0.0327979172528581
2026-03-10,"2026_rev_4",0.0359474872001321,0.0200287514977788,0,0,0.0327979172528581
2026-03-11,"2026_rev_4",0.0359474872001321,0.0200287514977788,0,0,0.0327979172528581
2026-03-12,"2026_rev_4",0.0359474872001321,0.0200287514977788,0,0,0.0327979172528581
2026-03-13,"2026_rev_4",0.0359474872001321,0.0200287514977788,0,0,0.0327979172528581
2026-03-14,"2026_rev_4",0.0359474872001321,0.0200287514977788,0,0,0.0327979172528581
2026-03-15,"2026_rev_4",0.0359474872001321,0.0200287514977788,0,0,0.0327979172528581
2026-03-16,"2026_rev_4",0.0359474872001321,0.0200287514977788,0,0,0.0327979172528581
2026-03-17,"2026_rev_4",0.0359474872001321,0.0200287514977788,0,0,0.0327979172528581
2026-03-18,"2026_rev_4",0.0359474872001321,0.0200287514977788,0,0,0.0327979172528581

# Figure 4. Daily Effective Tariff Rate by Authority
# Import-weighted ETR decomposed by tariff authority
# Source: The Budget Lab Tariff Rate Tracker (USITC HTS data, Census 2024 import weights)
# Note: Authorities: Section 232 (steel/aluminum/autos), Section 301 (China), IEEPA (reciprocal/fentanyl), Section 122 (post-SCOTUS). Section 201 omitted (negligible). 
