"Date","Weighted ETR"
2025-01-01,
2025-01-02,
2025-01-03,
2025-01-04,
2025-01-05,
2025-01-06,
2025-01-07,
2025-01-08,
2025-01-09,
2025-01-10,
2025-01-11,
2025-01-12,
2025-01-13,
2025-01-14,
2025-01-15,
2025-01-16,
2025-01-17,
2025-01-18,
2025-01-19,
2025-01-20,
2025-01-21,
2025-01-22,
2025-01-23,
2025-01-24,
2025-01-25,
2025-01-26,
2025-01-27,
2025-01-28,
2025-01-29,
2025-01-30,
2025-01-31,
2025-02-01,
2025-02-02,
2025-02-03,
2025-02-04,
2025-02-05,
2025-02-06,
2025-02-07,
2025-02-08,
2025-02-09,
2025-02-10,
2025-02-11,
2025-02-12,
2025-02-13,
2025-02-14,
2025-02-15,
2025-02-16,
2025-02-17,
2025-02-18,
2025-02-19,
2025-02-20,
2025-02-21,
2025-02-22,
2025-02-23,
2025-02-24,
2025-02-25,
2025-02-26,
2025-02-27,
2025-02-28,
2025-03-01,
2025-03-02,
2025-03-03,
2025-03-04,0.0560729593229968
2025-03-05,0.0561025213437736
2025-03-06,0.0561025213437736
2025-03-07,0.0561025213437736
2025-03-08,0.0561025213437736
2025-03-09,0.0561025213437736
2025-03-10,0.0561025213437736
2025-03-11,0.0561025213437736
2025-03-12,0.077841541973282
2025-03-13,0.077841541973282
2025-03-14,0.077841541973282
2025-03-15,0.077841541973282
2025-03-16,0.077841541973282
2025-03-17,0.077841541973282
2025-03-18,0.077841541973282
2025-03-19,0.077841541973282
2025-03-20,0.077841541973282
2025-03-21,0.077841541973282
2025-03-22,0.077841541973282
2025-03-23,0.077841541973282
2025-03-24,0.077841541973282
2025-03-25,0.077841541973282
2025-03-26,0.077841541973282
2025-03-27,0.077841541973282
2025-03-28,0.077841541973282
2025-03-29,0.077841541973282
2025-03-30,0.077841541973282
2025-03-31,0.077841541973282
2025-04-01,0.077841541973282
2025-04-02,0.130731586534061
2025-04-03,0.166326003027377
2025-04-04,0.166326003027377
2025-04-05,0.195493804441503
2025-04-06,0.195493804441503
2025-04-07,0.195493804441503
2025-04-08,0.195493804441503
2025-04-09,0.195417409085063
2025-04-10,0.195417409085063
2025-04-11,0.209919098428577
2025-04-12,0.209919098428577
2025-04-13,0.209919098428577
2025-04-14,0.132202578837383
2025-04-15,0.132202578837383
2025-04-16,0.132202578837383
2025-04-17,0.132202578837383
2025-04-18,0.132202578837383
2025-04-19,0.132202578837383
2025-04-20,0.132202578837383
2025-04-21,0.132202578837383
2025-04-22,0.132202578837383
2025-04-23,0.132202578837383
2025-04-24,0.132202578837383
2025-04-25,0.132202578837383
2025-04-26,0.132202578837383
2025-04-27,0.132202578837383
2025-04-28,0.132202578837383
2025-04-29,0.132202578837383
2025-04-30,0.132202578837383
2025-05-01,0.132202578837383
2025-05-02,0.142712980963036
2025-05-03,0.142712980963036
2025-05-04,0.142712980963036
2025-05-05,0.142712980963036
2025-05-06,0.142712980963036
2025-05-07,0.142712980963036
2025-05-08,0.142712980963036
2025-05-09,0.142712980963036
2025-05-10,0.142712980963036
2025-05-11,0.142712980963036
2025-05-12,0.142712980963036
2025-05-13,0.142712980963036
2025-05-14,0.142789376319476
2025-05-15,0.142789376319476
2025-05-16,0.142789376319476
2025-05-17,0.142789376319476
2025-05-18,0.142789376319476
2025-05-19,0.142789376319476
2025-05-20,0.142789376319476
2025-05-21,0.142789376319476
2025-05-22,0.142789376319476
2025-05-23,0.142789376319476
2025-05-24,0.142789376319476
2025-05-25,0.142789376319476
2025-05-26,0.142789376319476
2025-05-27,0.142789376319476
2025-05-28,0.142789376319476
2025-05-29,0.142789376319476
2025-05-30,0.142789376319476
2025-05-31,0.142789376319476
2025-06-01,0.142789376319476
2025-06-02,0.142789376319476
2025-06-03,0.142789376319476
2025-06-04,0.140313167827641
2025-06-05,0.140313167827641
2025-06-06,0.140313167827641
2025-06-07,0.140313167827641
2025-06-08,0.140313167827641
2025-06-09,0.140313167827641
2025-06-10,0.140313167827641
2025-06-11,0.140313167827641
2025-06-12,0.140313167827641
2025-06-13,0.140313167827641
2025-06-14,0.140313167827641
2025-06-15,0.140313167827641
2025-06-16,0.140313167827641
2025-06-17,0.140313167827641
2025-06-18,0.140313167827641
2025-06-19,0.140313167827641
2025-06-20,0.140313167827641
2025-06-21,0.140313167827641
2025-06-22,0.140313167827641
2025-06-23,0.140313167827641
2025-06-24,0.140313167827641
2025-06-25,0.140313167827641
2025-06-26,0.140313167827641
2025-06-27,0.140313167827641
2025-06-28,0.140313167827641
2025-06-29,0.140313167827641
2025-06-30,0.140313167827641
2025-07-01,0.14117522146059
2025-07-02,0.14117522146059
2025-07-03,0.14117522146059
2025-07-04,0.14117522146059
2025-07-05,0.14117522146059
2025-07-06,0.14117522146059
2025-07-07,0.14117522146059
2025-07-08,0.14117522146059
2025-07-09,0.14117522146059
2025-07-10,0.14117522146059
2025-07-11,0.14117522146059
2025-07-12,0.14117522146059
2025-07-13,0.14117522146059
2025-07-14,0.14117522146059
2025-07-15,0.14117522146059
2025-07-16,0.14117522146059
2025-07-17,0.14117522146059
2025-07-18,0.14117522146059
2025-07-19,0.14117522146059
2025-07-20,0.14117522146059
2025-07-21,0.14117522146059
2025-07-22,0.14117522146059
2025-07-23,0.14117522146059
2025-07-24,0.14117522146059
2025-07-25,0.14117522146059
2025-07-26,0.14117522146059
2025-07-27,0.14117522146059
2025-07-28,0.14117522146059
2025-07-29,0.14117522146059
2025-07-30,0.14117522146059
2025-07-31,0.14117522146059
2025-08-01,0.14117522146059
2025-08-02,0.14117522146059
2025-08-03,0.14117522146059
2025-08-04,0.14117522146059
2025-08-05,0.14117522146059
2025-08-06,0.14117522146059
2025-08-07,0.154347185527656
2025-08-08,0.154347185527656
2025-08-09,0.154347185527656
2025-08-10,0.154347185527656
2025-08-11,0.154347185527656
2025-08-12,0.154347185527656
2025-08-13,0.154347185527656
2025-08-14,0.154347185527656
2025-08-15,0.154347185527656
2025-08-16,0.154347185527656
2025-08-17,0.154347185527656
2025-08-18,0.154347185527656
2025-08-19,0.154347185527656
2025-08-20,0.156965210547705
2025-08-21,0.156965210547705
2025-08-22,0.156965210547705
2025-08-23,0.156965210547705
2025-08-24,0.156965210547705
2025-08-25,0.156965210547705
2025-08-26,0.156965210547705
2025-08-27,0.156965210547705
2025-08-28,0.156965210547705
2025-08-29,0.156965210547705
2025-08-30,0.156965210547705
2025-08-31,0.156965210547705
2025-09-01,0.156965210547705
2025-09-02,0.156965210547705
2025-09-03,0.156965210547705
2025-09-04,0.156965210547705
2025-09-05,0.156965210547705
2025-09-06,0.156965210547705
2025-09-07,0.156965210547705
2025-09-08,0.156965210547705
2025-09-09,0.156965210547705
2025-09-10,0.156965210547705
2025-09-11,0.156965210547705
2025-09-12,0.154987290476626
2025-09-13,0.154987290476626
2025-09-14,0.154987290476626
2025-09-15,0.154987290476626
2025-09-16,0.154987290476626
2025-09-17,0.154987290476626
2025-09-18,0.154987290476626
2025-09-19,0.152432950741588
2025-09-20,0.152432950741588
2025-09-21,0.152432950741588
2025-09-22,0.152432950741588
2025-09-23,0.152432950741588
2025-09-24,0.152432950741588
2025-09-25,0.152432950741588
2025-09-26,0.152920100537803
2025-09-27,0.152920100537803
2025-09-28,0.152920100537803
2025-09-29,0.152920100537803
2025-09-30,0.152920100537803
2025-10-01,0.152920100537803
2025-10-02,0.152920100537803
2025-10-03,0.152920100537803
2025-10-04,0.152920100537803
2025-10-05,0.152920100537803
2025-10-06,0.154033640239277
2025-10-07,0.154033640239277
2025-10-08,0.154033640239277
2025-10-09,0.154033640239277
2025-10-10,0.154033640239277
2025-10-11,0.154033640239277
2025-10-12,0.154033640239277
2025-10-13,0.154033640239277
2025-10-14,0.154033640239277
2025-10-15,0.140728223392544
2025-10-16,0.140728223392544
2025-10-17,0.140728223392544
2025-10-18,0.140728223392544
2025-10-19,0.140728223392544
2025-10-20,0.140728223392544
2025-10-21,0.140728223392544
2025-10-22,0.140728223392544
2025-10-23,0.140728223392544
2025-10-24,0.140728223392544
2025-10-25,0.140728223392544
2025-10-26,0.140728223392544
2025-10-27,0.140728223392544
2025-10-28,0.140728223392544
2025-10-29,0.140728223392544
2025-10-30,0.140728223392544
2025-10-31,0.140728223392544
2025-11-01,0.140728223392544
2025-11-02,0.140728223392544
2025-11-03,0.140728223392544
2025-11-04,0.140728223392544
2025-11-05,0.140728223392544
2025-11-06,0.140728223392544
2025-11-07,0.140728223392544
2025-11-08,0.140728223392544
2025-11-09,0.140728223392544
2025-11-10,0.140728223392544
2025-11-11,0.140728223392544
2025-11-12,0.140728223392544
2025-11-13,0.140728223392544
2025-11-14,0.140728223392544
2025-11-15,0.13812697866111
2025-11-16,0.13812697866111
2025-11-17,0.13812697866111
2025-11-18,0.13812697866111
2025-11-19,0.13812697866111
2025-11-20,0.13812697866111
2025-11-21,0.13812697866111
2025-11-22,0.13812697866111
2025-11-23,0.13812697866111
2025-11-24,0.13812697866111
2025-11-25,0.13812697866111
2025-11-26,0.13812697866111
2025-11-27,0.13812697866111
2025-11-28,0.13812697866111
2025-11-29,0.13812697866111
2025-11-30,0.13812697866111
2025-12-01,0.13812697866111
2025-12-02,0.13812697866111
2025-12-03,0.13812697866111
2025-12-04,0.13812697866111
2025-12-05,0.13812697866111
2025-12-06,0.13812697866111
2025-12-07,0.13812697866111
2025-12-08,0.13812697866111
2025-12-09,0.13812697866111
2025-12-10,0.13812697866111
2025-12-11,0.13812697866111
2025-12-12,0.13812697866111
2025-12-13,0.13812697866111
2025-12-14,0.13812697866111
2025-12-15,0.13812697866111
2025-12-16,0.13812697866111
2025-12-17,0.13812697866111
2025-12-18,0.13812697866111
2025-12-19,0.13812697866111
2025-12-20,0.13812697866111
2025-12-21,0.13812697866111
2025-12-22,0.13812697866111
2025-12-23,0.13812697866111
2025-12-24,0.13812697866111
2025-12-25,0.13812697866111
2025-12-26,0.13812697866111
2025-12-27,0.13812697866111
2025-12-28,0.13812697866111
2025-12-29,0.13812697866111
2025-12-30,0.13812697866111
2025-12-31,0.13812697866111
2026-01-01,0.138125848631788
2026-01-02,0.138125848631788
2026-01-03,0.138125848631788
2026-01-04,0.138125848631788
2026-01-05,0.138125848631788
2026-01-06,0.138125848631788
2026-01-07,0.138125848631788
2026-01-08,0.138125848631788
2026-01-09,0.138125848631788
2026-01-10,0.138125848631788
2026-01-11,0.138125848631788
2026-01-12,0.138125848631788
2026-01-13,0.138125848631788
2026-01-14,0.138125848631788
2026-01-15,0.138125848631788
2026-01-16,0.138125848631788
2026-01-17,0.138125848631788
2026-01-18,0.138125848631788
2026-01-19,0.138125848631788
2026-01-20,0.138125848631788
2026-01-21,0.138125848631788
2026-01-22,0.138125848631788
2026-01-23,0.138125848631788
2026-01-24,0.138125848631788
2026-01-25,0.138125848631788
2026-01-26,0.138125848631788
2026-01-27,0.138125848631788
2026-01-28,0.138125848631788
2026-01-29,0.138125848631788
2026-01-30,0.13434987309868
2026-01-31,0.13434987309868
2026-02-01,0.13434987309868
2026-02-02,0.13434987309868
2026-02-03,0.13434987309868
2026-02-04,0.13434987309868
2026-02-05,0.13434987309868
2026-02-06,0.13434987309868
2026-02-07,0.13434987309868
2026-02-08,0.13434987309868
2026-02-09,0.13434987309868
2026-02-10,0.13434987309868
2026-02-11,0.13434987309868
2026-02-12,0.131817638762157
2026-02-13,0.131817638762157
2026-02-14,0.131817638762157
2026-02-15,0.131817638762157
2026-02-16,0.131817638762157
2026-02-17,0.131817638762157
2026-02-18,0.131817638762157
2026-02-19,0.131817638762157
2026-02-20,0.106318456053298
2026-02-21,0.106318456053298
2026-02-22,0.106318456053298
2026-02-23,0.106318456053298
2026-02-24,0.106318456053298
2026-02-25,0.106318456053298
2026-02-26,0.106318456053298
2026-02-27,0.106318456053298
2026-02-28,0.106318456053298
2026-03-01,0.106318456053298
2026-03-02,0.106318456053298
2026-03-03,0.106318456053298
2026-03-04,0.106318456053298
2026-03-05,0.106318456053298
2026-03-06,0.106318456053298
2026-03-07,0.106318456053298
2026-03-08,0.106318456053298
2026-03-09,0.106318456053298
2026-03-10,0.106318456053298
2026-03-11,0.106318456053298
2026-03-12,0.106318456053298
2026-03-13,0.106318456053298
2026-03-14,0.106318456053298
2026-03-15,0.106318456053298
2026-03-16,0.106318456053298
2026-03-17,0.106318456053298
2026-03-18,0.106318456053298
2026-03-19,0.106318456053298
2026-03-20,0.106318456053298
2026-03-21,0.106318456053298
2026-03-22,0.106318456053298
2026-03-23,0.106318456053298
2026-03-24,0.106318456053298
2026-03-25,0.106318456053298
2026-03-26,0.106318456053298
2026-03-27,0.106318456053298
2026-03-28,0.106318456053298
2026-03-29,0.106318456053298
2026-03-30,0.106318456053298
2026-03-31,0.106318456053298
2026-04-01,0.106318456053298

# Figure 1. Daily Effective Tariff Rate (Import-Weighted)
# Overall import-weighted effective tariff rate by calendar day
# Source: The Budget Lab Tariff Rate Tracker (USITC HTS data; Census 2024 import weights)
# Note: Vertical lines indicate major policy changes. Rates change only at policy revision boundaries. 
